TYPENAME,,0DimWDT,,Dimension,,,,,,,
,,Definition,,,,,,,,,
,,PropertyType,,PropertyName,,PropertyScope.Value,,,,,
PROPERTY,,STRING,,Name,,Dimension.Name,,,,,
PROPERTY,,DIMENSION,,Width,,Dimension.Width,,,,,
PROPERTY,,DIMENSION,,Depth,,Dimension.Depth,,,,,
PROPERTY,,DIMENSION,,Thickness,,Dimension.Thickness,,,,,
,,Presets,,,,,,,,,
TAGPATHS,DataType=ID,ID,DataType=TG_MyNode+CategoryPath,TG_MyNode+CategoryPath,DataType=Properties,Dimension.Name,Dimension.Width,Dimension.Depth,Dimension.Thickness,DataType=TG_Parent Node+CategoryPath,TG_ParentNode+CategoryPath
PRESET,,0DimWDT --> LAngle-12inW-12inD-1.38inT,,0DimWDT --> LAngle,,L12X12X1-3/8,12in,12in,1.38in,,2ExtrudedProfile --> Beam/Column --> SteelL
PRESET,,0DimWDT --> LAngle-12inW-12inD-1.25inT,,0DimWDT --> LAngle,,L12X12X1-1/4,12in,12in,1.25in,,2ExtrudedProfile --> Beam/Column --> SteelL
PRESET,,0DimWDT --> LAngle-12inW-12inD-1.13inT,,0DimWDT --> LAngle,,L12X12X1-1/8,12in,12in,1.13in,,2ExtrudedProfile --> Beam/Column --> SteelL
PRESET,,0DimWDT --> LAngle-12inW-12inD-1inT,,0DimWDT --> LAngle,,L12X12X1,12in,12in,1in,,2ExtrudedProfile --> Beam/Column --> SteelL
PRESET,,0DimWDT --> LAngle-10inW-10inD-1.38inT,,0DimWDT --> LAngle,,L10X10X1-3/8,10in,10in,1.38in,,2ExtrudedProfile --> Beam/Column --> SteelL
PRESET,,0DimWDT --> LAngle-10inW-10inD-1.25inT,,0DimWDT --> LAngle,,L10X10X1-1/4,10in,10in,1.25in,,2ExtrudedProfile --> Beam/Column --> SteelL
PRESET,,0DimWDT --> LAngle-10inW-10inD-1.13inT,,0DimWDT --> LAngle,,L10X10X1-1/8,10in,10in,1.13in,,2ExtrudedProfile --> Beam/Column --> SteelL
PRESET,,0DimWDT --> LAngle-10inW-10inD-1inT,,0DimWDT --> LAngle,,L10X10X1,10in,10in,1in,,2ExtrudedProfile --> Beam/Column --> SteelL
PRESET,,0DimWDT --> LAngle-10inW-10inD-0.875inT,,0DimWDT --> LAngle,,L10X10X7/8,10in,10in,0.875in,,2ExtrudedProfile --> Beam/Column --> SteelL
PRESET,,0DimWDT --> LAngle-10inW-10inD-0.75inT,,0DimWDT --> LAngle,,L10X10X3/4,10in,10in,0.75in,,2ExtrudedProfile --> Beam/Column --> SteelL
PRESET,,0DimWDT --> LAngle-8inW-8inD-1.13inT,,0DimWDT --> LAngle,,L8X8X1-1/8,8in,8in,1.13in,,2ExtrudedProfile --> Beam/Column --> SteelL
PRESET,,0DimWDT --> LAngle-8inW-8inD-1inT,,0DimWDT --> LAngle,,L8X8X1,8in,8in,1in,,2ExtrudedProfile --> Beam/Column --> SteelL
PRESET,,0DimWDT --> LAngle-8inW-8inD-0.875inT,,0DimWDT --> LAngle,,L8X8X7/8,8in,8in,0.875in,,2ExtrudedProfile --> Beam/Column --> SteelL
PRESET,,0DimWDT --> LAngle-8inW-8inD-0.75inT,,0DimWDT --> LAngle,,L8X8X3/4,8in,8in,0.75in,,2ExtrudedProfile --> Beam/Column --> SteelL
PRESET,,0DimWDT --> LAngle-8inW-8inD-0.625inT,,0DimWDT --> LAngle,,L8X8X5/8,8in,8in,0.625in,,2ExtrudedProfile --> Beam/Column --> SteelL
PRESET,,0DimWDT --> LAngle-8inW-8inD-0.563inT,,0DimWDT --> LAngle,,L8X8X9/16,8in,8in,0.563in,,2ExtrudedProfile --> Beam/Column --> SteelL
PRESET,,0DimWDT --> LAngle-8inW-8inD-0.5inT,,0DimWDT --> LAngle,,L8X8X1/2,8in,8in,0.5in,,2ExtrudedProfile --> Beam/Column --> SteelL
PRESET,,0DimWDT --> LAngle-8inW-6inD-1inT,,0DimWDT --> LAngle,,L8X6X1,8in,6in,1in,,2ExtrudedProfile --> Beam/Column --> SteelL
PRESET,,0DimWDT --> LAngle-8inW-6inD-0.875inT,,0DimWDT --> LAngle,,L8X6X7/8,8in,6in,0.875in,,2ExtrudedProfile --> Beam/Column --> SteelL
PRESET,,0DimWDT --> LAngle-8inW-6inD-0.75inT,,0DimWDT --> LAngle,,L8X6X3/4,8in,6in,0.75in,,2ExtrudedProfile --> Beam/Column --> SteelL
PRESET,,0DimWDT --> LAngle-8inW-6inD-0.625inT,,0DimWDT --> LAngle,,L8X6X5/8,8in,6in,0.625in,,2ExtrudedProfile --> Beam/Column --> SteelL
PRESET,,0DimWDT --> LAngle-8inW-6inD-0.563inT,,0DimWDT --> LAngle,,L8X6X9/16,8in,6in,0.563in,,2ExtrudedProfile --> Beam/Column --> SteelL
PRESET,,0DimWDT --> LAngle-8inW-6inD-0.5inT,,0DimWDT --> LAngle,,L8X6X1/2,8in,6in,0.5in,,2ExtrudedProfile --> Beam/Column --> SteelL
PRESET,,0DimWDT --> LAngle-8inW-6inD-0.438inT,,0DimWDT --> LAngle,,L8X6X7/16,8in,6in,0.438in,,2ExtrudedProfile --> Beam/Column --> SteelL
PRESET,,0DimWDT --> LAngle-8inW-4inD-1inT,,0DimWDT --> LAngle,,L8X4X1,8in,4in,1in,,2ExtrudedProfile --> Beam/Column --> SteelL
PRESET,,0DimWDT --> LAngle-8inW-4inD-0.875inT,,0DimWDT --> LAngle,,L8X4X7/8,8in,4in,0.875in,,2ExtrudedProfile --> Beam/Column --> SteelL
PRESET,,0DimWDT --> LAngle-8inW-4inD-0.75inT,,0DimWDT --> LAngle,,L8X4X3/4,8in,4in,0.75in,,2ExtrudedProfile --> Beam/Column --> SteelL
PRESET,,0DimWDT --> LAngle-8inW-4inD-0.625inT,,0DimWDT --> LAngle,,L8X4X5/8,8in,4in,0.625in,,2ExtrudedProfile --> Beam/Column --> SteelL
PRESET,,0DimWDT --> LAngle-8inW-4inD-0.563inT,,0DimWDT --> LAngle,,L8X4X9/16,8in,4in,0.563in,,2ExtrudedProfile --> Beam/Column --> SteelL
PRESET,,0DimWDT --> LAngle-8inW-4inD-0.5inT,,0DimWDT --> LAngle,,L8X4X1/2,8in,4in,0.5in,,2ExtrudedProfile --> Beam/Column --> SteelL
PRESET,,0DimWDT --> LAngle-8inW-4inD-0.438inT,,0DimWDT --> LAngle,,L8X4X7/16,8in,4in,0.438in,,2ExtrudedProfile --> Beam/Column --> SteelL
PRESET,,0DimWDT --> LAngle-7inW-4inD-0.75inT,,0DimWDT --> LAngle,,L7X4X3/4,7in,4in,0.75in,,2ExtrudedProfile --> Beam/Column --> SteelL
PRESET,,0DimWDT --> LAngle-7inW-4inD-0.625inT,,0DimWDT --> LAngle,,L7X4X5/8,7in,4in,0.625in,,2ExtrudedProfile --> Beam/Column --> SteelL
PRESET,,0DimWDT --> LAngle-7inW-4inD-0.5inT,,0DimWDT --> LAngle,,L7X4X1/2,7in,4in,0.5in,,2ExtrudedProfile --> Beam/Column --> SteelL
PRESET,,0DimWDT --> LAngle-7inW-4inD-0.438inT,,0DimWDT --> LAngle,,L7X4X7/16,7in,4in,0.438in,,2ExtrudedProfile --> Beam/Column --> SteelL
PRESET,,0DimWDT --> LAngle-7inW-4inD-0.375inT,,0DimWDT --> LAngle,,L7X4X3/8,7in,4in,0.375in,,2ExtrudedProfile --> Beam/Column --> SteelL
PRESET,,0DimWDT --> LAngle-6inW-6inD-1inT,,0DimWDT --> LAngle,,L6X6X1,6in,6in,1in,,2ExtrudedProfile --> Beam/Column --> SteelL
PRESET,,0DimWDT --> LAngle-6inW-6inD-0.875inT,,0DimWDT --> LAngle,,L6X6X7/8,6in,6in,0.875in,,2ExtrudedProfile --> Beam/Column --> SteelL
PRESET,,0DimWDT --> LAngle-6inW-6inD-0.75inT,,0DimWDT --> LAngle,,L6X6X3/4,6in,6in,0.75in,,2ExtrudedProfile --> Beam/Column --> SteelL
PRESET,,0DimWDT --> LAngle-6inW-6inD-0.625inT,,0DimWDT --> LAngle,,L6X6X5/8,6in,6in,0.625in,,2ExtrudedProfile --> Beam/Column --> SteelL
PRESET,,0DimWDT --> LAngle-6inW-6inD-0.563inT,,0DimWDT --> LAngle,,L6X6X9/16,6in,6in,0.563in,,2ExtrudedProfile --> Beam/Column --> SteelL
PRESET,,0DimWDT --> LAngle-6inW-6inD-0.5inT,,0DimWDT --> LAngle,,L6X6X1/2,6in,6in,0.5in,,2ExtrudedProfile --> Beam/Column --> SteelL
PRESET,,0DimWDT --> LAngle-6inW-6inD-0.438inT,,0DimWDT --> LAngle,,L6X6X7/16,6in,6in,0.438in,,2ExtrudedProfile --> Beam/Column --> SteelL
PRESET,,0DimWDT --> LAngle-6inW-6inD-0.375inT,,0DimWDT --> LAngle,,L6X6X3/8,6in,6in,0.375in,,2ExtrudedProfile --> Beam/Column --> SteelL
PRESET,,0DimWDT --> LAngle-6inW-6inD-0.313inT,,0DimWDT --> LAngle,,L6X6X5/16,6in,6in,0.313in,,2ExtrudedProfile --> Beam/Column --> SteelL
PRESET,,0DimWDT --> LAngle-6inW-4inD-0.875inT,,0DimWDT --> LAngle,,L6X4X7/8,6in,4in,0.875in,,2ExtrudedProfile --> Beam/Column --> SteelL
PRESET,,0DimWDT --> LAngle-6inW-4inD-0.75inT,,0DimWDT --> LAngle,,L6X4X3/4,6in,4in,0.75in,,2ExtrudedProfile --> Beam/Column --> SteelL
PRESET,,0DimWDT --> LAngle-6inW-4inD-0.625inT,,0DimWDT --> LAngle,,L6X4X5/8,6in,4in,0.625in,,2ExtrudedProfile --> Beam/Column --> SteelL
PRESET,,0DimWDT --> LAngle-6inW-4inD-0.563inT,,0DimWDT --> LAngle,,L6X4X9/16,6in,4in,0.563in,,2ExtrudedProfile --> Beam/Column --> SteelL
PRESET,,0DimWDT --> LAngle-6inW-4inD-0.5inT,,0DimWDT --> LAngle,,L6X4X1/2,6in,4in,0.5in,,2ExtrudedProfile --> Beam/Column --> SteelL
PRESET,,0DimWDT --> LAngle-6inW-4inD-0.438inT,,0DimWDT --> LAngle,,L6X4X7/16,6in,4in,0.438in,,2ExtrudedProfile --> Beam/Column --> SteelL
PRESET,,0DimWDT --> LAngle-6inW-4inD-0.375inT,,0DimWDT --> LAngle,,L6X4X3/8,6in,4in,0.375in,,2ExtrudedProfile --> Beam/Column --> SteelL
PRESET,,0DimWDT --> LAngle-6inW-4inD-0.313inT,,0DimWDT --> LAngle,,L6X4X5/16,6in,4in,0.313in,,2ExtrudedProfile --> Beam/Column --> SteelL
PRESET,,0DimWDT --> LAngle-6inW-3.5inD-0.5inT,,0DimWDT --> LAngle,,L6X3-1/2X1/2,6in,3.5in,0.5in,,2ExtrudedProfile --> Beam/Column --> SteelL
PRESET,,0DimWDT --> LAngle-6inW-3.5inD-0.375inT,,0DimWDT --> LAngle,,L6X3-1/2X3/8,6in,3.5in,0.375in,,2ExtrudedProfile --> Beam/Column --> SteelL
PRESET,,0DimWDT --> LAngle-6inW-3.5inD-0.313inT,,0DimWDT --> LAngle,,L6X3-1/2X5/16,6in,3.5in,0.313in,,2ExtrudedProfile --> Beam/Column --> SteelL
PRESET,,0DimWDT --> LAngle-5inW-5inD-0.875inT,,0DimWDT --> LAngle,,L5X5X7/8,5in,5in,0.875in,,2ExtrudedProfile --> Beam/Column --> SteelL
PRESET,,0DimWDT --> LAngle-5inW-5inD-0.75inT,,0DimWDT --> LAngle,,L5X5X3/4,5in,5in,0.75in,,2ExtrudedProfile --> Beam/Column --> SteelL
PRESET,,0DimWDT --> LAngle-5inW-5inD-0.625inT,,0DimWDT --> LAngle,,L5X5X5/8,5in,5in,0.625in,,2ExtrudedProfile --> Beam/Column --> SteelL
PRESET,,0DimWDT --> LAngle-5inW-5inD-0.5inT,,0DimWDT --> LAngle,,L5X5X1/2,5in,5in,0.5in,,2ExtrudedProfile --> Beam/Column --> SteelL
PRESET,,0DimWDT --> LAngle-5inW-5inD-0.438inT,,0DimWDT --> LAngle,,L5X5X7/16,5in,5in,0.438in,,2ExtrudedProfile --> Beam/Column --> SteelL
PRESET,,0DimWDT --> LAngle-5inW-5inD-0.375inT,,0DimWDT --> LAngle,,Cream 1,5in,5in,0.375in,,2ExtrudedProfile --> Beam/Column --> SteelL
PRESET,,0DimWDT --> LAngle-5inW-5inD-0.313inT,,0DimWDT --> LAngle,,L5X5X5/16,5in,5in,0.313in,,2ExtrudedProfile --> Beam/Column --> SteelL
PRESET,,0DimWDT --> LAngle-5inW-3.5inD-0.75inT,,0DimWDT --> LAngle,,L5X3-1/2X3/4,5in,3.5in,0.75in,,2ExtrudedProfile --> Beam/Column --> SteelL
PRESET,,0DimWDT --> LAngle-5inW-3.5inD-0.625inT,,0DimWDT --> LAngle,,L5X3-1/2X5/8,5in,3.5in,0.625in,,2ExtrudedProfile --> Beam/Column --> SteelL
PRESET,,0DimWDT --> LAngle-5inW-3.5inD-0.5inT,,0DimWDT --> LAngle,,L5X3-1/2X1/2,5in,3.5in,0.5in,,2ExtrudedProfile --> Beam/Column --> SteelL
PRESET,,0DimWDT --> LAngle-5inW-3.5inD-0.375inT,,0DimWDT --> LAngle,,L5X3-1/2X3/8,5in,3.5in,0.375in,,2ExtrudedProfile --> Beam/Column --> SteelL
PRESET,,0DimWDT --> LAngle-5inW-3.5inD-0.313inT,,0DimWDT --> LAngle,,L5X3-1/2X5/16,5in,3.5in,0.313in,,2ExtrudedProfile --> Beam/Column --> SteelL
PRESET,,0DimWDT --> LAngle-5inW-3.5inD-0.25inT,,0DimWDT --> LAngle,,L5X3-1/2X1/4,5in,3.5in,0.25in,,2ExtrudedProfile --> Beam/Column --> SteelL
PRESET,,0DimWDT --> LAngle-5inW-3inD-0.5inT,,0DimWDT --> LAngle,,L5X3X1/2,5in,3in,0.5in,,2ExtrudedProfile --> Beam/Column --> SteelL
PRESET,,0DimWDT --> LAngle-5inW-3inD-0.438inT,,0DimWDT --> LAngle,,L5X3X7/16,5in,3in,0.438in,,2ExtrudedProfile --> Beam/Column --> SteelL
PRESET,,0DimWDT --> LAngle-5inW-3inD-0.375inT,,0DimWDT --> LAngle,,L5X3X3/8,5in,3in,0.375in,,2ExtrudedProfile --> Beam/Column --> SteelL
PRESET,,0DimWDT --> LAngle-5inW-3inD-0.313inT,,0DimWDT --> LAngle,,L5X3X5/16,5in,3in,0.313in,,2ExtrudedProfile --> Beam/Column --> SteelL
PRESET,,0DimWDT --> LAngle-5inW-3inD-0.25inT,,0DimWDT --> LAngle,,L5X3X1/4,5in,3in,0.25in,,2ExtrudedProfile --> Beam/Column --> SteelL
PRESET,,0DimWDT --> LAngle-4inW-4inD-0.75inT,,0DimWDT --> LAngle,,L4X4X3/4,4in,4in,0.75in,,2ExtrudedProfile --> Beam/Column --> SteelL
PRESET,,0DimWDT --> LAngle-4inW-4inD-0.625inT,,0DimWDT --> LAngle,,L4X4X5/8,4in,4in,0.625in,,2ExtrudedProfile --> Beam/Column --> SteelL
PRESET,,0DimWDT --> LAngle-4inW-4inD-0.5inT,,0DimWDT --> LAngle,,L4X4X1/2,4in,4in,0.5in,,2ExtrudedProfile --> Beam/Column --> SteelL
PRESET,,0DimWDT --> LAngle-4inW-4inD-0.438inT,,0DimWDT --> LAngle,,L4X4X7/16,4in,4in,0.438in,,2ExtrudedProfile --> Beam/Column --> SteelL
PRESET,,0DimWDT --> LAngle-4inW-4inD-0.375inT,,0DimWDT --> LAngle,,L4X4X3/8,4in,4in,0.375in,,2ExtrudedProfile --> Beam/Column --> SteelL
PRESET,,0DimWDT --> LAngle-4inW-4inD-0.313inT,,0DimWDT --> LAngle,,L4X4X5/16,4in,4in,0.313in,,2ExtrudedProfile --> Beam/Column --> SteelL
PRESET,,0DimWDT --> LAngle-4inW-4inD-0.25inT,,0DimWDT --> LAngle,,L4X4X1/4,4in,4in,0.25in,,2ExtrudedProfile --> Beam/Column --> SteelL
PRESET,,0DimWDT --> LAngle-4inW-3.5inD-0.5inT,,0DimWDT --> LAngle,,L4X3-1/2X1/2,4in,3.5in,0.5in,,2ExtrudedProfile --> Beam/Column --> SteelL
PRESET,,0DimWDT --> LAngle-4inW-3.5inD-0.375inT,,0DimWDT --> LAngle,,L4X3-1/2X3/8,4in,3.5in,0.375in,,2ExtrudedProfile --> Beam/Column --> SteelL
PRESET,,0DimWDT --> LAngle-4inW-3.5inD-0.313inT,,0DimWDT --> LAngle,,L4X3-1/2X5/16,4in,3.5in,0.313in,,2ExtrudedProfile --> Beam/Column --> SteelL
PRESET,,0DimWDT --> LAngle-4inW-3.5inD-0.25inT,,0DimWDT --> LAngle,,L4X3-1/2X1/4,4in,3.5in,0.25in,,2ExtrudedProfile --> Beam/Column --> SteelL
PRESET,,0DimWDT --> LAngle-4inW-3inD-0.625inT,,0DimWDT --> LAngle,,L4X3X5/8,4in,3in,0.625in,,2ExtrudedProfile --> Beam/Column --> SteelL
PRESET,,0DimWDT --> LAngle-4inW-3inD-0.5inT,,0DimWDT --> LAngle,,L4X3X1/2,4in,3in,0.5in,,2ExtrudedProfile --> Beam/Column --> SteelL
PRESET,,0DimWDT --> LAngle-4inW-3inD-0.375inT,,0DimWDT --> LAngle,,L4X3X3/8,4in,3in,0.375in,,2ExtrudedProfile --> Beam/Column --> SteelL
PRESET,,0DimWDT --> LAngle-4inW-3inD-0.313inT,,0DimWDT --> LAngle,,L4X3X5/16,4in,3in,0.313in,,2ExtrudedProfile --> Beam/Column --> SteelL
PRESET,,0DimWDT --> LAngle-4inW-3inD-0.25inT,,0DimWDT --> LAngle,,L4X3X1/4,4in,3in,0.25in,,2ExtrudedProfile --> Beam/Column --> SteelL
PRESET,,0DimWDT --> LAngle-3.5inW-3.5inD-0.5inT,,0DimWDT --> LAngle,,L3-1/2X3-1/2X1/2,3.5in,3.5in,0.5in,,2ExtrudedProfile --> Beam/Column --> SteelL
PRESET,,0DimWDT --> LAngle-3.5inW-3.5inD-0.438inT,,0DimWDT --> LAngle,,L3-1/2X3-1/2X7/16,3.5in,3.5in,0.438in,,2ExtrudedProfile --> Beam/Column --> SteelL
PRESET,,0DimWDT --> LAngle-3.5inW-3.5inD-0.375inT,,0DimWDT --> LAngle,,L3-1/2X3-1/2X3/8,3.5in,3.5in,0.375in,,2ExtrudedProfile --> Beam/Column --> SteelL
PRESET,,0DimWDT --> LAngle-3.5inW-3.5inD-0.313inT,,0DimWDT --> LAngle,,L3-1/2X3-1/2X5/16,3.5in,3.5in,0.313in,,2ExtrudedProfile --> Beam/Column --> SteelL
PRESET,,0DimWDT --> LAngle-3.5inW-3.5inD-0.25inT,,0DimWDT --> LAngle,,L3-1/2X3-1/2X1/4,3.5in,3.5in,0.25in,,2ExtrudedProfile --> Beam/Column --> SteelL
PRESET,,0DimWDT --> LAngle-3.5inW-3inD-0.5inT,,0DimWDT --> LAngle,,L3-1/2X3X1/2,3.5in,3in,0.5in,,2ExtrudedProfile --> Beam/Column --> SteelL
PRESET,,0DimWDT --> LAngle-3.5inW-3inD-0.438inT,,0DimWDT --> LAngle,,L3-1/2X3X7/16,3.5in,3in,0.438in,,2ExtrudedProfile --> Beam/Column --> SteelL
PRESET,,0DimWDT --> LAngle-3.5inW-3inD-0.375inT,,0DimWDT --> LAngle,,L3-1/2X3X3/8,3.5in,3in,0.375in,,2ExtrudedProfile --> Beam/Column --> SteelL
PRESET,,0DimWDT --> LAngle-3.5inW-3inD-0.313inT,,0DimWDT --> LAngle,,L3-1/2X3X5/16,3.5in,3in,0.313in,,2ExtrudedProfile --> Beam/Column --> SteelL
PRESET,,0DimWDT --> LAngle-3.5inW-3inD-0.25inT,,0DimWDT --> LAngle,,L3-1/2X3X1/4,3.5in,3in,0.25in,,2ExtrudedProfile --> Beam/Column --> SteelL
PRESET,,0DimWDT --> LAngle-3.5inW-2.5inD-0.5inT,,0DimWDT --> LAngle,,L3-1/2X2-1/2X1/2,3.5in,2.5in,0.5in,,2ExtrudedProfile --> Beam/Column --> SteelL
PRESET,,0DimWDT --> LAngle-3.5inW-2.5inD-0.375inT,,0DimWDT --> LAngle,,L3-1/2X2-1/2X3/8,3.5in,2.5in,0.375in,,2ExtrudedProfile --> Beam/Column --> SteelL
PRESET,,0DimWDT --> LAngle-3.5inW-2.5inD-0.313inT,,0DimWDT --> LAngle,,L3-1/2X2-1/2X5/16,3.5in,2.5in,0.313in,,2ExtrudedProfile --> Beam/Column --> SteelL
PRESET,,0DimWDT --> LAngle-3.5inW-2.5inD-0.25inT,,0DimWDT --> LAngle,,L3-1/2X2-1/2X1/4,3.5in,2.5in,0.25in,,2ExtrudedProfile --> Beam/Column --> SteelL
PRESET,,0DimWDT --> LAngle-3inW-3inD-0.5inT,,0DimWDT --> LAngle,,L3X3X1/2,3in,3in,0.5in,,2ExtrudedProfile --> Beam/Column --> SteelL
PRESET,,0DimWDT --> LAngle-3inW-3inD-0.438inT,,0DimWDT --> LAngle,,L3X3X7/16,3in,3in,0.438in,,2ExtrudedProfile --> Beam/Column --> SteelL
PRESET,,0DimWDT --> LAngle-3inW-3inD-0.375inT,,0DimWDT --> LAngle,,L3X3X3/8,3in,3in,0.375in,,2ExtrudedProfile --> Beam/Column --> SteelL
PRESET,,0DimWDT --> LAngle-3inW-3inD-0.313inT,,0DimWDT --> LAngle,,L3X3X5/16,3in,3in,0.313in,,2ExtrudedProfile --> Beam/Column --> SteelL
PRESET,,0DimWDT --> LAngle-3inW-3inD-0.25inT,,0DimWDT --> LAngle,,L3X3X1/4,3in,3in,0.25in,,2ExtrudedProfile --> Beam/Column --> SteelL
PRESET,,0DimWDT --> LAngle-3inW-3inD-0.188inT,,0DimWDT --> LAngle,,L3X3X3/16,3in,3in,0.188in,,2ExtrudedProfile --> Beam/Column --> SteelL
PRESET,,0DimWDT --> LAngle-3inW-2.5inD-0.5inT,,0DimWDT --> LAngle,,L3X2-1/2X1/2,3in,2.5in,0.5in,,2ExtrudedProfile --> Beam/Column --> SteelL
PRESET,,0DimWDT --> LAngle-3inW-2.5inD-0.438inT,,0DimWDT --> LAngle,,L3X2-1/2X7/16,3in,2.5in,0.438in,,2ExtrudedProfile --> Beam/Column --> SteelL
PRESET,,0DimWDT --> LAngle-3inW-2.5inD-0.375inT,,0DimWDT --> LAngle,,L3X2-1/2X3/8,3in,2.5in,0.375in,,2ExtrudedProfile --> Beam/Column --> SteelL
PRESET,,0DimWDT --> LAngle-3inW-2.5inD-0.313inT,,0DimWDT --> LAngle,,L3X2-1/2X5/16,3in,2.5in,0.313in,,2ExtrudedProfile --> Beam/Column --> SteelL
PRESET,,0DimWDT --> LAngle-3inW-2.5inD-0.25inT,,0DimWDT --> LAngle,,L3X2-1/2X1/4,3in,2.5in,0.25in,,2ExtrudedProfile --> Beam/Column --> SteelL
PRESET,,0DimWDT --> LAngle-3inW-2.5inD-0.188inT,,0DimWDT --> LAngle,,L3X2-1/2X3/16,3in,2.5in,0.188in,,2ExtrudedProfile --> Beam/Column --> SteelL
PRESET,,0DimWDT --> LAngle-3inW-2inD-0.5inT,,0DimWDT --> LAngle,,L3X2X1/2,3in,2in,0.5in,,2ExtrudedProfile --> Beam/Column --> SteelL
PRESET,,0DimWDT --> LAngle-3inW-2inD-0.375inT,,0DimWDT --> LAngle,,L3X2X3/8,3in,2in,0.375in,,2ExtrudedProfile --> Beam/Column --> SteelL
PRESET,,0DimWDT --> LAngle-3inW-2inD-0.313inT,,0DimWDT --> LAngle,,L3X2X5/16,3in,2in,0.313in,,2ExtrudedProfile --> Beam/Column --> SteelL
PRESET,,0DimWDT --> LAngle-3inW-2inD-0.25inT,,0DimWDT --> LAngle,,L3X2X1/4,3in,2in,0.25in,,2ExtrudedProfile --> Beam/Column --> SteelL
PRESET,,0DimWDT --> LAngle-3inW-2inD-0.188inT,,0DimWDT --> LAngle,,L3X2X3/16,3in,2in,0.188in,,2ExtrudedProfile --> Beam/Column --> SteelL
PRESET,,0DimWDT --> LAngle-2.5inW-2.5inD-0.5inT,,0DimWDT --> LAngle,,L2-1/2X2-1/2X1/2,2.5in,2.5in,0.5in,,2ExtrudedProfile --> Beam/Column --> SteelL
PRESET,,0DimWDT --> LAngle-2.5inW-2.5inD-0.375inT,,0DimWDT --> LAngle,,L2-1/2X2-1/2X3/8,2.5in,2.5in,0.375in,,2ExtrudedProfile --> Beam/Column --> SteelL
PRESET,,0DimWDT --> LAngle-2.5inW-2.5inD-0.313inT,,0DimWDT --> LAngle,,L2-1/2X2-1/2X5/16,2.5in,2.5in,0.313in,,2ExtrudedProfile --> Beam/Column --> SteelL
PRESET,,0DimWDT --> LAngle-2.5inW-2.5inD-0.25inT,,0DimWDT --> LAngle,,L2-1/2X2-1/2X1/4,2.5in,2.5in,0.25in,,2ExtrudedProfile --> Beam/Column --> SteelL
PRESET,,0DimWDT --> LAngle-2.5inW-2.5inD-0.188inT,,0DimWDT --> LAngle,,L2-1/2X2-1/2X3/16,2.5in,2.5in,0.188in,,2ExtrudedProfile --> Beam/Column --> SteelL
PRESET,,0DimWDT --> LAngle-2.5inW-2inD-0.375inT,,0DimWDT --> LAngle,,L2-1/2X2X3/8,2.5in,2in,0.375in,,2ExtrudedProfile --> Beam/Column --> SteelL
PRESET,,0DimWDT --> LAngle-2.5inW-2inD-0.313inT,,0DimWDT --> LAngle,,L2-1/2X2X5/16,2.5in,2in,0.313in,,2ExtrudedProfile --> Beam/Column --> SteelL
PRESET,,0DimWDT --> LAngle-2.5inW-2inD-0.25inT,,0DimWDT --> LAngle,,L2-1/2X2X1/4,2.5in,2in,0.25in,,2ExtrudedProfile --> Beam/Column --> SteelL
PRESET,,0DimWDT --> LAngle-2.5inW-2inD-0.188inT,,0DimWDT --> LAngle,,L2-1/2X2X3/16,2.5in,2in,0.188in,,2ExtrudedProfile --> Beam/Column --> SteelL
PRESET,,0DimWDT --> LAngle-2.5inW-1.5inD-0.25inT,,0DimWDT --> LAngle,,L2-1/2X1-1/2X1/4,2.5in,1.5in,0.25in,,2ExtrudedProfile --> Beam/Column --> SteelL
PRESET,,0DimWDT --> LAngle-2.5inW-1.5inD-0.188inT,,0DimWDT --> LAngle,,L2-1/2X1-1/2X3/16,2.5in,1.5in,0.188in,,2ExtrudedProfile --> Beam/Column --> SteelL
PRESET,,0DimWDT --> LAngle-2inW-2inD-0.375inT,,0DimWDT --> LAngle,,L2X2X3/8,2in,2in,0.375in,,2ExtrudedProfile --> Beam/Column --> SteelL
PRESET,,0DimWDT --> LAngle-2inW-2inD-0.313inT,,0DimWDT --> LAngle,,L2X2X5/16,2in,2in,0.313in,,2ExtrudedProfile --> Beam/Column --> SteelL
PRESET,,0DimWDT --> LAngle-2inW-2inD-0.25inT,,0DimWDT --> LAngle,,L2X2X1/4,2in,2in,0.25in,,2ExtrudedProfile --> Beam/Column --> SteelL
PRESET,,0DimWDT --> LAngle-2inW-2inD-0.188inT,,0DimWDT --> LAngle,,L2X2X3/16,2in,2in,0.188in,,2ExtrudedProfile --> Beam/Column --> SteelL
PRESET,,0DimWDT --> LAngle-2inW-2inD-0.125inT,,0DimWDT --> LAngle,,L2X2X1/8,2in,2in,0.125in,,2ExtrudedProfile --> Beam/Column --> SteelL
PRESET,,0DimWDT --> HSS-12inW-24inD-0.698inT,,0DimWDT --> HSS,,HSS24X12X3/4,12in,24in,0.698in,,2ExtrudedProfile --> Beam/Column --> SteelHSS
PRESET,,0DimWDT --> HSS-12inW-24inD-0.581inT,,0DimWDT --> HSS,,HSS24X12X5/8,12in,24in,0.581in,,2ExtrudedProfile --> Beam/Column --> SteelHSS
PRESET,,0DimWDT --> HSS-12inW-24inD-0.465inT,,0DimWDT --> HSS,,HSS24X12X1/2,12in,24in,0.465in,,2ExtrudedProfile --> Beam/Column --> SteelHSS
PRESET,,0DimWDT --> HSS-22inW-22inD-0.814inT,,0DimWDT --> HSS,,HSS22X22X7/8,22in,22in,0.814in,,2ExtrudedProfile --> Beam/Column --> SteelHSS
PRESET,,0DimWDT --> HSS-22inW-22inD-0.698inT,,0DimWDT --> HSS,,HSS22X22X3/4,22in,22in,0.698in,,2ExtrudedProfile --> Beam/Column --> SteelHSS
PRESET,,0DimWDT --> HSS-20inW-20inD-0.814inT,,0DimWDT --> HSS,,HSS20X20X7/8,20in,20in,0.814in,,2ExtrudedProfile --> Beam/Column --> SteelHSS
PRESET,,0DimWDT --> HSS-20inW-20inD-0.698inT,,0DimWDT --> HSS,,HSS20X20X3/4,20in,20in,0.698in,,2ExtrudedProfile --> Beam/Column --> SteelHSS
PRESET,,0DimWDT --> HSS-20inW-20inD-0.581inT,,0DimWDT --> HSS,,HSS20X20X5/8,20in,20in,0.581in,,2ExtrudedProfile --> Beam/Column --> SteelHSS
PRESET,,0DimWDT --> HSS-20inW-20inD-0.465inT,,0DimWDT --> HSS,,HSS20X20X1/2,20in,20in,0.465in,,2ExtrudedProfile --> Beam/Column --> SteelHSS
PRESET,,0DimWDT --> HSS-12inW-20inD-0.698inT,,0DimWDT --> HSS,,HSS20X12X3/4,12in,20in,0.698in,,2ExtrudedProfile --> Beam/Column --> SteelHSS
PRESET,,0DimWDT --> HSS-12inW-20inD-0.581inT,,0DimWDT --> HSS,,HSS20X12X5/8,12in,20in,0.581in,,2ExtrudedProfile --> Beam/Column --> SteelHSS
PRESET,,0DimWDT --> HSS-12inW-20inD-0.465inT,,0DimWDT --> HSS,,HSS20X12X1/2,12in,20in,0.465in,,2ExtrudedProfile --> Beam/Column --> SteelHSS
PRESET,,0DimWDT --> HSS-12inW-20inD-0.349inT,,0DimWDT --> HSS,,HSS20X12X3/8,12in,20in,0.349in,,2ExtrudedProfile --> Beam/Column --> SteelHSS
PRESET,,0DimWDT --> HSS-12inW-20inD-0.291inT,,0DimWDT --> HSS,,HSS20X12X5/16,12in,20in,0.291in,,2ExtrudedProfile --> Beam/Column --> SteelHSS
PRESET,,0DimWDT --> HSS-8inW-20inD-0.581inT,,0DimWDT --> HSS,,HSS20X8X5/8,8in,20in,0.581in,,2ExtrudedProfile --> Beam/Column --> SteelHSS
PRESET,,0DimWDT --> HSS-8inW-20inD-0.465inT,,0DimWDT --> HSS,,HSS20X8X1/2,8in,20in,0.465in,,2ExtrudedProfile --> Beam/Column --> SteelHSS
PRESET,,0DimWDT --> HSS-8inW-20inD-0.349inT,,0DimWDT --> HSS,,Cream 2,8in,20in,0.349in,,2ExtrudedProfile --> Beam/Column --> SteelHSS
PRESET,,0DimWDT --> HSS-8inW-20inD-0.291inT,,0DimWDT --> HSS,,HSS20X8X5/16,8in,20in,0.291in,,2ExtrudedProfile --> Beam/Column --> SteelHSS
PRESET,,0DimWDT --> HSS-4inW-20inD-0.465inT,,0DimWDT --> HSS,,HSS20X4X1/2,4in,20in,0.465in,,2ExtrudedProfile --> Beam/Column --> SteelHSS
PRESET,,0DimWDT --> HSS-4inW-20inD-0.349inT,,0DimWDT --> HSS,,HSS20X4X3/8,4in,20in,0.349in,,2ExtrudedProfile --> Beam/Column --> SteelHSS
PRESET,,0DimWDT --> HSS-4inW-20inD-0.291inT,,0DimWDT --> HSS,,HSS20X4X5/16,4in,20in,0.291in,,2ExtrudedProfile --> Beam/Column --> SteelHSS
PRESET,,0DimWDT --> HSS-4inW-20inD-0.233inT,,0DimWDT --> HSS,,HSS20X4X1/4,4in,20in,0.233in,,2ExtrudedProfile --> Beam/Column --> SteelHSS
PRESET,,0DimWDT --> HSS-18inW-18inD-0.814inT,,0DimWDT --> HSS,,HSS18X18X7/8,18in,18in,0.814in,,2ExtrudedProfile --> Beam/Column --> SteelHSS
PRESET,,0DimWDT --> HSS-18inW-18inD-0.698inT,,0DimWDT --> HSS,,HSS18X18X3/4,18in,18in,0.698in,,2ExtrudedProfile --> Beam/Column --> SteelHSS
PRESET,,0DimWDT --> HSS-18inW-18inD-0.581inT,,0DimWDT --> HSS,,HSS18X18X5/8,18in,18in,0.581in,,2ExtrudedProfile --> Beam/Column --> SteelHSS
PRESET,,0DimWDT --> HSS-18inW-18inD-0.465inT,,0DimWDT --> HSS,,HSS18X18X1/2,18in,18in,0.465in,,2ExtrudedProfile --> Beam/Column --> SteelHSS
PRESET,,0DimWDT --> HSS-6inW-18inD-0.581inT,,0DimWDT --> HSS,,HSS18X6X5/8,6in,18in,0.581in,,2ExtrudedProfile --> Beam/Column --> SteelHSS
PRESET,,0DimWDT --> HSS-6inW-18inD-0.465inT,,0DimWDT --> HSS,,HSS18X6X1/2,6in,18in,0.465in,,2ExtrudedProfile --> Beam/Column --> SteelHSS
PRESET,,0DimWDT --> HSS-6inW-18inD-0.349inT,,0DimWDT --> HSS,,HSS18X6X3/8,6in,18in,0.349in,,2ExtrudedProfile --> Beam/Column --> SteelHSS
PRESET,,0DimWDT --> HSS-6inW-18inD-0.291inT,,0DimWDT --> HSS,,HSS18X6X5/16,6in,18in,0.291in,,2ExtrudedProfile --> Beam/Column --> SteelHSS
PRESET,,0DimWDT --> HSS-6inW-18inD-0.233inT,,0DimWDT --> HSS,,HSS18X6X1/4,6in,18in,0.233in,,2ExtrudedProfile --> Beam/Column --> SteelHSS
PRESET,,0DimWDT --> HSS-16inW-16inD-0.814inT,,0DimWDT --> HSS,,HSS16X16X7/8,16in,16in,0.814in,,2ExtrudedProfile --> Beam/Column --> SteelHSS
PRESET,,0DimWDT --> HSS-16inW-16inD-0.698inT,,0DimWDT --> HSS,,HSS16X16X3/4,16in,16in,0.698in,,2ExtrudedProfile --> Beam/Column --> SteelHSS
PRESET,,0DimWDT --> HSS-16inW-16inD-0.581inT,,0DimWDT --> HSS,,HSS16X16X5/8,16in,16in,0.581in,,2ExtrudedProfile --> Beam/Column --> SteelHSS
PRESET,,0DimWDT --> HSS-16inW-16inD-0.465inT,,0DimWDT --> HSS,,HSS16X16X1/2,16in,16in,0.465in,,2ExtrudedProfile --> Beam/Column --> SteelHSS
PRESET,,0DimWDT --> HSS-16inW-16inD-0.349inT,,0DimWDT --> HSS,,HSS16X16X3/8,16in,16in,0.349in,,2ExtrudedProfile --> Beam/Column --> SteelHSS
PRESET,,0DimWDT --> HSS-16inW-16inD-0.291inT,,0DimWDT --> HSS,,HSS16X16X5/16,16in,16in,0.291in,,2ExtrudedProfile --> Beam/Column --> SteelHSS
PRESET,,0DimWDT --> HSS-12inW-16inD-0.698inT,,0DimWDT --> HSS,,HSS16X12X3/4,12in,16in,0.698in,,2ExtrudedProfile --> Beam/Column --> SteelHSS
PRESET,,0DimWDT --> HSS-12inW-16inD-0.581inT,,0DimWDT --> HSS,,HSS16X12X5/8,12in,16in,0.581in,,2ExtrudedProfile --> Beam/Column --> SteelHSS
PRESET,,0DimWDT --> HSS-12inW-16inD-0.465inT,,0DimWDT --> HSS,,HSS16X12X1/2,12in,16in,0.465in,,2ExtrudedProfile --> Beam/Column --> SteelHSS
PRESET,,0DimWDT --> HSS-12inW-16inD-0.349inT,,0DimWDT --> HSS,,HSS16X12X3/8,12in,16in,0.349in,,2ExtrudedProfile --> Beam/Column --> SteelHSS
PRESET,,0DimWDT --> HSS-12inW-16inD-0.291inT,,0DimWDT --> HSS,,HSS16X12X5/16,12in,16in,0.291in,,2ExtrudedProfile --> Beam/Column --> SteelHSS
PRESET,,0DimWDT --> HSS-8inW-16inD-0.581inT,,0DimWDT --> HSS,,HSS16X8X5/8,8in,16in,0.581in,,2ExtrudedProfile --> Beam/Column --> SteelHSS
PRESET,,0DimWDT --> HSS-8inW-16inD-0.465inT,,0DimWDT --> HSS,,HSS16X8X1/2,8in,16in,0.465in,,2ExtrudedProfile --> Beam/Column --> SteelHSS
PRESET,,0DimWDT --> HSS-8inW-16inD-0.349inT,,0DimWDT --> HSS,,HSS16X8X3/8,8in,16in,0.349in,,2ExtrudedProfile --> Beam/Column --> SteelHSS
PRESET,,0DimWDT --> HSS-8inW-16inD-0.291inT,,0DimWDT --> HSS,,HSS16X8X5/16,8in,16in,0.291in,,2ExtrudedProfile --> Beam/Column --> SteelHSS
PRESET,,0DimWDT --> HSS-8inW-16inD-0.233inT,,0DimWDT --> HSS,,HSS16X8X1/4,8in,16in,0.233in,,2ExtrudedProfile --> Beam/Column --> SteelHSS
PRESET,,0DimWDT --> HSS-4inW-16inD-0.581inT,,0DimWDT --> HSS,,HSS16X4X5/8,4in,16in,0.581in,,2ExtrudedProfile --> Beam/Column --> SteelHSS
PRESET,,0DimWDT --> HSS-4inW-16inD-0.465inT,,0DimWDT --> HSS,,HSS16X4X1/2,4in,16in,0.465in,,2ExtrudedProfile --> Beam/Column --> SteelHSS
PRESET,,0DimWDT --> HSS-4inW-16inD-0.349inT,,0DimWDT --> HSS,,HSS16X4X3/8,4in,16in,0.349in,,2ExtrudedProfile --> Beam/Column --> SteelHSS
PRESET,,0DimWDT --> HSS-4inW-16inD-0.291inT,,0DimWDT --> HSS,,HSS16X4X5/16,4in,16in,0.291in,,2ExtrudedProfile --> Beam/Column --> SteelHSS
PRESET,,0DimWDT --> HSS-4inW-16inD-0.233inT,,0DimWDT --> HSS,,HSS16X4X1/4,4in,16in,0.233in,,2ExtrudedProfile --> Beam/Column --> SteelHSS
PRESET,,0DimWDT --> HSS-4inW-16inD-0.174inT,,0DimWDT --> HSS,,HSS16X4X3/16,4in,16in,0.174in,,2ExtrudedProfile --> Beam/Column --> SteelHSS
PRESET,,0DimWDT --> HSS-14inW-14inD-0.814inT,,0DimWDT --> HSS,,HSS14X14X7/8,14in,14in,0.814in,,2ExtrudedProfile --> Beam/Column --> SteelHSS
PRESET,,0DimWDT --> HSS-14inW-14inD-0.698inT,,0DimWDT --> HSS,,HSS14X14X3/4,14in,14in,0.698in,,2ExtrudedProfile --> Beam/Column --> SteelHSS
PRESET,,0DimWDT --> HSS-14inW-14inD-0.581inT,,0DimWDT --> HSS,,HSS14X14X5/8,14in,14in,0.581in,,2ExtrudedProfile --> Beam/Column --> SteelHSS
PRESET,,0DimWDT --> HSS-14inW-14inD-0.465inT,,0DimWDT --> HSS,,HSS14X14X1/2,14in,14in,0.465in,,2ExtrudedProfile --> Beam/Column --> SteelHSS
PRESET,,0DimWDT --> HSS-14inW-14inD-0.349inT,,0DimWDT --> HSS,,HSS14X14X3/8,14in,14in,0.349in,,2ExtrudedProfile --> Beam/Column --> SteelHSS
PRESET,,0DimWDT --> HSS-14inW-14inD-0.291inT,,0DimWDT --> HSS,,HSS14X14X5/16,14in,14in,0.291in,,2ExtrudedProfile --> Beam/Column --> SteelHSS
PRESET,,0DimWDT --> HSS-10inW-14inD-0.581inT,,0DimWDT --> HSS,,HSS14X10X5/8,10in,14in,0.581in,,2ExtrudedProfile --> Beam/Column --> SteelHSS
PRESET,,0DimWDT --> HSS-10inW-14inD-0.465inT,,0DimWDT --> HSS,,HSS14X10X1/2,10in,14in,0.465in,,2ExtrudedProfile --> Beam/Column --> SteelHSS
PRESET,,0DimWDT --> HSS-10inW-14inD-0.349inT,,0DimWDT --> HSS,,HSS14X10X3/8,10in,14in,0.349in,,2ExtrudedProfile --> Beam/Column --> SteelHSS
PRESET,,0DimWDT --> HSS-10inW-14inD-0.291inT,,0DimWDT --> HSS,,HSS14X10X5/16,10in,14in,0.291in,,2ExtrudedProfile --> Beam/Column --> SteelHSS
PRESET,,0DimWDT --> HSS-10inW-14inD-0.233inT,,0DimWDT --> HSS,,HSS14X10X1/4,10in,14in,0.233in,,2ExtrudedProfile --> Beam/Column --> SteelHSS
PRESET,,0DimWDT --> HSS-6inW-14inD-0.581inT,,0DimWDT --> HSS,,HSS14X6X5/8,6in,14in,0.581in,,2ExtrudedProfile --> Beam/Column --> SteelHSS
PRESET,,0DimWDT --> HSS-6inW-14inD-0.465inT,,0DimWDT --> HSS,,HSS14X6X1/2,6in,14in,0.465in,,2ExtrudedProfile --> Beam/Column --> SteelHSS
PRESET,,0DimWDT --> HSS-6inW-14inD-0.349inT,,0DimWDT --> HSS,,HSS14X6X3/8,6in,14in,0.349in,,2ExtrudedProfile --> Beam/Column --> SteelHSS
PRESET,,0DimWDT --> HSS-6inW-14inD-0.291inT,,0DimWDT --> HSS,,HSS14X6X5/16,6in,14in,0.291in,,2ExtrudedProfile --> Beam/Column --> SteelHSS
PRESET,,0DimWDT --> HSS-6inW-14inD-0.233inT,,0DimWDT --> HSS,,HSS14X6X1/4,6in,14in,0.233in,,2ExtrudedProfile --> Beam/Column --> SteelHSS
PRESET,,0DimWDT --> HSS-6inW-14inD-0.174inT,,0DimWDT --> HSS,,HSS14X6X3/16,6in,14in,0.174in,,2ExtrudedProfile --> Beam/Column --> SteelHSS
PRESET,,0DimWDT --> HSS-4inW-14inD-0.581inT,,0DimWDT --> HSS,,HSS14X4X5/8,4in,14in,0.581in,,2ExtrudedProfile --> Beam/Column --> SteelHSS
PRESET,,0DimWDT --> HSS-4inW-14inD-0.465inT,,0DimWDT --> HSS,,HSS14X4X1/2,4in,14in,0.465in,,2ExtrudedProfile --> Beam/Column --> SteelHSS
PRESET,,0DimWDT --> HSS-4inW-14inD-0.349inT,,0DimWDT --> HSS,,HSS14X4X3/8,4in,14in,0.349in,,2ExtrudedProfile --> Beam/Column --> SteelHSS
PRESET,,0DimWDT --> HSS-4inW-14inD-0.291inT,,0DimWDT --> HSS,,HSS14X4X5/16,4in,14in,0.291in,,2ExtrudedProfile --> Beam/Column --> SteelHSS
PRESET,,0DimWDT --> HSS-4inW-14inD-0.233inT,,0DimWDT --> HSS,,HSS14X4X1/4,4in,14in,0.233in,,2ExtrudedProfile --> Beam/Column --> SteelHSS
PRESET,,0DimWDT --> HSS-4inW-14inD-0.174inT,,0DimWDT --> HSS,,HSS14X4X3/16,4in,14in,0.174in,,2ExtrudedProfile --> Beam/Column --> SteelHSS
PRESET,,0DimWDT --> HSS-12inW-12inD-0.698inT,,0DimWDT --> HSS,,HSS12X12X3/4,12in,12in,0.698in,,2ExtrudedProfile --> Beam/Column --> SteelHSS
PRESET,,0DimWDT --> HSS-12inW-12inD-0.581inT,,0DimWDT --> HSS,,HSS12X12X5/8,12in,12in,0.581in,,2ExtrudedProfile --> Beam/Column --> SteelHSS
PRESET,,0DimWDT --> HSS-12inW-12inD-0.465inT,,0DimWDT --> HSS,,HSS12X12X1/2,12in,12in,0.465in,,2ExtrudedProfile --> Beam/Column --> SteelHSS
PRESET,,0DimWDT --> HSS-12inW-12inD-0.349inT,,0DimWDT --> HSS,,HSS12X12X3/8,12in,12in,0.349in,,2ExtrudedProfile --> Beam/Column --> SteelHSS
PRESET,,0DimWDT --> HSS-12inW-12inD-0.291inT,,0DimWDT --> HSS,,HSS12X12X5/16,12in,12in,0.291in,,2ExtrudedProfile --> Beam/Column --> SteelHSS
PRESET,,0DimWDT --> HSS-12inW-12inD-0.233inT,,0DimWDT --> HSS,,HSS12X12X1/4,12in,12in,0.233in,,2ExtrudedProfile --> Beam/Column --> SteelHSS
PRESET,,0DimWDT --> HSS-12inW-12inD-0.174inT,,0DimWDT --> HSS,,HSS12X12X3/16,12in,12in,0.174in,,2ExtrudedProfile --> Beam/Column --> SteelHSS
PRESET,,0DimWDT --> HSS-10inW-12inD-0.465inT,,0DimWDT --> HSS,,HSS12X10X1/2,10in,12in,0.465in,,2ExtrudedProfile --> Beam/Column --> SteelHSS
PRESET,,0DimWDT --> HSS-10inW-12inD-0.349inT,,0DimWDT --> HSS,,HSS12X10X3/8,10in,12in,0.349in,,2ExtrudedProfile --> Beam/Column --> SteelHSS
PRESET,,0DimWDT --> HSS-10inW-12inD-0.291inT,,0DimWDT --> HSS,,HSS12X10X5/16,10in,12in,0.291in,,2ExtrudedProfile --> Beam/Column --> SteelHSS
PRESET,,0DimWDT --> HSS-10inW-12inD-0.233inT,,0DimWDT --> HSS,,HSS12X10X1/4,10in,12in,0.233in,,2ExtrudedProfile --> Beam/Column --> SteelHSS
PRESET,,0DimWDT --> HSS-8inW-12inD-0.581inT,,0DimWDT --> HSS,,HSS12X8X5/8,8in,12in,0.581in,,2ExtrudedProfile --> Beam/Column --> SteelHSS
PRESET,,0DimWDT --> HSS-8inW-12inD-0.465inT,,0DimWDT --> HSS,,HSS12X8X1/2,8in,12in,0.465in,,2ExtrudedProfile --> Beam/Column --> SteelHSS
PRESET,,0DimWDT --> HSS-8inW-12inD-0.349inT,,0DimWDT --> HSS,,HSS12X8X3/8,8in,12in,0.349in,,2ExtrudedProfile --> Beam/Column --> SteelHSS
PRESET,,0DimWDT --> HSS-8inW-12inD-0.291inT,,0DimWDT --> HSS,,HSS12X8X5/16,8in,12in,0.291in,,2ExtrudedProfile --> Beam/Column --> SteelHSS
PRESET,,0DimWDT --> HSS-8inW-12inD-0.233inT,,0DimWDT --> HSS,,HSS12X8X1/4,8in,12in,0.233in,,2ExtrudedProfile --> Beam/Column --> SteelHSS
PRESET,,0DimWDT --> HSS-8inW-12inD-0.174inT,,0DimWDT --> HSS,,HSS12X8X3/16,8in,12in,0.174in,,2ExtrudedProfile --> Beam/Column --> SteelHSS
PRESET,,0DimWDT --> HSS-6inW-12inD-0.581inT,,0DimWDT --> HSS,,HSS12X6X5/8,6in,12in,0.581in,,2ExtrudedProfile --> Beam/Column --> SteelHSS
PRESET,,0DimWDT --> HSS-6inW-12inD-0.465inT,,0DimWDT --> HSS,,HSS12X6X1/2,6in,12in,0.465in,,2ExtrudedProfile --> Beam/Column --> SteelHSS
PRESET,,0DimWDT --> HSS-6inW-12inD-0.349inT,,0DimWDT --> HSS,,HSS12X6X3/8,6in,12in,0.349in,,2ExtrudedProfile --> Beam/Column --> SteelHSS
PRESET,,0DimWDT --> HSS-6inW-12inD-0.291inT,,0DimWDT --> HSS,,HSS12X6X5/16,6in,12in,0.291in,,2ExtrudedProfile --> Beam/Column --> SteelHSS
PRESET,,0DimWDT --> HSS-6inW-12inD-0.233inT,,0DimWDT --> HSS,,HSS12X6X1/4,6in,12in,0.233in,,2ExtrudedProfile --> Beam/Column --> SteelHSS
PRESET,,0DimWDT --> HSS-6inW-12inD-0.174inT,,0DimWDT --> HSS,,HSS12X6X3/16,6in,12in,0.174in,,2ExtrudedProfile --> Beam/Column --> SteelHSS
PRESET,,0DimWDT --> HSS-4inW-12inD-0.581inT,,0DimWDT --> HSS,,HSS12X4X5/8,4in,12in,0.581in,,2ExtrudedProfile --> Beam/Column --> SteelHSS
PRESET,,0DimWDT --> HSS-4inW-12inD-0.465inT,,0DimWDT --> HSS,,HSS12X4X1/2,4in,12in,0.465in,,2ExtrudedProfile --> Beam/Column --> SteelHSS
PRESET,,0DimWDT --> HSS-4inW-12inD-0.349inT,,0DimWDT --> HSS,,HSS12X4X3/8,4in,12in,0.349in,,2ExtrudedProfile --> Beam/Column --> SteelHSS
PRESET,,0DimWDT --> HSS-4inW-12inD-0.291inT,,0DimWDT --> HSS,,HSS12X4X5/16,4in,12in,0.291in,,2ExtrudedProfile --> Beam/Column --> SteelHSS
PRESET,,0DimWDT --> HSS-4inW-12inD-0.233inT,,0DimWDT --> HSS,,HSS12X4X1/4,4in,12in,0.233in,,2ExtrudedProfile --> Beam/Column --> SteelHSS
PRESET,,0DimWDT --> HSS-4inW-12inD-0.174inT,,0DimWDT --> HSS,,HSS12X4X3/16,4in,12in,0.174in,,2ExtrudedProfile --> Beam/Column --> SteelHSS
PRESET,,0DimWDT --> HSS-3.5inW-12inD-0.349inT,,0DimWDT --> HSS,,HSS12X3-1/2X3/8,3.5in,12in,0.349in,,2ExtrudedProfile --> Beam/Column --> SteelHSS
PRESET,,0DimWDT --> HSS-3.5inW-12inD-0.291inT,,0DimWDT --> HSS,,HSS12X3-1/2X5/16,3.5in,12in,0.291in,,2ExtrudedProfile --> Beam/Column --> SteelHSS
PRESET,,0DimWDT --> HSS-3inW-12inD-0.291inT,,0DimWDT --> HSS,,HSS12X3X5/16,3in,12in,0.291in,,2ExtrudedProfile --> Beam/Column --> SteelHSS
PRESET,,0DimWDT --> HSS-3inW-12inD-0.233inT,,0DimWDT --> HSS,,HSS12X3X1/4,3in,12in,0.233in,,2ExtrudedProfile --> Beam/Column --> SteelHSS
PRESET,,0DimWDT --> HSS-3inW-12inD-0.174inT,,0DimWDT --> HSS,,HSS12X3X3/16,3in,12in,0.174in,,2ExtrudedProfile --> Beam/Column --> SteelHSS
PRESET,,0DimWDT --> HSS-2inW-12inD-0.291inT,,0DimWDT --> HSS,,HSS12X2X5/16,2in,12in,0.291in,,2ExtrudedProfile --> Beam/Column --> SteelHSS
PRESET,,0DimWDT --> HSS-2inW-12inD-0.233inT,,0DimWDT --> HSS,,HSS12X2X1/4,2in,12in,0.233in,,2ExtrudedProfile --> Beam/Column --> SteelHSS
PRESET,,0DimWDT --> HSS-2inW-12inD-0.174inT,,0DimWDT --> HSS,,HSS12X2X3/16,2in,12in,0.174in,,2ExtrudedProfile --> Beam/Column --> SteelHSS
PRESET,,0DimWDT --> HSS-10inW-10inD-0.698inT,,0DimWDT --> HSS,,HSS10X10X3/4,10in,10in,0.698in,,2ExtrudedProfile --> Beam/Column --> SteelHSS
PRESET,,0DimWDT --> HSS-10inW-10inD-0.581inT,,0DimWDT --> HSS,,HSS10X10X5/8,10in,10in,0.581in,,2ExtrudedProfile --> Beam/Column --> SteelHSS
PRESET,,0DimWDT --> HSS-10inW-10inD-0.465inT,,0DimWDT --> HSS,,HSS10X10X1/2,10in,10in,0.465in,,2ExtrudedProfile --> Beam/Column --> SteelHSS
PRESET,,0DimWDT --> HSS-10inW-10inD-0.349inT,,0DimWDT --> HSS,,HSS10X10X3/8,10in,10in,0.349in,,2ExtrudedProfile --> Beam/Column --> SteelHSS
PRESET,,0DimWDT --> HSS-10inW-10inD-0.291inT,,0DimWDT --> HSS,,HSS10X10X5/16,10in,10in,0.291in,,2ExtrudedProfile --> Beam/Column --> SteelHSS
PRESET,,0DimWDT --> HSS-10inW-10inD-0.233inT,,0DimWDT --> HSS,,HSS10X10X1/4,10in,10in,0.233in,,2ExtrudedProfile --> Beam/Column --> SteelHSS
PRESET,,0DimWDT --> HSS-10inW-10inD-0.174inT,,0DimWDT --> HSS,,HSS10X10X3/16,10in,10in,0.174in,,2ExtrudedProfile --> Beam/Column --> SteelHSS
PRESET,,0DimWDT --> HSS-8inW-10inD-0.581inT,,0DimWDT --> HSS,,HSS10X8X5/8,8in,10in,0.581in,,2ExtrudedProfile --> Beam/Column --> SteelHSS
PRESET,,0DimWDT --> HSS-8inW-10inD-0.465inT,,0DimWDT --> HSS,,HSS10X8X1/2,8in,10in,0.465in,,2ExtrudedProfile --> Beam/Column --> SteelHSS
PRESET,,0DimWDT --> HSS-8inW-10inD-0.349inT,,0DimWDT --> HSS,,HSS10X8X3/8,8in,10in,0.349in,,2ExtrudedProfile --> Beam/Column --> SteelHSS
PRESET,,0DimWDT --> HSS-8inW-10inD-0.291inT,,0DimWDT --> HSS,,HSS10X8X5/16,8in,10in,0.291in,,2ExtrudedProfile --> Beam/Column --> SteelHSS
PRESET,,0DimWDT --> HSS-8inW-10inD-0.233inT,,0DimWDT --> HSS,,HSS10X8X1/4,8in,10in,0.233in,,2ExtrudedProfile --> Beam/Column --> SteelHSS
PRESET,,0DimWDT --> HSS-8inW-10inD-0.174inT,,0DimWDT --> HSS,,HSS10X8X3/16,8in,10in,0.174in,,2ExtrudedProfile --> Beam/Column --> SteelHSS
PRESET,,0DimWDT --> HSS-6inW-10inD-0.581inT,,0DimWDT --> HSS,,HSS10X6X5/8,6in,10in,0.581in,,2ExtrudedProfile --> Beam/Column --> SteelHSS
PRESET,,0DimWDT --> HSS-6inW-10inD-0.465inT,,0DimWDT --> HSS,,HSS10X6X1/2,6in,10in,0.465in,,2ExtrudedProfile --> Beam/Column --> SteelHSS
PRESET,,0DimWDT --> HSS-6inW-10inD-0.349inT,,0DimWDT --> HSS,,HSS10X6X3/8,6in,10in,0.349in,,2ExtrudedProfile --> Beam/Column --> SteelHSS
PRESET,,0DimWDT --> HSS-6inW-10inD-0.291inT,,0DimWDT --> HSS,,HSS10X6X5/16,6in,10in,0.291in,,2ExtrudedProfile --> Beam/Column --> SteelHSS
PRESET,,0DimWDT --> HSS-6inW-10inD-0.233inT,,0DimWDT --> HSS,,HSS10X6X1/4,6in,10in,0.233in,,2ExtrudedProfile --> Beam/Column --> SteelHSS
PRESET,,0DimWDT --> HSS-6inW-10inD-0.174inT,,0DimWDT --> HSS,,HSS10X6X3/16,6in,10in,0.174in,,2ExtrudedProfile --> Beam/Column --> SteelHSS
PRESET,,0DimWDT --> HSS-5inW-10inD-0.349inT,,0DimWDT --> HSS,,HSS10X5X3/8,5in,10in,0.349in,,2ExtrudedProfile --> Beam/Column --> SteelHSS
PRESET,,0DimWDT --> HSS-5inW-10inD-0.291inT,,0DimWDT --> HSS,,HSS10X5X5/16,5in,10in,0.291in,,2ExtrudedProfile --> Beam/Column --> SteelHSS
PRESET,,0DimWDT --> HSS-5inW-10inD-0.233inT,,0DimWDT --> HSS,,HSS10X5X1/4,5in,10in,0.233in,,2ExtrudedProfile --> Beam/Column --> SteelHSS
PRESET,,0DimWDT --> HSS-5inW-10inD-0.174inT,,0DimWDT --> HSS,,HSS10X5X3/16,5in,10in,0.174in,,2ExtrudedProfile --> Beam/Column --> SteelHSS
PRESET,,0DimWDT --> HSS-4inW-10inD-0.581inT,,0DimWDT --> HSS,,HSS10X4X5/8,4in,10in,0.581in,,2ExtrudedProfile --> Beam/Column --> SteelHSS
PRESET,,0DimWDT --> HSS-4inW-10inD-0.465inT,,0DimWDT --> HSS,,HSS10X4X1/2,4in,10in,0.465in,,2ExtrudedProfile --> Beam/Column --> SteelHSS
PRESET,,0DimWDT --> HSS-4inW-10inD-0.349inT,,0DimWDT --> HSS,,HSS10X4X3/8,4in,10in,0.349in,,2ExtrudedProfile --> Beam/Column --> SteelHSS
PRESET,,0DimWDT --> HSS-4inW-10inD-0.291inT,,0DimWDT --> HSS,,HSS10X4X5/16,4in,10in,0.291in,,2ExtrudedProfile --> Beam/Column --> SteelHSS
PRESET,,0DimWDT --> HSS-4inW-10inD-0.233inT,,0DimWDT --> HSS,,HSS10X4X1/4,4in,10in,0.233in,,2ExtrudedProfile --> Beam/Column --> SteelHSS
PRESET,,0DimWDT --> HSS-4inW-10inD-0.174inT,,0DimWDT --> HSS,,HSS10X4X3/16,4in,10in,0.174in,,2ExtrudedProfile --> Beam/Column --> SteelHSS
PRESET,,0DimWDT --> HSS-4inW-10inD-0.116inT,,0DimWDT --> HSS,,HSS10X4X1/8,4in,10in,0.116in,,2ExtrudedProfile --> Beam/Column --> SteelHSS
PRESET,,0DimWDT --> HSS-3.5inW-10inD-0.465inT,,0DimWDT --> HSS,,HSS10X3-1/2X1/2,3.5in,10in,0.465in,,2ExtrudedProfile --> Beam/Column --> SteelHSS
PRESET,,0DimWDT --> HSS-3.5inW-10inD-0.349inT,,0DimWDT --> HSS,,HSS10X3-1/2X3/8,3.5in,10in,0.349in,,2ExtrudedProfile --> Beam/Column --> SteelHSS
PRESET,,0DimWDT --> HSS-3.5inW-10inD-0.291inT,,0DimWDT --> HSS,,HSS10X3-1/2X5/16,3.5in,10in,0.291in,,2ExtrudedProfile --> Beam/Column --> SteelHSS
PRESET,,0DimWDT --> HSS-3.5inW-10inD-0.233inT,,0DimWDT --> HSS,,HSS10X3-1/2X1/4,3.5in,10in,0.233in,,2ExtrudedProfile --> Beam/Column --> SteelHSS
PRESET,,0DimWDT --> HSS-3.5inW-10inD-0.174inT,,0DimWDT --> HSS,,HSS10X3-1/2X3/16,3.5in,10in,0.174in,,2ExtrudedProfile --> Beam/Column --> SteelHSS
PRESET,,0DimWDT --> HSS-3.5inW-10inD-0.116inT,,0DimWDT --> HSS,,HSS10X3-1/2X1/8,3.5in,10in,0.116in,,2ExtrudedProfile --> Beam/Column --> SteelHSS
PRESET,,0DimWDT --> HSS-3inW-10inD-0.349inT,,0DimWDT --> HSS,,HSS10X3X3/8,3in,10in,0.349in,,2ExtrudedProfile --> Beam/Column --> SteelHSS
PRESET,,0DimWDT --> HSS-3inW-10inD-0.291inT,,0DimWDT --> HSS,,HSS10X3X5/16,3in,10in,0.291in,,2ExtrudedProfile --> Beam/Column --> SteelHSS
PRESET,,0DimWDT --> HSS-3inW-10inD-0.233inT,,0DimWDT --> HSS,,HSS10X3X1/4,3in,10in,0.233in,,2ExtrudedProfile --> Beam/Column --> SteelHSS
PRESET,,0DimWDT --> HSS-3inW-10inD-0.174inT,,0DimWDT --> HSS,,HSS10X3X3/16,3in,10in,0.174in,,2ExtrudedProfile --> Beam/Column --> SteelHSS
PRESET,,0DimWDT --> HSS-3inW-10inD-0.116inT,,0DimWDT --> HSS,,HSS10X3X1/8,3in,10in,0.116in,,2ExtrudedProfile --> Beam/Column --> SteelHSS
PRESET,,0DimWDT --> HSS-2inW-10inD-0.349inT,,0DimWDT --> HSS,,HSS10X2X3/8,2in,10in,0.349in,,2ExtrudedProfile --> Beam/Column --> SteelHSS
PRESET,,0DimWDT --> HSS-2inW-10inD-0.291inT,,0DimWDT --> HSS,,HSS10X2X5/16,2in,10in,0.291in,,2ExtrudedProfile --> Beam/Column --> SteelHSS
PRESET,,0DimWDT --> HSS-2inW-10inD-0.233inT,,0DimWDT --> HSS,,HSS10X2X1/4,2in,10in,0.233in,,2ExtrudedProfile --> Beam/Column --> SteelHSS
PRESET,,0DimWDT --> HSS-2inW-10inD-0.174inT,,0DimWDT --> HSS,,HSS10X2X3/16,2in,10in,0.174in,,2ExtrudedProfile --> Beam/Column --> SteelHSS
PRESET,,0DimWDT --> HSS-2inW-10inD-0.116inT,,0DimWDT --> HSS,,HSS10X2X1/8,2in,10in,0.116in,,2ExtrudedProfile --> Beam/Column --> SteelHSS
PRESET,,0DimWDT --> HSS-9inW-9inD-0.581inT,,0DimWDT --> HSS,,HSS9X9X5/8,9in,9in,0.581in,,2ExtrudedProfile --> Beam/Column --> SteelHSS
PRESET,,0DimWDT --> HSS-9inW-9inD-0.465inT,,0DimWDT --> HSS,,HSS9X9X1/2,9in,9in,0.465in,,2ExtrudedProfile --> Beam/Column --> SteelHSS
PRESET,,0DimWDT --> HSS-9inW-9inD-0.349inT,,0DimWDT --> HSS,,HSS9X9X3/8,9in,9in,0.349in,,2ExtrudedProfile --> Beam/Column --> SteelHSS
PRESET,,0DimWDT --> HSS-9inW-9inD-0.291inT,,0DimWDT --> HSS,,HSS9X9X5/16,9in,9in,0.291in,,2ExtrudedProfile --> Beam/Column --> SteelHSS
PRESET,,0DimWDT --> HSS-9inW-9inD-0.233inT,,0DimWDT --> HSS,,HSS9X9X1/4,9in,9in,0.233in,,2ExtrudedProfile --> Beam/Column --> SteelHSS
PRESET,,0DimWDT --> HSS-9inW-9inD-0.174inT,,0DimWDT --> HSS,,HSS9X9X3/16,9in,9in,0.174in,,2ExtrudedProfile --> Beam/Column --> SteelHSS
PRESET,,0DimWDT --> HSS-9inW-9inD-0.116inT,,0DimWDT --> HSS,,HSS9X9X1/8,9in,9in,0.116in,,2ExtrudedProfile --> Beam/Column --> SteelHSS
PRESET,,0DimWDT --> HSS-7inW-9inD-0.581inT,,0DimWDT --> HSS,,HSS9X7X5/8,7in,9in,0.581in,,2ExtrudedProfile --> Beam/Column --> SteelHSS
PRESET,,0DimWDT --> HSS-7inW-9inD-0.465inT,,0DimWDT --> HSS,,HSS9X7X1/2,7in,9in,0.465in,,2ExtrudedProfile --> Beam/Column --> SteelHSS
PRESET,,0DimWDT --> HSS-7inW-9inD-0.349inT,,0DimWDT --> HSS,,HSS9X7X3/8,7in,9in,0.349in,,2ExtrudedProfile --> Beam/Column --> SteelHSS
PRESET,,0DimWDT --> HSS-7inW-9inD-0.291inT,,0DimWDT --> HSS,,HSS9X7X5/16,7in,9in,0.291in,,2ExtrudedProfile --> Beam/Column --> SteelHSS
PRESET,,0DimWDT --> HSS-7inW-9inD-0.233inT,,0DimWDT --> HSS,,HSS9X7X1/4,7in,9in,0.233in,,2ExtrudedProfile --> Beam/Column --> SteelHSS
PRESET,,0DimWDT --> HSS-7inW-9inD-0.174inT,,0DimWDT --> HSS,,HSS9X7X3/16,7in,9in,0.174in,,2ExtrudedProfile --> Beam/Column --> SteelHSS
PRESET,,0DimWDT --> HSS-5inW-9inD-0.581inT,,0DimWDT --> HSS,,HSS9X5X5/8,5in,9in,0.581in,,2ExtrudedProfile --> Beam/Column --> SteelHSS
PRESET,,0DimWDT --> HSS-5inW-9inD-0.465inT,,0DimWDT --> HSS,,HSS9X5X1/2,5in,9in,0.465in,,2ExtrudedProfile --> Beam/Column --> SteelHSS
PRESET,,0DimWDT --> HSS-5inW-9inD-0.349inT,,0DimWDT --> HSS,,HSS9X5X3/8,5in,9in,0.349in,,2ExtrudedProfile --> Beam/Column --> SteelHSS
PRESET,,0DimWDT --> HSS-5inW-9inD-0.291inT,,0DimWDT --> HSS,,HSS9X5X5/16,5in,9in,0.291in,,2ExtrudedProfile --> Beam/Column --> SteelHSS
PRESET,,0DimWDT --> HSS-5inW-9inD-0.233inT,,0DimWDT --> HSS,,HSS9X5X1/4,5in,9in,0.233in,,2ExtrudedProfile --> Beam/Column --> SteelHSS
PRESET,,0DimWDT --> HSS-5inW-9inD-0.174inT,,0DimWDT --> HSS,,HSS9X5X3/16,5in,9in,0.174in,,2ExtrudedProfile --> Beam/Column --> SteelHSS
PRESET,,0DimWDT --> HSS-3inW-9inD-0.465inT,,0DimWDT --> HSS,,HSS9X3X1/2,3in,9in,0.465in,,2ExtrudedProfile --> Beam/Column --> SteelHSS
PRESET,,0DimWDT --> HSS-3inW-9inD-0.349inT,,0DimWDT --> HSS,,HSS9X3X3/8,3in,9in,0.349in,,2ExtrudedProfile --> Beam/Column --> SteelHSS
PRESET,,0DimWDT --> HSS-3inW-9inD-0.291inT,,0DimWDT --> HSS,,HSS9X3X5/16,3in,9in,0.291in,,2ExtrudedProfile --> Beam/Column --> SteelHSS
PRESET,,0DimWDT --> HSS-3inW-9inD-0.233inT,,0DimWDT --> HSS,,HSS9X3X1/4,3in,9in,0.233in,,2ExtrudedProfile --> Beam/Column --> SteelHSS
PRESET,,0DimWDT --> HSS-3inW-9inD-0.174inT,,0DimWDT --> HSS,,HSS9X3X3/16,3in,9in,0.174in,,2ExtrudedProfile --> Beam/Column --> SteelHSS
PRESET,,0DimWDT --> HSS-8inW-8inD-0.581inT,,0DimWDT --> HSS,,HSS8X8X5/8,8in,8in,0.581in,,2ExtrudedProfile --> Beam/Column --> SteelHSS
PRESET,,0DimWDT --> HSS-8inW-8inD-0.465inT,,0DimWDT --> HSS,,HSS8X8X1/2,8in,8in,0.465in,,2ExtrudedProfile --> Beam/Column --> SteelHSS
PRESET,,0DimWDT --> HSS-8inW-8inD-0.349inT,,0DimWDT --> HSS,,HSS8X8X3/8,8in,8in,0.349in,,2ExtrudedProfile --> Beam/Column --> SteelHSS
PRESET,,0DimWDT --> HSS-8inW-8inD-0.291inT,,0DimWDT --> HSS,,HSS8X8X5/16,8in,8in,0.291in,,2ExtrudedProfile --> Beam/Column --> SteelHSS
PRESET,,0DimWDT --> HSS-8inW-8inD-0.233inT,,0DimWDT --> HSS,,HSS8X8X1/4,8in,8in,0.233in,,2ExtrudedProfile --> Beam/Column --> SteelHSS
PRESET,,0DimWDT --> HSS-8inW-8inD-0.174inT,,0DimWDT --> HSS,,HSS8X8X3/16,8in,8in,0.174in,,2ExtrudedProfile --> Beam/Column --> SteelHSS
PRESET,,0DimWDT --> HSS-8inW-8inD-0.116inT,,0DimWDT --> HSS,,HSS8X8X1/8,8in,8in,0.116in,,2ExtrudedProfile --> Beam/Column --> SteelHSS
PRESET,,0DimWDT --> HSS-6inW-8inD-0.581inT,,0DimWDT --> HSS,,HSS8X6X5/8,6in,8in,0.581in,,2ExtrudedProfile --> Beam/Column --> SteelHSS
PRESET,,0DimWDT --> HSS-6inW-8inD-0.465inT,,0DimWDT --> HSS,,HSS8X6X1/2,6in,8in,0.465in,,2ExtrudedProfile --> Beam/Column --> SteelHSS
PRESET,,0DimWDT --> HSS-6inW-8inD-0.349inT,,0DimWDT --> HSS,,HSS8X6X3/8,6in,8in,0.349in,,2ExtrudedProfile --> Beam/Column --> SteelHSS
PRESET,,0DimWDT --> HSS-6inW-8inD-0.291inT,,0DimWDT --> HSS,,HSS8X6X5/16,6in,8in,0.291in,,2ExtrudedProfile --> Beam/Column --> SteelHSS
PRESET,,0DimWDT --> HSS-6inW-8inD-0.233inT,,0DimWDT --> HSS,,HSS8X6X1/4,6in,8in,0.233in,,2ExtrudedProfile --> Beam/Column --> SteelHSS
PRESET,,0DimWDT --> HSS-6inW-8inD-0.174inT,,0DimWDT --> HSS,,HSS8X6X3/16,6in,8in,0.174in,,2ExtrudedProfile --> Beam/Column --> SteelHSS
PRESET,,0DimWDT --> HSS-4inW-8inD-0.581inT,,0DimWDT --> HSS,,HSS8X4X5/8,4in,8in,0.581in,,2ExtrudedProfile --> Beam/Column --> SteelHSS
PRESET,,0DimWDT --> HSS-4inW-8inD-0.465inT,,0DimWDT --> HSS,,HSS8X4X1/2,4in,8in,0.465in,,2ExtrudedProfile --> Beam/Column --> SteelHSS
PRESET,,0DimWDT --> HSS-4inW-8inD-0.349inT,,0DimWDT --> HSS,,HSS8X4X3/8,4in,8in,0.349in,,2ExtrudedProfile --> Beam/Column --> SteelHSS
PRESET,,0DimWDT --> HSS-4inW-8inD-0.291inT,,0DimWDT --> HSS,,HSS8X4X5/16,4in,8in,0.291in,,2ExtrudedProfile --> Beam/Column --> SteelHSS
PRESET,,0DimWDT --> HSS-4inW-8inD-0.233inT,,0DimWDT --> HSS,,HSS8X4X1/4,4in,8in,0.233in,,2ExtrudedProfile --> Beam/Column --> SteelHSS
PRESET,,0DimWDT --> HSS-4inW-8inD-0.174inT,,0DimWDT --> HSS,,HSS8X4X3/16,4in,8in,0.174in,,2ExtrudedProfile --> Beam/Column --> SteelHSS
PRESET,,0DimWDT --> HSS-4inW-8inD-0.116inT,,0DimWDT --> HSS,,HSS8X4X1/8,4in,8in,0.116in,,2ExtrudedProfile --> Beam/Column --> SteelHSS
PRESET,,0DimWDT --> HSS-3inW-8inD-0.465inT,,0DimWDT --> HSS,,HSS8X3X1/2,3in,8in,0.465in,,2ExtrudedProfile --> Beam/Column --> SteelHSS
PRESET,,0DimWDT --> HSS-3inW-8inD-0.349inT,,0DimWDT --> HSS,,HSS8X3X3/8,3in,8in,0.349in,,2ExtrudedProfile --> Beam/Column --> SteelHSS
PRESET,,0DimWDT --> HSS-3inW-8inD-0.291inT,,0DimWDT --> HSS,,HSS8X3X5/16,3in,8in,0.291in,,2ExtrudedProfile --> Beam/Column --> SteelHSS
PRESET,,0DimWDT --> HSS-3inW-8inD-0.233inT,,0DimWDT --> HSS,,HSS8X3X1/4,3in,8in,0.233in,,2ExtrudedProfile --> Beam/Column --> SteelHSS
PRESET,,0DimWDT --> HSS-3inW-8inD-0.174inT,,0DimWDT --> HSS,,HSS8X3X3/16,3in,8in,0.174in,,2ExtrudedProfile --> Beam/Column --> SteelHSS
PRESET,,0DimWDT --> HSS-3inW-8inD-0.116inT,,0DimWDT --> HSS,,HSS8X3X1/8,3in,8in,0.116in,,2ExtrudedProfile --> Beam/Column --> SteelHSS
PRESET,,0DimWDT --> HSS-2inW-8inD-0.349inT,,0DimWDT --> HSS,,HSS8X2X3/8,2in,8in,0.349in,,2ExtrudedProfile --> Beam/Column --> SteelHSS
PRESET,,0DimWDT --> HSS-2inW-8inD-0.291inT,,0DimWDT --> HSS,,HSS8X2X5/16,2in,8in,0.291in,,2ExtrudedProfile --> Beam/Column --> SteelHSS
PRESET,,0DimWDT --> HSS-2inW-8inD-0.233inT,,0DimWDT --> HSS,,HSS8X2X1/4,2in,8in,0.233in,,2ExtrudedProfile --> Beam/Column --> SteelHSS
PRESET,,0DimWDT --> HSS-2inW-8inD-0.174inT,,0DimWDT --> HSS,,HSS8X2X3/16,2in,8in,0.174in,,2ExtrudedProfile --> Beam/Column --> SteelHSS
PRESET,,0DimWDT --> HSS-2inW-8inD-0.116inT,,0DimWDT --> HSS,,HSS8X2X1/8,2in,8in,0.116in,,2ExtrudedProfile --> Beam/Column --> SteelHSS
PRESET,,0DimWDT --> HSS-7inW-7inD-0.581inT,,0DimWDT --> HSS,,HSS7X7X5/8,7in,7in,0.581in,,2ExtrudedProfile --> Beam/Column --> SteelHSS
PRESET,,0DimWDT --> HSS-7inW-7inD-0.465inT,,0DimWDT --> HSS,,HSS7X7X1/2,7in,7in,0.465in,,2ExtrudedProfile --> Beam/Column --> SteelHSS
PRESET,,0DimWDT --> HSS-7inW-7inD-0.349inT,,0DimWDT --> HSS,,HSS7X7X3/8,7in,7in,0.349in,,2ExtrudedProfile --> Beam/Column --> SteelHSS
PRESET,,0DimWDT --> HSS-7inW-7inD-0.291inT,,0DimWDT --> HSS,,HSS7X7X5/16,7in,7in,0.291in,,2ExtrudedProfile --> Beam/Column --> SteelHSS
PRESET,,0DimWDT --> HSS-7inW-7inD-0.233inT,,0DimWDT --> HSS,,HSS7X7X1/4,7in,7in,0.233in,,2ExtrudedProfile --> Beam/Column --> SteelHSS
PRESET,,0DimWDT --> HSS-7inW-7inD-0.174inT,,0DimWDT --> HSS,,HSS7X7X3/16,7in,7in,0.174in,,2ExtrudedProfile --> Beam/Column --> SteelHSS
PRESET,,0DimWDT --> HSS-7inW-7inD-0.116inT,,0DimWDT --> HSS,,HSS7X7X1/8,7in,7in,0.116in,,2ExtrudedProfile --> Beam/Column --> SteelHSS
PRESET,,0DimWDT --> HSS-5inW-7inD-0.465inT,,0DimWDT --> HSS,,HSS7X5X1/2,5in,7in,0.465in,,2ExtrudedProfile --> Beam/Column --> SteelHSS
PRESET,,0DimWDT --> HSS-5inW-7inD-0.349inT,,0DimWDT --> HSS,,HSS7X5X3/8,5in,7in,0.349in,,2ExtrudedProfile --> Beam/Column --> SteelHSS
PRESET,,0DimWDT --> HSS-5inW-7inD-0.291inT,,0DimWDT --> HSS,,HSS7X5X5/16,5in,7in,0.291in,,2ExtrudedProfile --> Beam/Column --> SteelHSS
PRESET,,0DimWDT --> HSS-5inW-7inD-0.233inT,,0DimWDT --> HSS,,HSS7X5X1/4,5in,7in,0.233in,,2ExtrudedProfile --> Beam/Column --> SteelHSS
PRESET,,0DimWDT --> HSS-5inW-7inD-0.174inT,,0DimWDT --> HSS,,HSS7X5X3/16,5in,7in,0.174in,,2ExtrudedProfile --> Beam/Column --> SteelHSS
PRESET,,0DimWDT --> HSS-5inW-7inD-0.116inT,,0DimWDT --> HSS,,HSS7X5X1/8,5in,7in,0.116in,,2ExtrudedProfile --> Beam/Column --> SteelHSS
PRESET,,0DimWDT --> HSS-4inW-7inD-0.465inT,,0DimWDT --> HSS,,HSS7X4X1/2,4in,7in,0.465in,,2ExtrudedProfile --> Beam/Column --> SteelHSS
PRESET,,0DimWDT --> HSS-4inW-7inD-0.349inT,,0DimWDT --> HSS,,HSS7X4X3/8,4in,7in,0.349in,,2ExtrudedProfile --> Beam/Column --> SteelHSS
PRESET,,0DimWDT --> HSS-4inW-7inD-0.291inT,,0DimWDT --> HSS,,HSS7X4X5/16,4in,7in,0.291in,,2ExtrudedProfile --> Beam/Column --> SteelHSS
PRESET,,0DimWDT --> HSS-4inW-7inD-0.233inT,,0DimWDT --> HSS,,HSS7X4X1/4,4in,7in,0.233in,,2ExtrudedProfile --> Beam/Column --> SteelHSS
PRESET,,0DimWDT --> HSS-4inW-7inD-0.174inT,,0DimWDT --> HSS,,HSS7X4X3/16,4in,7in,0.174in,,2ExtrudedProfile --> Beam/Column --> SteelHSS
PRESET,,0DimWDT --> HSS-4inW-7inD-0.116inT,,0DimWDT --> HSS,,HSS7X4X1/8,4in,7in,0.116in,,2ExtrudedProfile --> Beam/Column --> SteelHSS
PRESET,,0DimWDT --> HSS-3inW-7inD-0.465inT,,0DimWDT --> HSS,,HSS7X3X1/2,3in,7in,0.465in,,2ExtrudedProfile --> Beam/Column --> SteelHSS
PRESET,,0DimWDT --> HSS-3inW-7inD-0.349inT,,0DimWDT --> HSS,,HSS7X3X3/8,3in,7in,0.349in,,2ExtrudedProfile --> Beam/Column --> SteelHSS
PRESET,,0DimWDT --> HSS-3inW-7inD-0.291inT,,0DimWDT --> HSS,,HSS7X3X5/16,3in,7in,0.291in,,2ExtrudedProfile --> Beam/Column --> SteelHSS
PRESET,,0DimWDT --> HSS-3inW-7inD-0.233inT,,0DimWDT --> HSS,,HSS7X3X1/4,3in,7in,0.233in,,2ExtrudedProfile --> Beam/Column --> SteelHSS
PRESET,,0DimWDT --> HSS-3inW-7inD-0.174inT,,0DimWDT --> HSS,,HSS7X3X3/16,3in,7in,0.174in,,2ExtrudedProfile --> Beam/Column --> SteelHSS
PRESET,,0DimWDT --> HSS-3inW-7inD-0.116inT,,0DimWDT --> HSS,,HSS7X3X1/8,3in,7in,0.116in,,2ExtrudedProfile --> Beam/Column --> SteelHSS
PRESET,,0DimWDT --> HSS-2inW-7inD-0.233inT,,0DimWDT --> HSS,,HSS7X2X1/4,2in,7in,0.233in,,2ExtrudedProfile --> Beam/Column --> SteelHSS
PRESET,,0DimWDT --> HSS-2inW-7inD-0.174inT,,0DimWDT --> HSS,,HSS7X2X3/16,2in,7in,0.174in,,2ExtrudedProfile --> Beam/Column --> SteelHSS
PRESET,,0DimWDT --> HSS-2inW-7inD-0.116inT,,0DimWDT --> HSS,,HSS7X2X1/8,2in,7in,0.116in,,2ExtrudedProfile --> Beam/Column --> SteelHSS
PRESET,,0DimWDT --> HSS-6inW-6inD-0.581inT,,0DimWDT --> HSS,,HSS6X6X5/8,6in,6in,0.581in,,2ExtrudedProfile --> Beam/Column --> SteelHSS
PRESET,,0DimWDT --> HSS-6inW-6inD-0.465inT,,0DimWDT --> HSS,,HSS6X6X1/2,6in,6in,0.465in,,2ExtrudedProfile --> Beam/Column --> SteelHSS
PRESET,,0DimWDT --> HSS-6inW-6inD-0.349inT,,0DimWDT --> HSS,,HSS6X6X3/8,6in,6in,0.349in,,2ExtrudedProfile --> Beam/Column --> SteelHSS
PRESET,,0DimWDT --> HSS-6inW-6inD-0.291inT,,0DimWDT --> HSS,,HSS6X6X5/16,6in,6in,0.291in,,2ExtrudedProfile --> Beam/Column --> SteelHSS
PRESET,,0DimWDT --> HSS-6inW-6inD-0.233inT,,0DimWDT --> HSS,,HSS6X6X1/4,6in,6in,0.233in,,2ExtrudedProfile --> Beam/Column --> SteelHSS
PRESET,,0DimWDT --> HSS-6inW-6inD-0.174inT,,0DimWDT --> HSS,,HSS6X6X3/16,6in,6in,0.174in,,2ExtrudedProfile --> Beam/Column --> SteelHSS
PRESET,,0DimWDT --> HSS-6inW-6inD-0.116inT,,0DimWDT --> HSS,,HSS6X6X1/8,6in,6in,0.116in,,2ExtrudedProfile --> Beam/Column --> SteelHSS
PRESET,,0DimWDT --> HSS-5inW-6inD-0.465inT,,0DimWDT --> HSS,,HSS6X5X1/2,5in,6in,0.465in,,2ExtrudedProfile --> Beam/Column --> SteelHSS
PRESET,,0DimWDT --> HSS-5inW-6inD-0.349inT,,0DimWDT --> HSS,,HSS6X5X3/8,5in,6in,0.349in,,2ExtrudedProfile --> Beam/Column --> SteelHSS
PRESET,,0DimWDT --> HSS-5inW-6inD-0.291inT,,0DimWDT --> HSS,,HSS6X5X5/16,5in,6in,0.291in,,2ExtrudedProfile --> Beam/Column --> SteelHSS
PRESET,,0DimWDT --> HSS-5inW-6inD-0.233inT,,0DimWDT --> HSS,,HSS6X5X1/4,5in,6in,0.233in,,2ExtrudedProfile --> Beam/Column --> SteelHSS
PRESET,,0DimWDT --> HSS-5inW-6inD-0.174inT,,0DimWDT --> HSS,,HSS6X5X3/16,5in,6in,0.174in,,2ExtrudedProfile --> Beam/Column --> SteelHSS
PRESET,,0DimWDT --> HSS-5inW-6inD-0.116inT,,0DimWDT --> HSS,,HSS6X5X1/8,5in,6in,0.116in,,2ExtrudedProfile --> Beam/Column --> SteelHSS
PRESET,,0DimWDT --> HSS-4inW-6inD-0.465inT,,0DimWDT --> HSS,,HSS6X4X1/2,4in,6in,0.465in,,2ExtrudedProfile --> Beam/Column --> SteelHSS
PRESET,,0DimWDT --> HSS-4inW-6inD-0.349inT,,0DimWDT --> HSS,,HSS6X4X3/8,4in,6in,0.349in,,2ExtrudedProfile --> Beam/Column --> SteelHSS
PRESET,,0DimWDT --> HSS-4inW-6inD-0.291inT,,0DimWDT --> HSS,,HSS6X4X5/16,4in,6in,0.291in,,2ExtrudedProfile --> Beam/Column --> SteelHSS
PRESET,,0DimWDT --> HSS-4inW-6inD-0.233inT,,0DimWDT --> HSS,,HSS6X4X1/4,4in,6in,0.233in,,2ExtrudedProfile --> Beam/Column --> SteelHSS
PRESET,,0DimWDT --> HSS-4inW-6inD-0.174inT,,0DimWDT --> HSS,,HSS6X4X3/16,4in,6in,0.174in,,2ExtrudedProfile --> Beam/Column --> SteelHSS
PRESET,,0DimWDT --> HSS-4inW-6inD-0.116inT,,0DimWDT --> HSS,,HSS6X4X1/8,4in,6in,0.116in,,2ExtrudedProfile --> Beam/Column --> SteelHSS
PRESET,,0DimWDT --> HSS-3inW-6inD-0.465inT,,0DimWDT --> HSS,,HSS6X3X1/2,3in,6in,0.465in,,2ExtrudedProfile --> Beam/Column --> SteelHSS
PRESET,,0DimWDT --> HSS-3inW-6inD-0.349inT,,0DimWDT --> HSS,,HSS6X3X3/8,3in,6in,0.349in,,2ExtrudedProfile --> Beam/Column --> SteelHSS
PRESET,,0DimWDT --> HSS-3inW-6inD-0.291inT,,0DimWDT --> HSS,,HSS6X3X5/16,3in,6in,0.291in,,2ExtrudedProfile --> Beam/Column --> SteelHSS
PRESET,,0DimWDT --> HSS-3inW-6inD-0.233inT,,0DimWDT --> HSS,,HSS6X3X1/4,3in,6in,0.233in,,2ExtrudedProfile --> Beam/Column --> SteelHSS
PRESET,,0DimWDT --> HSS-3inW-6inD-0.174inT,,0DimWDT --> HSS,,HSS6X3X3/16,3in,6in,0.174in,,2ExtrudedProfile --> Beam/Column --> SteelHSS
PRESET,,0DimWDT --> HSS-3inW-6inD-0.116inT,,0DimWDT --> HSS,,HSS6X3X1/8,3in,6in,0.116in,,2ExtrudedProfile --> Beam/Column --> SteelHSS
PRESET,,0DimWDT --> HSS-2inW-6inD-0.349inT,,0DimWDT --> HSS,,HSS6X2X3/8,2in,6in,0.349in,,2ExtrudedProfile --> Beam/Column --> SteelHSS
PRESET,,0DimWDT --> HSS-2inW-6inD-0.291inT,,0DimWDT --> HSS,,HSS6X2X5/16,2in,6in,0.291in,,2ExtrudedProfile --> Beam/Column --> SteelHSS
PRESET,,0DimWDT --> HSS-2inW-6inD-0.233inT,,0DimWDT --> HSS,,HSS6X2X1/4,2in,6in,0.233in,,2ExtrudedProfile --> Beam/Column --> SteelHSS
PRESET,,0DimWDT --> HSS-2inW-6inD-0.174inT,,0DimWDT --> HSS,,HSS6X2X3/16,2in,6in,0.174in,,2ExtrudedProfile --> Beam/Column --> SteelHSS
PRESET,,0DimWDT --> HSS-2inW-6inD-0.116inT,,0DimWDT --> HSS,,HSS6X2X1/8,2in,6in,0.116in,,2ExtrudedProfile --> Beam/Column --> SteelHSS
PRESET,,0DimWDT --> HSS-5.5inW-5.5inD-0.349inT,,0DimWDT --> HSS,,HSS5-1/2X5-1/2X3/8,5.5in,5.5in,0.349in,,2ExtrudedProfile --> Beam/Column --> SteelHSS
PRESET,,0DimWDT --> HSS-5.5inW-5.5inD-0.291inT,,0DimWDT --> HSS,,HSS5-1/2X5-1/2X5/16,5.5in,5.5in,0.291in,,2ExtrudedProfile --> Beam/Column --> SteelHSS
PRESET,,0DimWDT --> HSS-5.5inW-5.5inD-0.233inT,,0DimWDT --> HSS,,HSS5-1/2X5-1/2X1/4,5.5in,5.5in,0.233in,,2ExtrudedProfile --> Beam/Column --> SteelHSS
PRESET,,0DimWDT --> HSS-5.5inW-5.5inD-0.174inT,,0DimWDT --> HSS,,HSS5-1/2X5-1/2X3/16,5.5in,5.5in,0.174in,,2ExtrudedProfile --> Beam/Column --> SteelHSS
PRESET,,0DimWDT --> HSS-5.5inW-5.5inD-0.116inT,,0DimWDT --> HSS,,HSS5-1/2X5-1/2X1/8,5.5in,5.5in,0.116in,,2ExtrudedProfile --> Beam/Column --> SteelHSS
PRESET,,0DimWDT --> HSS-5inW-5inD-0.465inT,,0DimWDT --> HSS,,HSS5X5X1/2,5in,5in,0.465in,,2ExtrudedProfile --> Beam/Column --> SteelHSS
PRESET,,0DimWDT --> HSS-5inW-5inD-0.349inT,,0DimWDT --> HSS,,HSS5X5X3/8,5in,5in,0.349in,,2ExtrudedProfile --> Beam/Column --> SteelHSS
PRESET,,0DimWDT --> HSS-5inW-5inD-0.291inT,,0DimWDT --> HSS,,HSS5X5X5/16,5in,5in,0.291in,,2ExtrudedProfile --> Beam/Column --> SteelHSS
PRESET,,0DimWDT --> HSS-5inW-5inD-0.233inT,,0DimWDT --> HSS,,HSS5X5X1/4,5in,5in,0.233in,,2ExtrudedProfile --> Beam/Column --> SteelHSS
PRESET,,0DimWDT --> HSS-5inW-5inD-0.174inT,,0DimWDT --> HSS,,HSS5X5X3/16,5in,5in,0.174in,,2ExtrudedProfile --> Beam/Column --> SteelHSS
PRESET,,0DimWDT --> HSS-5inW-5inD-0.116inT,,0DimWDT --> HSS,,HSS5X5X1/8,5in,5in,0.116in,,2ExtrudedProfile --> Beam/Column --> SteelHSS
PRESET,,0DimWDT --> HSS-4inW-5inD-0.465inT,,0DimWDT --> HSS,,HSS5X4X1/2,4in,5in,0.465in,,2ExtrudedProfile --> Beam/Column --> SteelHSS
PRESET,,0DimWDT --> HSS-4inW-5inD-0.349inT,,0DimWDT --> HSS,,HSS5X4X3/8,4in,5in,0.349in,,2ExtrudedProfile --> Beam/Column --> SteelHSS
PRESET,,0DimWDT --> HSS-4inW-5inD-0.291inT,,0DimWDT --> HSS,,HSS5X4X5/16,4in,5in,0.291in,,2ExtrudedProfile --> Beam/Column --> SteelHSS
PRESET,,0DimWDT --> HSS-4inW-5inD-0.233inT,,0DimWDT --> HSS,,HSS5X4X1/4,4in,5in,0.233in,,2ExtrudedProfile --> Beam/Column --> SteelHSS
PRESET,,0DimWDT --> HSS-4inW-5inD-0.174inT,,0DimWDT --> HSS,,HSS5X4X3/16,4in,5in,0.174in,,2ExtrudedProfile --> Beam/Column --> SteelHSS
PRESET,,0DimWDT --> HSS-4inW-5inD-0.116inT,,0DimWDT --> HSS,,HSS5X4X1/8,4in,5in,0.116in,,2ExtrudedProfile --> Beam/Column --> SteelHSS
PRESET,,0DimWDT --> HSS-3inW-5inD-0.465inT,,0DimWDT --> HSS,,HSS5X3X1/2,3in,5in,0.465in,,2ExtrudedProfile --> Beam/Column --> SteelHSS
PRESET,,0DimWDT --> HSS-3inW-5inD-0.349inT,,0DimWDT --> HSS,,HSS5X3X3/8,3in,5in,0.349in,,2ExtrudedProfile --> Beam/Column --> SteelHSS
PRESET,,0DimWDT --> HSS-3inW-5inD-0.291inT,,0DimWDT --> HSS,,HSS5X3X5/16,3in,5in,0.291in,,2ExtrudedProfile --> Beam/Column --> SteelHSS
PRESET,,0DimWDT --> HSS-3inW-5inD-0.233inT,,0DimWDT --> HSS,,HSS5X3X1/4,3in,5in,0.233in,,2ExtrudedProfile --> Beam/Column --> SteelHSS
PRESET,,0DimWDT --> HSS-3inW-5inD-0.174inT,,0DimWDT --> HSS,,HSS5X3X3/16,3in,5in,0.174in,,2ExtrudedProfile --> Beam/Column --> SteelHSS
PRESET,,0DimWDT --> HSS-3inW-5inD-0.116inT,,0DimWDT --> HSS,,HSS5X3X1/8,3in,5in,0.116in,,2ExtrudedProfile --> Beam/Column --> SteelHSS
PRESET,,0DimWDT --> HSS-2.5inW-5inD-0.233inT,,0DimWDT --> HSS,,HSS5X2-1/2X1/4,2.5in,5in,0.233in,,2ExtrudedProfile --> Beam/Column --> SteelHSS
PRESET,,0DimWDT --> HSS-2.5inW-5inD-0.174inT,,0DimWDT --> HSS,,HSS5X2-1/2X3/16,2.5in,5in,0.174in,,2ExtrudedProfile --> Beam/Column --> SteelHSS
PRESET,,0DimWDT --> HSS-2.5inW-5inD-0.116inT,,0DimWDT --> HSS,,HSS5X2-1/2X1/8,2.5in,5in,0.116in,,2ExtrudedProfile --> Beam/Column --> SteelHSS
PRESET,,0DimWDT --> HSS-2inW-5inD-0.349inT,,0DimWDT --> HSS,,HSS5X2X3/8,2in,5in,0.349in,,2ExtrudedProfile --> Beam/Column --> SteelHSS
PRESET,,0DimWDT --> HSS-2inW-5inD-0.291inT,,0DimWDT --> HSS,,HSS5X2X5/16,2in,5in,0.291in,,2ExtrudedProfile --> Beam/Column --> SteelHSS
PRESET,,0DimWDT --> HSS-2inW-5inD-0.233inT,,0DimWDT --> HSS,,HSS5X2X1/4,2in,5in,0.233in,,2ExtrudedProfile --> Beam/Column --> SteelHSS
PRESET,,0DimWDT --> HSS-2inW-5inD-0.174inT,,0DimWDT --> HSS,,HSS5X2X3/16,2in,5in,0.174in,,2ExtrudedProfile --> Beam/Column --> SteelHSS
PRESET,,0DimWDT --> HSS-2inW-5inD-0.116inT,,0DimWDT --> HSS,,HSS5X2X1/8,2in,5in,0.116in,,2ExtrudedProfile --> Beam/Column --> SteelHSS
PRESET,,0DimWDT --> HSS-4.5inW-4.5inD-0.465inT,,0DimWDT --> HSS,,HSS4-1/2X4-1/2X1/2,4.5in,4.5in,0.465in,,2ExtrudedProfile --> Beam/Column --> SteelHSS
PRESET,,0DimWDT --> HSS-4.5inW-4.5inD-0.349inT,,0DimWDT --> HSS,,HSS4-1/2X4-1/2X3/8,4.5in,4.5in,0.349in,,2ExtrudedProfile --> Beam/Column --> SteelHSS
PRESET,,0DimWDT --> HSS-4.5inW-4.5inD-0.291inT,,0DimWDT --> HSS,,HSS4-1/2X4-1/2X5/16,4.5in,4.5in,0.291in,,2ExtrudedProfile --> Beam/Column --> SteelHSS
PRESET,,0DimWDT --> HSS-4.5inW-4.5inD-0.233inT,,0DimWDT --> HSS,,HSS4-1/2X4-1/2X1/4,4.5in,4.5in,0.233in,,2ExtrudedProfile --> Beam/Column --> SteelHSS
PRESET,,0DimWDT --> HSS-4.5inW-4.5inD-0.174inT,,0DimWDT --> HSS,,HSS4-1/2X4-1/2X3/16,4.5in,4.5in,0.174in,,2ExtrudedProfile --> Beam/Column --> SteelHSS
PRESET,,0DimWDT --> HSS-4.5inW-4.5inD-0.116inT,,0DimWDT --> HSS,,HSS4-1/2X4-1/2X1/8,4.5in,4.5in,0.116in,,2ExtrudedProfile --> Beam/Column --> SteelHSS
PRESET,,0DimWDT --> HSS-4inW-4inD-0.465inT,,0DimWDT --> HSS,,HSS4X4X1/2,4in,4in,0.465in,,2ExtrudedProfile --> Beam/Column --> SteelHSS
PRESET,,0DimWDT --> HSS-4inW-4inD-0.349inT,,0DimWDT --> HSS,,HSS4X4X3/8,4in,4in,0.349in,,2ExtrudedProfile --> Beam/Column --> SteelHSS
PRESET,,0DimWDT --> HSS-4inW-4inD-0.291inT,,0DimWDT --> HSS,,HSS4X4X5/16,4in,4in,0.291in,,2ExtrudedProfile --> Beam/Column --> SteelHSS
PRESET,,0DimWDT --> HSS-4inW-4inD-0.233inT,,0DimWDT --> HSS,,HSS4X4X1/4,4in,4in,0.233in,,2ExtrudedProfile --> Beam/Column --> SteelHSS
PRESET,,0DimWDT --> HSS-4inW-4inD-0.174inT,,0DimWDT --> HSS,,HSS4X4X3/16,4in,4in,0.174in,,2ExtrudedProfile --> Beam/Column --> SteelHSS
PRESET,,0DimWDT --> HSS-4inW-4inD-0.116inT,,0DimWDT --> HSS,,HSS4X4X1/8,4in,4in,0.116in,,2ExtrudedProfile --> Beam/Column --> SteelHSS
PRESET,,0DimWDT --> HSS-3inW-4inD-0.349inT,,0DimWDT --> HSS,,HSS4X3X3/8,3in,4in,0.349in,,2ExtrudedProfile --> Beam/Column --> SteelHSS
PRESET,,0DimWDT --> HSS-3inW-4inD-0.291inT,,0DimWDT --> HSS,,HSS4X3X5/16,3in,4in,0.291in,,2ExtrudedProfile --> Beam/Column --> SteelHSS
PRESET,,0DimWDT --> HSS-3inW-4inD-0.233inT,,0DimWDT --> HSS,,HSS4X3X1/4,3in,4in,0.233in,,2ExtrudedProfile --> Beam/Column --> SteelHSS
PRESET,,0DimWDT --> HSS-3inW-4inD-0.174inT,,0DimWDT --> HSS,,HSS4X3X3/16,3in,4in,0.174in,,2ExtrudedProfile --> Beam/Column --> SteelHSS
PRESET,,0DimWDT --> HSS-3inW-4inD-0.116inT,,0DimWDT --> HSS,,HSS4X3X1/8,3in,4in,0.116in,,2ExtrudedProfile --> Beam/Column --> SteelHSS
PRESET,,0DimWDT --> HSS-2.5inW-4inD-0.349inT,,0DimWDT --> HSS,,HSS4X2-1/2X3/8,2.5in,4in,0.349in,,2ExtrudedProfile --> Beam/Column --> SteelHSS
PRESET,,0DimWDT --> HSS-2.5inW-4inD-0.291inT,,0DimWDT --> HSS,,HSS4X2-1/2X5/16,2.5in,4in,0.291in,,2ExtrudedProfile --> Beam/Column --> SteelHSS
PRESET,,0DimWDT --> HSS-2.5inW-4inD-0.233inT,,0DimWDT --> HSS,,HSS4X2-1/2X1/4,2.5in,4in,0.233in,,2ExtrudedProfile --> Beam/Column --> SteelHSS
PRESET,,0DimWDT --> HSS-2.5inW-4inD-0.174inT,,0DimWDT --> HSS,,HSS4X2-1/2X3/16,2.5in,4in,0.174in,,2ExtrudedProfile --> Beam/Column --> SteelHSS
PRESET,,0DimWDT --> HSS-2.5inW-4inD-0.116inT,,0DimWDT --> HSS,,HSS4X2-1/2X1/8,2.5in,4in,0.116in,,2ExtrudedProfile --> Beam/Column --> SteelHSS
PRESET,,0DimWDT --> HSS-2inW-4inD-0.349inT,,0DimWDT --> HSS,,HSS4X2X3/8,2in,4in,0.349in,,2ExtrudedProfile --> Beam/Column --> SteelHSS
PRESET,,0DimWDT --> HSS-2inW-4inD-0.291inT,,0DimWDT --> HSS,,HSS4X2X5/16,2in,4in,0.291in,,2ExtrudedProfile --> Beam/Column --> SteelHSS
PRESET,,0DimWDT --> HSS-2inW-4inD-0.233inT,,0DimWDT --> HSS,,HSS4X2X1/4,2in,4in,0.233in,,2ExtrudedProfile --> Beam/Column --> SteelHSS
PRESET,,0DimWDT --> HSS-2inW-4inD-0.174inT,,0DimWDT --> HSS,,HSS4X2X3/16,2in,4in,0.174in,,2ExtrudedProfile --> Beam/Column --> SteelHSS
PRESET,,0DimWDT --> HSS-2inW-4inD-0.116inT,,0DimWDT --> HSS,,HSS4X2X1/8,2in,4in,0.116in,,2ExtrudedProfile --> Beam/Column --> SteelHSS
PRESET,,0DimWDT --> HSS-3.5inW-3.5inD-0.349inT,,0DimWDT --> HSS,,HSS3-1/2X3-1/2X3/8,3.5in,3.5in,0.349in,,2ExtrudedProfile --> Beam/Column --> SteelHSS
PRESET,,0DimWDT --> HSS-3.5inW-3.5inD-0.291inT,,0DimWDT --> HSS,,HSS3-1/2X3-1/2X5/16,3.5in,3.5in,0.291in,,2ExtrudedProfile --> Beam/Column --> SteelHSS
PRESET,,0DimWDT --> HSS-3.5inW-3.5inD-0.233inT,,0DimWDT --> HSS,,HSS3-1/2X3-1/2X1/4,3.5in,3.5in,0.233in,,2ExtrudedProfile --> Beam/Column --> SteelHSS
PRESET,,0DimWDT --> HSS-3.5inW-3.5inD-0.174inT,,0DimWDT --> HSS,,HSS3-1/2X3-1/2X3/16,3.5in,3.5in,0.174in,,2ExtrudedProfile --> Beam/Column --> SteelHSS
PRESET,,0DimWDT --> HSS-3.5inW-3.5inD-0.116inT,,0DimWDT --> HSS,,HSS3-1/2X3-1/2X1/8,3.5in,3.5in,0.116in,,2ExtrudedProfile --> Beam/Column --> SteelHSS
PRESET,,0DimWDT --> HSS-2.5inW-3.5inD-0.349inT,,0DimWDT --> HSS,,HSS3-1/2X2-1/2X3/8,2.5in,3.5in,0.349in,,2ExtrudedProfile --> Beam/Column --> SteelHSS
PRESET,,0DimWDT --> HSS-2.5inW-3.5inD-0.291inT,,0DimWDT --> HSS,,HSS3-1/2X2-1/2X5/16,2.5in,3.5in,0.291in,,2ExtrudedProfile --> Beam/Column --> SteelHSS
PRESET,,0DimWDT --> HSS-2.5inW-3.5inD-0.233inT,,0DimWDT --> HSS,,HSS3-1/2X2-1/2X1/4,2.5in,3.5in,0.233in,,2ExtrudedProfile --> Beam/Column --> SteelHSS
PRESET,,0DimWDT --> HSS-2.5inW-3.5inD-0.174inT,,0DimWDT --> HSS,,HSS3-1/2X2-1/2X3/16,2.5in,3.5in,0.174in,,2ExtrudedProfile --> Beam/Column --> SteelHSS
PRESET,,0DimWDT --> HSS-2.5inW-3.5inD-0.116inT,,0DimWDT --> HSS,,HSS3-1/2X2-1/2X1/8,2.5in,3.5in,0.116in,,2ExtrudedProfile --> Beam/Column --> SteelHSS
PRESET,,0DimWDT --> HSS-2inW-3.5inD-0.233inT,,0DimWDT --> HSS,,HSS3-1/2X2X1/4,2in,3.5in,0.233in,,2ExtrudedProfile --> Beam/Column --> SteelHSS
PRESET,,0DimWDT --> HSS-2inW-3.5inD-0.174inT,,0DimWDT --> HSS,,HSS3-1/2X2X3/16,2in,3.5in,0.174in,,2ExtrudedProfile --> Beam/Column --> SteelHSS
PRESET,,0DimWDT --> HSS-2inW-3.5inD-0.116inT,,0DimWDT --> HSS,,HSS3-1/2X2X1/8,2in,3.5in,0.116in,,2ExtrudedProfile --> Beam/Column --> SteelHSS
PRESET,,0DimWDT --> HSS-1.5inW-3.5inD-0.233inT,,0DimWDT --> HSS,,HSS3-1/2X1-1/2X1/4,1.5in,3.5in,0.233in,,2ExtrudedProfile --> Beam/Column --> SteelHSS
PRESET,,0DimWDT --> HSS-1.5inW-3.5inD-0.174inT,,0DimWDT --> HSS,,HSS3-1/2X1-1/2X3/16,1.5in,3.5in,0.174in,,2ExtrudedProfile --> Beam/Column --> SteelHSS
PRESET,,0DimWDT --> HSS-1.5inW-3.5inD-0.116inT,,0DimWDT --> HSS,,HSS3-1/2X1-1/2X1/8,1.5in,3.5in,0.116in,,2ExtrudedProfile --> Beam/Column --> SteelHSS
PRESET,,0DimWDT --> HSS-3inW-3inD-0.349inT,,0DimWDT --> HSS,,HSS3X3X3/8,3in,3in,0.349in,,2ExtrudedProfile --> Beam/Column --> SteelHSS
PRESET,,0DimWDT --> HSS-3inW-3inD-0.291inT,,0DimWDT --> HSS,,HSS3X3X5/16,3in,3in,0.291in,,2ExtrudedProfile --> Beam/Column --> SteelHSS
PRESET,,0DimWDT --> HSS-3inW-3inD-0.233inT,,0DimWDT --> HSS,,HSS3X3X1/4,3in,3in,0.233in,,2ExtrudedProfile --> Beam/Column --> SteelHSS
PRESET,,0DimWDT --> HSS-3inW-3inD-0.174inT,,0DimWDT --> HSS,,HSS3X3X3/16,3in,3in,0.174in,,2ExtrudedProfile --> Beam/Column --> SteelHSS
PRESET,,0DimWDT --> HSS-3inW-3inD-0.116inT,,0DimWDT --> HSS,,HSS3X3X1/8,3in,3in,0.116in,,2ExtrudedProfile --> Beam/Column --> SteelHSS
PRESET,,0DimWDT --> HSS-2.5inW-3inD-0.291inT,,0DimWDT --> HSS,,HSS3X2-1/2X5/16,2.5in,3in,0.291in,,2ExtrudedProfile --> Beam/Column --> SteelHSS
PRESET,,0DimWDT --> HSS-2.5inW-3inD-0.233inT,,0DimWDT --> HSS,,HSS3X2-1/2X1/4,2.5in,3in,0.233in,,2ExtrudedProfile --> Beam/Column --> SteelHSS
PRESET,,0DimWDT --> HSS-2.5inW-3inD-0.174inT,,0DimWDT --> HSS,,HSS3X2-1/2X3/16,2.5in,3in,0.174in,,2ExtrudedProfile --> Beam/Column --> SteelHSS
PRESET,,0DimWDT --> HSS-2.5inW-3inD-0.116inT,,0DimWDT --> HSS,,HSS3X2-1/2X1/8,2.5in,3in,0.116in,,2ExtrudedProfile --> Beam/Column --> SteelHSS
PRESET,,0DimWDT --> HSS-2inW-3inD-0.291inT,,0DimWDT --> HSS,,HSS3X2X5/16,2in,3in,0.291in,,2ExtrudedProfile --> Beam/Column --> SteelHSS
PRESET,,0DimWDT --> HSS-2inW-3inD-0.233inT,,0DimWDT --> HSS,,HSS3X2X1/4,2in,3in,0.233in,,2ExtrudedProfile --> Beam/Column --> SteelHSS
PRESET,,0DimWDT --> HSS-2inW-3inD-0.174inT,,0DimWDT --> HSS,,HSS3X2X3/16,2in,3in,0.174in,,2ExtrudedProfile --> Beam/Column --> SteelHSS
PRESET,,0DimWDT --> HSS-2inW-3inD-0.116inT,,0DimWDT --> HSS,,HSS3X2X1/8,2in,3in,0.116in,,2ExtrudedProfile --> Beam/Column --> SteelHSS
PRESET,,0DimWDT --> HSS-1.5inW-3inD-0.233inT,,0DimWDT --> HSS,,HSS3X1-1/2X1/4,1.5in,3in,0.233in,,2ExtrudedProfile --> Beam/Column --> SteelHSS
PRESET,,0DimWDT --> HSS-1.5inW-3inD-0.174inT,,0DimWDT --> HSS,,HSS3X1-1/2X3/16,1.5in,3in,0.174in,,2ExtrudedProfile --> Beam/Column --> SteelHSS
PRESET,,0DimWDT --> HSS-1.5inW-3inD-0.116inT,,0DimWDT --> HSS,,HSS3X1-1/2X1/8,1.5in,3in,0.116in,,2ExtrudedProfile --> Beam/Column --> SteelHSS
PRESET,,0DimWDT --> HSS-1inW-3inD-0.174inT,,0DimWDT --> HSS,,HSS3X1X3/16,1in,3in,0.174in,,2ExtrudedProfile --> Beam/Column --> SteelHSS
PRESET,,0DimWDT --> HSS-1inW-3inD-0.116inT,,0DimWDT --> HSS,,HSS3X1X1/8,1in,3in,0.116in,,2ExtrudedProfile --> Beam/Column --> SteelHSS
PRESET,,0DimWDT --> HSS-2.5inW-2.5inD-0.291inT,,0DimWDT --> HSS,,HSS2-1/2X2-1/2X5/16,2.5in,2.5in,0.291in,,2ExtrudedProfile --> Beam/Column --> SteelHSS
PRESET,,0DimWDT --> HSS-2.5inW-2.5inD-0.233inT,,0DimWDT --> HSS,,HSS2-1/2X2-1/2X1/4,2.5in,2.5in,0.233in,,2ExtrudedProfile --> Beam/Column --> SteelHSS
PRESET,,0DimWDT --> HSS-2.5inW-2.5inD-0.174inT,,0DimWDT --> HSS,,HSS2-1/2X2-1/2X3/16,2.5in,2.5in,0.174in,,2ExtrudedProfile --> Beam/Column --> SteelHSS
PRESET,,0DimWDT --> HSS-2.5inW-2.5inD-0.116inT,,0DimWDT --> HSS,,HSS2-1/2X2-1/2X1/8,2.5in,2.5in,0.116in,,2ExtrudedProfile --> Beam/Column --> SteelHSS
PRESET,,0DimWDT --> HSS-2inW-2.5inD-0.233inT,,0DimWDT --> HSS,,HSS2-1/2X2X1/4,2in,2.5in,0.233in,,2ExtrudedProfile --> Beam/Column --> SteelHSS
PRESET,,0DimWDT --> HSS-2inW-2.5inD-0.174inT,,0DimWDT --> HSS,,HSS2-1/2X2X3/16,2in,2.5in,0.174in,,2ExtrudedProfile --> Beam/Column --> SteelHSS
PRESET,,0DimWDT --> HSS-2inW-2.5inD-0.116inT,,0DimWDT --> HSS,,HSS2-1/2X2X1/8,2in,2.5in,0.116in,,2ExtrudedProfile --> Beam/Column --> SteelHSS
PRESET,,0DimWDT --> HSS-1.5inW-2.5inD-0.233inT,,0DimWDT --> HSS,,HSS2-1/2X1-1/2X1/4,1.5in,2.5in,0.233in,,2ExtrudedProfile --> Beam/Column --> SteelHSS
PRESET,,0DimWDT --> HSS-1.5inW-2.5inD-0.174inT,,0DimWDT --> HSS,,HSS2-1/2X1-1/2X3/16,1.5in,2.5in,0.174in,,2ExtrudedProfile --> Beam/Column --> SteelHSS
PRESET,,0DimWDT --> HSS-1.5inW-2.5inD-0.116inT,,0DimWDT --> HSS,,HSS2-1/2X1-1/2X1/8,1.5in,2.5in,0.116in,,2ExtrudedProfile --> Beam/Column --> SteelHSS
PRESET,,0DimWDT --> HSS-1inW-2.5inD-0.174inT,,0DimWDT --> HSS,,HSS2-1/2X1X3/16,1in,2.5in,0.174in,,2ExtrudedProfile --> Beam/Column --> SteelHSS
PRESET,,0DimWDT --> HSS-1inW-2.5inD-0.116inT,,0DimWDT --> HSS,,HSS2-1/2X1X1/8,1in,2.5in,0.116in,,2ExtrudedProfile --> Beam/Column --> SteelHSS
PRESET,,0DimWDT --> HSS-2.25inW-2.25inD-0.233inT,,0DimWDT --> HSS,,HSS2-1/4X2-1/4X1/4,2.25in,2.25in,0.233in,,2ExtrudedProfile --> Beam/Column --> SteelHSS
PRESET,,0DimWDT --> HSS-2.25inW-2.25inD-0.174inT,,0DimWDT --> HSS,,HSS2-1/4X2-1/4X3/16,2.25in,2.25in,0.174in,,2ExtrudedProfile --> Beam/Column --> SteelHSS
PRESET,,0DimWDT --> HSS-2.25inW-2.25inD-0.116inT,,0DimWDT --> HSS,,HSS2-1/4X2-1/4X1/8,2.25in,2.25in,0.116in,,2ExtrudedProfile --> Beam/Column --> SteelHSS
PRESET,,0DimWDT --> HSS-2inW-2.25inD-0.174inT,,0DimWDT --> HSS,,HSS2-1/4X2X3/16,2in,2.25in,0.174in,,2ExtrudedProfile --> Beam/Column --> SteelHSS
PRESET,,0DimWDT --> HSS-2inW-2.25inD-0.116inT,,0DimWDT --> HSS,,HSS2-1/4X2X1/8,2in,2.25in,0.116in,,2ExtrudedProfile --> Beam/Column --> SteelHSS
PRESET,,0DimWDT --> HSS-2inW-2inD-0.233inT,,0DimWDT --> HSS,,HSS2X2X1/4,2in,2in,0.233in,,2ExtrudedProfile --> Beam/Column --> SteelHSS
PRESET,,0DimWDT --> HSS-2inW-2inD-0.174inT,,0DimWDT --> HSS,,HSS2X2X3/16,2in,2in,0.174in,,2ExtrudedProfile --> Beam/Column --> SteelHSS
PRESET,,0DimWDT --> HSS-2inW-2inD-0.116inT,,0DimWDT --> HSS,,HSS2X2X1/8,2in,2in,0.116in,,2ExtrudedProfile --> Beam/Column --> SteelHSS
PRESET,,0DimWDT --> HSS-1.5inW-2inD-0.174inT,,0DimWDT --> HSS,,HSS2X1-1/2X3/16,1.5in,2in,0.174in,,2ExtrudedProfile --> Beam/Column --> SteelHSS
PRESET,,0DimWDT --> HSS-1.5inW-2inD-0.116inT,,0DimWDT --> HSS,,HSS2X1-1/2X1/8,1.5in,2in,0.116in,,2ExtrudedProfile --> Beam/Column --> SteelHSS
PRESET,,0DimWDT --> HSS-1inW-2inD-0.174inT,,0DimWDT --> HSS,,HSS2X1X3/16,1in,2in,0.174in,,2ExtrudedProfile --> Beam/Column --> SteelHSS
PRESET,,0DimWDT --> HSS-1inW-2inD-0.116inT,,0DimWDT --> HSS,,HSS2X1X1/8,1in,2in,0.116in,,2ExtrudedProfile --> Beam/Column --> SteelHSS
,,,,,,,,,,,
