TYPENAME,,2ExtrudedProfile,,Assembly,,,,,,,,
,,Definition,,,,,,,,,,
ICON,,ExtrudedProfile,,,,,,,,,,
OUTPUT,,"OTStructureLine[NOT TRUE, ALSO TRIM, REVISIT THIS CONCEPT??]",,,,,,,,,,
,,PropertyType,,PropertyName,,PropertyScope.Value,,,,,,
PROPERTY,,STRING,,Name,,Assembly.Name,,,,,,
,,InputExtensibility,,InputPreset,,,,,,,,
INPUTPIN,,1..1,,ChildMaterial,,,,,,,,
INPUTPIN,,1..1,,ChildDimension,,,,,,,,
INPUTPIN,,1..1,,ChildProfile,,,,,,,,
,,Presets,,,,,,,,,,
TAGPATHS,DataType=ID,ID,DataType=TG_MyNode+CategoryPath,,DataType=Properties,Assembly.Name,DataType=StartsInProject,,DataType=InputPins,ChildMaterial,ChildDimension,ChildProfile
PRESET,,"2ExtrudedProfile --> Beam/Column --> ConcreteRectangular
1Material --> Aggregates --> Concrete-0RawMaterial-Concrete (Normal Aggregate)-0Color --> Aggregates --> Concrete-D6D7D8-Natural-0SrfTreatment-Standard
0DimDi-6in
0Profile-Plate Section",,2ExtrudedProfile --> Beam/Column --> ConcreteRectangular,,2ExtrudedProfile13,,X,,1Material --> Aggregates --> Concrete-0RawMaterial-Concrete (Normal Aggregate)-0Color --> Aggregates --> Concrete-D6D7D8-Natural-0SrfTreatment-Standard,0DimDi-6in,0Profile-Plate Section
PRESET,,"2ExtrudedProfile --> Beam/Column --> ConcreteRectangular
1Material --> Aggregates --> Concrete-0RawMaterial-Concrete (Normal Aggregate)-0Color --> Aggregates --> Concrete-D6D7D8-Natural-0SrfTreatment-Standard
0DimDi-8in
0Profile-Plate Section",,2ExtrudedProfile --> Beam/Column --> ConcreteRectangular,,2ExtrudedProfile14,,,,1Material --> Aggregates --> Concrete-0RawMaterial-Concrete (Normal Aggregate)-0Color --> Aggregates --> Concrete-D6D7D8-Natural-0SrfTreatment-Standard,0DimDi-8in,0Profile-Plate Section
PRESET,,"2ExtrudedProfile --> Beam/Column --> ConcreteRectangular
1Material --> Aggregates --> Concrete-0RawMaterial-Concrete (Normal Aggregate)-0Color --> Aggregates --> Concrete-D6D7D8-Natural-0SrfTreatment-Standard
0DimDi-10in
0Profile-Plate Section",,2ExtrudedProfile --> Beam/Column --> ConcreteRectangular,,2ExtrudedProfile15,,,,1Material --> Aggregates --> Concrete-0RawMaterial-Concrete (Normal Aggregate)-0Color --> Aggregates --> Concrete-D6D7D8-Natural-0SrfTreatment-Standard,0DimDi-10in,0Profile-Plate Section
PRESET,,"2ExtrudedProfile --> Beam/Column --> ConcreteRectangular
1Material --> Aggregates --> Concrete-0RawMaterial-Concrete (Normal Aggregate)-0Color --> Aggregates --> Concrete-D6D7D8-Natural-0SrfTreatment-Standard
0DimDi-12in
0Profile-Plate Section",,2ExtrudedProfile --> Beam/Column --> ConcreteRectangular,,2ExtrudedProfile16,,,,1Material --> Aggregates --> Concrete-0RawMaterial-Concrete (Normal Aggregate)-0Color --> Aggregates --> Concrete-D6D7D8-Natural-0SrfTreatment-Standard,0DimDi-12in,0Profile-Plate Section
PRESET,,"2ExtrudedProfile --> Beam/Column --> ConcreteRectangular
1Material --> Aggregates --> Concrete-0RawMaterial-Concrete (Normal Aggregate)-0Color --> Aggregates --> Concrete-D6D7D8-Natural-0SrfTreatment-Standard
0DimDi-14in
0Profile-Plate Section",,2ExtrudedProfile --> Beam/Column --> ConcreteRectangular,,2ExtrudedProfile17,,,,1Material --> Aggregates --> Concrete-0RawMaterial-Concrete (Normal Aggregate)-0Color --> Aggregates --> Concrete-D6D7D8-Natural-0SrfTreatment-Standard,0DimDi-14in,0Profile-Plate Section
PRESET,,"2ExtrudedProfile --> Beam/Column --> ConcreteRectangular
1Material --> Aggregates --> Concrete-0RawMaterial-Concrete (Normal Aggregate)-0Color --> Aggregates --> Concrete-D6D7D8-Natural-0SrfTreatment-Standard
0DimDi-16in
0Profile-Plate Section",,2ExtrudedProfile --> Beam/Column --> ConcreteRectangular,,2ExtrudedProfile18,,,,1Material --> Aggregates --> Concrete-0RawMaterial-Concrete (Normal Aggregate)-0Color --> Aggregates --> Concrete-D6D7D8-Natural-0SrfTreatment-Standard,0DimDi-16in,0Profile-Plate Section
PRESET,,"2ExtrudedProfile --> Beam/Column --> ConcreteRectangular
1Material --> Aggregates --> Concrete-0RawMaterial-Concrete (Normal Aggregate)-0Color --> Aggregates --> Concrete-D6D7D8-Natural-0SrfTreatment-Standard
0DimDi-18in
0Profile-Plate Section",,2ExtrudedProfile --> Beam/Column --> ConcreteRectangular,,2ExtrudedProfile19,,,,1Material --> Aggregates --> Concrete-0RawMaterial-Concrete (Normal Aggregate)-0Color --> Aggregates --> Concrete-D6D7D8-Natural-0SrfTreatment-Standard,0DimDi-18in,0Profile-Plate Section
PRESET,,"2ExtrudedProfile --> Beam/Column --> ConcreteRectangular
1Material --> Aggregates --> Concrete-0RawMaterial-Concrete (Normal Aggregate)-0Color --> Aggregates --> Concrete-D6D7D8-Natural-0SrfTreatment-Standard
0DimDi-20in
0Profile-Plate Section",,2ExtrudedProfile --> Beam/Column --> ConcreteRectangular,,2ExtrudedProfile20,,,,1Material --> Aggregates --> Concrete-0RawMaterial-Concrete (Normal Aggregate)-0Color --> Aggregates --> Concrete-D6D7D8-Natural-0SrfTreatment-Standard,0DimDi-20in,0Profile-Plate Section
PRESET,,"2ExtrudedProfile --> Beam/Column --> ConcreteRectangular
1Material --> Aggregates --> Concrete-0RawMaterial-Concrete (Normal Aggregate)-0Color --> Aggregates --> Concrete-D6D7D8-Natural-0SrfTreatment-Standard
0DimDi-22in
0Profile-Plate Section",,2ExtrudedProfile --> Beam/Column --> ConcreteRectangular,,2ExtrudedProfile21,,,,1Material --> Aggregates --> Concrete-0RawMaterial-Concrete (Normal Aggregate)-0Color --> Aggregates --> Concrete-D6D7D8-Natural-0SrfTreatment-Standard,0DimDi-22in,0Profile-Plate Section
PRESET,,"2ExtrudedProfile --> Beam/Column --> ConcreteRectangular
1Material --> Aggregates --> Concrete-0RawMaterial-Concrete (Normal Aggregate)-0Color --> Aggregates --> Concrete-D6D7D8-Natural-0SrfTreatment-Standard
0DimDi-24in
0Profile-Plate Section",,2ExtrudedProfile --> Beam/Column --> ConcreteRectangular,,2ExtrudedProfile22,,,,1Material --> Aggregates --> Concrete-0RawMaterial-Concrete (Normal Aggregate)-0Color --> Aggregates --> Concrete-D6D7D8-Natural-0SrfTreatment-Standard,0DimDi-24in,0Profile-Plate Section
PRESET,,"2ExtrudedProfile --> Beam/Column --> ConcreteRectangular
1Material --> Aggregates --> Concrete-0RawMaterial-Concrete (Normal Aggregate)-0Color --> Aggregates --> Concrete-D6D7D8-Natural-0SrfTreatment-Standard
0DimDi-26in
0Profile-Plate Section",,2ExtrudedProfile --> Beam/Column --> ConcreteRectangular,,2ExtrudedProfile23,,,,1Material --> Aggregates --> Concrete-0RawMaterial-Concrete (Normal Aggregate)-0Color --> Aggregates --> Concrete-D6D7D8-Natural-0SrfTreatment-Standard,0DimDi-26in,0Profile-Plate Section
PRESET,,"2ExtrudedProfile --> Beam/Column --> ConcreteRound
1Material --> Aggregates --> Concrete-0RawMaterial-Concrete (Normal Aggregate)-0Color --> Aggregates --> Concrete-D6D7D8-Natural-0SrfTreatment-Standard
0DimDi-6in
0Profile-Tube Steel",,2ExtrudedProfile --> Beam/Column --> ConcreteRound,,2ExtrudedProfile24,,,,1Material --> Aggregates --> Concrete-0RawMaterial-Concrete (Normal Aggregate)-0Color --> Aggregates --> Concrete-D6D7D8-Natural-0SrfTreatment-Standard,0DimDi-6in,0Profile-Tube Steel
PRESET,,"2ExtrudedProfile --> Beam/Column --> ConcreteRound
1Material --> Aggregates --> Concrete-0RawMaterial-Concrete (Normal Aggregate)-0Color --> Aggregates --> Concrete-D6D7D8-Natural-0SrfTreatment-Standard
0DimDi-8in
0Profile-Tube Steel",,2ExtrudedProfile --> Beam/Column --> ConcreteRound,,2ExtrudedProfile25,,,,1Material --> Aggregates --> Concrete-0RawMaterial-Concrete (Normal Aggregate)-0Color --> Aggregates --> Concrete-D6D7D8-Natural-0SrfTreatment-Standard,0DimDi-8in,0Profile-Tube Steel
PRESET,,"2ExtrudedProfile --> Beam/Column --> ConcreteRound
1Material --> Aggregates --> Concrete-0RawMaterial-Concrete (Normal Aggregate)-0Color --> Aggregates --> Concrete-D6D7D8-Natural-0SrfTreatment-Standard
0DimDi-10in
0Profile-Tube Steel",,2ExtrudedProfile --> Beam/Column --> ConcreteRound,,2ExtrudedProfile26,,,,1Material --> Aggregates --> Concrete-0RawMaterial-Concrete (Normal Aggregate)-0Color --> Aggregates --> Concrete-D6D7D8-Natural-0SrfTreatment-Standard,0DimDi-10in,0Profile-Tube Steel
PRESET,,"2ExtrudedProfile --> Beam/Column --> ConcreteRound
1Material --> Aggregates --> Concrete-0RawMaterial-Concrete (Normal Aggregate)-0Color --> Aggregates --> Concrete-D6D7D8-Natural-0SrfTreatment-Standard
0DimDi-12in
0Profile-Tube Steel",,2ExtrudedProfile --> Beam/Column --> ConcreteRound,,2ExtrudedProfile27,,X,,1Material --> Aggregates --> Concrete-0RawMaterial-Concrete (Normal Aggregate)-0Color --> Aggregates --> Concrete-D6D7D8-Natural-0SrfTreatment-Standard,0DimDi-12in,0Profile-Tube Steel
PRESET,,"2ExtrudedProfile --> Beam/Column --> ConcreteRound
1Material --> Aggregates --> Concrete-0RawMaterial-Concrete (Normal Aggregate)-0Color --> Aggregates --> Concrete-D6D7D8-Natural-0SrfTreatment-Standard
0DimDi-14in
0Profile-Tube Steel",,2ExtrudedProfile --> Beam/Column --> ConcreteRound,,2ExtrudedProfile28,,,,1Material --> Aggregates --> Concrete-0RawMaterial-Concrete (Normal Aggregate)-0Color --> Aggregates --> Concrete-D6D7D8-Natural-0SrfTreatment-Standard,0DimDi-14in,0Profile-Tube Steel
PRESET,,"2ExtrudedProfile --> Beam/Column --> ConcreteRound
1Material --> Aggregates --> Concrete-0RawMaterial-Concrete (Normal Aggregate)-0Color --> Aggregates --> Concrete-D6D7D8-Natural-0SrfTreatment-Standard
0DimDi-16in
0Profile-Tube Steel",,2ExtrudedProfile --> Beam/Column --> ConcreteRound,,2ExtrudedProfile29,,,,1Material --> Aggregates --> Concrete-0RawMaterial-Concrete (Normal Aggregate)-0Color --> Aggregates --> Concrete-D6D7D8-Natural-0SrfTreatment-Standard,0DimDi-16in,0Profile-Tube Steel
PRESET,,"2ExtrudedProfile --> Beam/Column --> ConcreteRound
1Material --> Aggregates --> Concrete-0RawMaterial-Concrete (Normal Aggregate)-0Color --> Aggregates --> Concrete-D6D7D8-Natural-0SrfTreatment-Standard
0DimDi-18in
0Profile-Tube Steel",,2ExtrudedProfile --> Beam/Column --> ConcreteRound,,2ExtrudedProfile30,,,,1Material --> Aggregates --> Concrete-0RawMaterial-Concrete (Normal Aggregate)-0Color --> Aggregates --> Concrete-D6D7D8-Natural-0SrfTreatment-Standard,0DimDi-18in,0Profile-Tube Steel
PRESET,,"2ExtrudedProfile --> Beam/Column --> ConcreteRound
1Material --> Aggregates --> Concrete-0RawMaterial-Concrete (Normal Aggregate)-0Color --> Aggregates --> Concrete-D6D7D8-Natural-0SrfTreatment-Standard
0DimDi-20in
0Profile-Tube Steel",,2ExtrudedProfile --> Beam/Column --> ConcreteRound,,2ExtrudedProfile31,,,,1Material --> Aggregates --> Concrete-0RawMaterial-Concrete (Normal Aggregate)-0Color --> Aggregates --> Concrete-D6D7D8-Natural-0SrfTreatment-Standard,0DimDi-20in,0Profile-Tube Steel
PRESET,,"2ExtrudedProfile --> Beam/Column --> ConcreteRound
1Material --> Aggregates --> Concrete-0RawMaterial-Concrete (Normal Aggregate)-0Color --> Aggregates --> Concrete-D6D7D8-Natural-0SrfTreatment-Standard
0DimDi-22in
0Profile-Tube Steel",,2ExtrudedProfile --> Beam/Column --> ConcreteRound,,2ExtrudedProfile32,,,,1Material --> Aggregates --> Concrete-0RawMaterial-Concrete (Normal Aggregate)-0Color --> Aggregates --> Concrete-D6D7D8-Natural-0SrfTreatment-Standard,0DimDi-22in,0Profile-Tube Steel
PRESET,,"2ExtrudedProfile --> Beam/Column --> ConcreteRound
1Material --> Aggregates --> Concrete-0RawMaterial-Concrete (Normal Aggregate)-0Color --> Aggregates --> Concrete-D6D7D8-Natural-0SrfTreatment-Standard
0DimDi-24in
0Profile-Tube Steel",,2ExtrudedProfile --> Beam/Column --> ConcreteRound,,2ExtrudedProfile33,,,,1Material --> Aggregates --> Concrete-0RawMaterial-Concrete (Normal Aggregate)-0Color --> Aggregates --> Concrete-D6D7D8-Natural-0SrfTreatment-Standard,0DimDi-24in,0Profile-Tube Steel
PRESET,,"2ExtrudedProfile --> Beam/Column --> ConcreteRound
1Material --> Aggregates --> Concrete-0RawMaterial-Concrete (Normal Aggregate)-0Color --> Aggregates --> Concrete-D6D7D8-Natural-0SrfTreatment-Standard
0DimDi-26in
0Profile-Tube Steel",,2ExtrudedProfile --> Beam/Column --> ConcreteRound,,2ExtrudedProfile34,,,,1Material --> Aggregates --> Concrete-0RawMaterial-Concrete (Normal Aggregate)-0Color --> Aggregates --> Concrete-D6D7D8-Natural-0SrfTreatment-Standard,0DimDi-26in,0Profile-Tube Steel
PRESET,,"2ExtrudedProfile --> Beam/Column --> ConcreteRound
1Material --> Aggregates --> Concrete-0RawMaterial-Concrete (Normal Aggregate)-0Color --> Aggregates --> Concrete-D6D7D8-Natural-0SrfTreatment-Standard
0DimDi-28in
0Profile-Tube Steel",,2ExtrudedProfile --> Beam/Column --> ConcreteRound,,2ExtrudedProfile35,,,,1Material --> Aggregates --> Concrete-0RawMaterial-Concrete (Normal Aggregate)-0Color --> Aggregates --> Concrete-D6D7D8-Natural-0SrfTreatment-Standard,0DimDi-28in,0Profile-Tube Steel
PRESET,,"2ExtrudedProfile --> Beam/Column --> ConcreteRound
1Material --> Aggregates --> Concrete-0RawMaterial-Concrete (Normal Aggregate)-0Color --> Aggregates --> Concrete-D6D7D8-Natural-0SrfTreatment-Standard
0DimDi-30in
0Profile-Tube Steel",,2ExtrudedProfile --> Beam/Column --> ConcreteRound,,2ExtrudedProfile36,,,,1Material --> Aggregates --> Concrete-0RawMaterial-Concrete (Normal Aggregate)-0Color --> Aggregates --> Concrete-D6D7D8-Natural-0SrfTreatment-Standard,0DimDi-30in,0Profile-Tube Steel
PRESET,,"2ExtrudedProfile --> Beam/Column --> ConcreteRound
1Material --> Aggregates --> Concrete-0RawMaterial-Concrete (Normal Aggregate)-0Color --> Aggregates --> Concrete-D6D7D8-Natural-0SrfTreatment-Standard
0DimDi-32in
0Profile-Tube Steel",,2ExtrudedProfile --> Beam/Column --> ConcreteRound,,2ExtrudedProfile37,,,,1Material --> Aggregates --> Concrete-0RawMaterial-Concrete (Normal Aggregate)-0Color --> Aggregates --> Concrete-D6D7D8-Natural-0SrfTreatment-Standard,0DimDi-32in,0Profile-Tube Steel
PRESET,,"2ExtrudedProfile --> Beam/Column --> ConcreteRound
1Material --> Aggregates --> Concrete-0RawMaterial-Concrete (Normal Aggregate)-0Color --> Aggregates --> Concrete-D6D7D8-Natural-0SrfTreatment-Standard
0DimDi-34in
0Profile-Tube Steel",,2ExtrudedProfile --> Beam/Column --> ConcreteRound,,2ExtrudedProfile38,,,,1Material --> Aggregates --> Concrete-0RawMaterial-Concrete (Normal Aggregate)-0Color --> Aggregates --> Concrete-D6D7D8-Natural-0SrfTreatment-Standard,0DimDi-34in,0Profile-Tube Steel
PRESET,,"2ExtrudedProfile --> Beam/Column --> ConcreteRound
1Material --> Aggregates --> Concrete-0RawMaterial-Concrete (Normal Aggregate)-0Color --> Aggregates --> Concrete-D6D7D8-Natural-0SrfTreatment-Standard
0DimDi-36in
0Profile-Tube Steel",,2ExtrudedProfile --> Beam/Column --> ConcreteRound,,2ExtrudedProfile39,,,,1Material --> Aggregates --> Concrete-0RawMaterial-Concrete (Normal Aggregate)-0Color --> Aggregates --> Concrete-D6D7D8-Natural-0SrfTreatment-Standard,0DimDi-36in,0Profile-Tube Steel
PRESET,,"2ExtrudedProfile --> Beam/Column --> ConcreteRound
1Material --> Aggregates --> Concrete-0RawMaterial-Concrete (Normal Aggregate)-0Color --> Aggregates --> Concrete-D6D7D8-Natural-0SrfTreatment-Standard
0DimDi-38in
0Profile-Tube Steel",,2ExtrudedProfile --> Beam/Column --> ConcreteRound,,2ExtrudedProfile40,,,,1Material --> Aggregates --> Concrete-0RawMaterial-Concrete (Normal Aggregate)-0Color --> Aggregates --> Concrete-D6D7D8-Natural-0SrfTreatment-Standard,0DimDi-38in,0Profile-Tube Steel
PRESET,,"2ExtrudedProfile --> Beam/Column --> ConcreteRound
1Material --> Aggregates --> Concrete-0RawMaterial-Concrete (Normal Aggregate)-0Color --> Aggregates --> Concrete-D6D7D8-Natural-0SrfTreatment-Standard
0DimDi-40in
0Profile-Tube Steel",,2ExtrudedProfile --> Beam/Column --> ConcreteRound,,2ExtrudedProfile41,,,,1Material --> Aggregates --> Concrete-0RawMaterial-Concrete (Normal Aggregate)-0Color --> Aggregates --> Concrete-D6D7D8-Natural-0SrfTreatment-Standard,0DimDi-40in,0Profile-Tube Steel
PRESET,,"2ExtrudedProfile --> Beam/Column --> ConcreteRound
1Material --> Aggregates --> Concrete-0RawMaterial-Concrete (Normal Aggregate)-0Color --> Aggregates --> Concrete-D6D7D8-Natural-0SrfTreatment-Standard
0DimDi-42in
0Profile-Tube Steel",,2ExtrudedProfile --> Beam/Column --> ConcreteRound,,2ExtrudedProfile42,,,,1Material --> Aggregates --> Concrete-0RawMaterial-Concrete (Normal Aggregate)-0Color --> Aggregates --> Concrete-D6D7D8-Natural-0SrfTreatment-Standard,0DimDi-42in,0Profile-Tube Steel
PRESET,,"2ExtrudedProfile --> Beam/Column --> ConcreteRound
1Material --> Aggregates --> Concrete-0RawMaterial-Concrete (Normal Aggregate)-0Color --> Aggregates --> Concrete-D6D7D8-Natural-0SrfTreatment-Standard
0DimDi-44in
0Profile-Tube Steel",,2ExtrudedProfile --> Beam/Column --> ConcreteRound,,2ExtrudedProfile43,,,,1Material --> Aggregates --> Concrete-0RawMaterial-Concrete (Normal Aggregate)-0Color --> Aggregates --> Concrete-D6D7D8-Natural-0SrfTreatment-Standard,0DimDi-44in,0Profile-Tube Steel
PRESET,,"2ExtrudedProfile --> Beam/Column --> ConcreteRound
1Material --> Aggregates --> Concrete-0RawMaterial-Concrete (Normal Aggregate)-0Color --> Aggregates --> Concrete-D6D7D8-Natural-0SrfTreatment-Standard
0DimDi-46in
0Profile-Tube Steel",,2ExtrudedProfile --> Beam/Column --> ConcreteRound,,2ExtrudedProfile44,,,,1Material --> Aggregates --> Concrete-0RawMaterial-Concrete (Normal Aggregate)-0Color --> Aggregates --> Concrete-D6D7D8-Natural-0SrfTreatment-Standard,0DimDi-46in,0Profile-Tube Steel
PRESET,,"2ExtrudedProfile --> Beam/Column --> ConcreteRound
1Material --> Aggregates --> Concrete-0RawMaterial-Concrete (Normal Aggregate)-0Color --> Aggregates --> Concrete-D6D7D8-Natural-0SrfTreatment-Standard
0DimDi-48in
0Profile-Tube Steel",,2ExtrudedProfile --> Beam/Column --> ConcreteRound,,2ExtrudedProfile45,,,,1Material --> Aggregates --> Concrete-0RawMaterial-Concrete (Normal Aggregate)-0Color --> Aggregates --> Concrete-D6D7D8-Natural-0SrfTreatment-Standard,0DimDi-48in,0Profile-Tube Steel
PRESET,,"2ExtrudedProfile --> Beam/Column --> SteelC
1Material --> Metal --> Steel-0RawMaterial-Steel-0Color --> Metal --> Aluminum-FFFFFF-PureWhite-0SrfTreatment-Standard
0DimWDWtFt --> CSteel-15W-3.72D-0.716Wt-0.65Ft
0Profile-Channel, C",,2ExtrudedProfile --> Beam/Column --> SteelC,,2ExtrudedProfile46,,,,1Material --> Metal --> Steel-0RawMaterial-Steel-0Color --> Metal --> Aluminum-FFFFFF-PureWhite-0SrfTreatment-Standard,0DimWDWtFt --> CSteel-15W-3.72D-0.716Wt-0.65Ft,"0Profile-Channel, C"
PRESET,,"2ExtrudedProfile --> Beam/Column --> SteelC
1Material --> Metal --> Steel-0RawMaterial-Steel-0Color --> Metal --> Aluminum-FFFFFF-PureWhite-0SrfTreatment-Standard
0DimWDWtFt --> CSteel-15W-3.52D-0.52Wt-0.65Ft
0Profile-Channel, C",,2ExtrudedProfile --> Beam/Column --> SteelC,,2ExtrudedProfile47,,,,1Material --> Metal --> Steel-0RawMaterial-Steel-0Color --> Metal --> Aluminum-FFFFFF-PureWhite-0SrfTreatment-Standard,0DimWDWtFt --> CSteel-15W-3.52D-0.52Wt-0.65Ft,"0Profile-Channel, C"
PRESET,,"2ExtrudedProfile --> Beam/Column --> SteelC
1Material --> Metal --> Steel-0RawMaterial-Steel-0Color --> Metal --> Aluminum-FFFFFF-PureWhite-0SrfTreatment-Standard
0DimWDWtFt --> CSteel-15W-3.4D-0.4Wt-0.65Ft
0Profile-Channel, C",,2ExtrudedProfile --> Beam/Column --> SteelC,,2ExtrudedProfile48,,X,,1Material --> Metal --> Steel-0RawMaterial-Steel-0Color --> Metal --> Aluminum-FFFFFF-PureWhite-0SrfTreatment-Standard,0DimWDWtFt --> CSteel-15W-3.4D-0.4Wt-0.65Ft,"0Profile-Channel, C"
PRESET,,"2ExtrudedProfile --> Beam/Column --> SteelC
1Material --> Metal --> Steel-0RawMaterial-Steel-0Color --> Metal --> Aluminum-FFFFFF-PureWhite-0SrfTreatment-Standard
0DimWDWtFt --> CSteel-12W-3.17D-0.51Wt-0.501Ft
0Profile-Channel, C",,2ExtrudedProfile --> Beam/Column --> SteelC,,2ExtrudedProfile49,,,,1Material --> Metal --> Steel-0RawMaterial-Steel-0Color --> Metal --> Aluminum-FFFFFF-PureWhite-0SrfTreatment-Standard,0DimWDWtFt --> CSteel-12W-3.17D-0.51Wt-0.501Ft,"0Profile-Channel, C"
PRESET,,"2ExtrudedProfile --> Beam/Column --> SteelC
1Material --> Metal --> Steel-0RawMaterial-Steel-0Color --> Metal --> Aluminum-FFFFFF-PureWhite-0SrfTreatment-Standard
0DimWDWtFt --> CSteel-12W-3.05D-0.387Wt-0.501Ft
0Profile-Channel, C",,2ExtrudedProfile --> Beam/Column --> SteelC,,2ExtrudedProfile50,,,,1Material --> Metal --> Steel-0RawMaterial-Steel-0Color --> Metal --> Aluminum-FFFFFF-PureWhite-0SrfTreatment-Standard,0DimWDWtFt --> CSteel-12W-3.05D-0.387Wt-0.501Ft,"0Profile-Channel, C"
PRESET,,"2ExtrudedProfile --> Beam/Column --> SteelC
1Material --> Metal --> Steel-0RawMaterial-Steel-0Color --> Metal --> Aluminum-FFFFFF-PureWhite-0SrfTreatment-Standard
0DimWDWtFt --> CSteel-12W-2.94D-0.282Wt-0.501Ft
0Profile-Channel, C",,2ExtrudedProfile --> Beam/Column --> SteelC,,2ExtrudedProfile51,,,,1Material --> Metal --> Steel-0RawMaterial-Steel-0Color --> Metal --> Aluminum-FFFFFF-PureWhite-0SrfTreatment-Standard,0DimWDWtFt --> CSteel-12W-2.94D-0.282Wt-0.501Ft,"0Profile-Channel, C"
PRESET,,"2ExtrudedProfile --> Beam/Column --> SteelC
1Material --> Metal --> Steel-0RawMaterial-Steel-0Color --> Metal --> Aluminum-FFFFFF-PureWhite-0SrfTreatment-Standard
0DimWDWtFt --> CSteel-10W-3.03D-0.673Wt-0.436Ft
0Profile-Channel, C",,2ExtrudedProfile --> Beam/Column --> SteelC,,2ExtrudedProfile52,,,,1Material --> Metal --> Steel-0RawMaterial-Steel-0Color --> Metal --> Aluminum-FFFFFF-PureWhite-0SrfTreatment-Standard,0DimWDWtFt --> CSteel-10W-3.03D-0.673Wt-0.436Ft,"0Profile-Channel, C"
PRESET,,"2ExtrudedProfile --> Beam/Column --> SteelC
1Material --> Metal --> Steel-0RawMaterial-Steel-0Color --> Metal --> Aluminum-FFFFFF-PureWhite-0SrfTreatment-Standard
0DimWDWtFt --> CSteel-10W-2.89D-0.526Wt-0.436Ft
0Profile-Channel, C",,2ExtrudedProfile --> Beam/Column --> SteelC,,2ExtrudedProfile53,,,,1Material --> Metal --> Steel-0RawMaterial-Steel-0Color --> Metal --> Aluminum-FFFFFF-PureWhite-0SrfTreatment-Standard,0DimWDWtFt --> CSteel-10W-2.89D-0.526Wt-0.436Ft,"0Profile-Channel, C"
PRESET,,"2ExtrudedProfile --> Beam/Column --> SteelC
1Material --> Metal --> Steel-0RawMaterial-Steel-0Color --> Metal --> Aluminum-FFFFFF-PureWhite-0SrfTreatment-Standard
0DimWDWtFt --> CSteel-10W-2.74D-0.379Wt-0.436Ft
0Profile-Channel, C",,2ExtrudedProfile --> Beam/Column --> SteelC,,2ExtrudedProfile54,,,,1Material --> Metal --> Steel-0RawMaterial-Steel-0Color --> Metal --> Aluminum-FFFFFF-PureWhite-0SrfTreatment-Standard,0DimWDWtFt --> CSteel-10W-2.74D-0.379Wt-0.436Ft,"0Profile-Channel, C"
PRESET,,"2ExtrudedProfile --> Beam/Column --> SteelC
1Material --> Metal --> Steel-0RawMaterial-Steel-0Color --> Metal --> Aluminum-FFFFFF-PureWhite-0SrfTreatment-Standard
0DimWDWtFt --> CSteel-10W-2.6D-0.24Wt-0.436Ft
0Profile-Channel, C",,2ExtrudedProfile --> Beam/Column --> SteelC,,2ExtrudedProfile55,,,,1Material --> Metal --> Steel-0RawMaterial-Steel-0Color --> Metal --> Aluminum-FFFFFF-PureWhite-0SrfTreatment-Standard,0DimWDWtFt --> CSteel-10W-2.6D-0.24Wt-0.436Ft,"0Profile-Channel, C"
PRESET,,"2ExtrudedProfile --> Beam/Column --> SteelC
1Material --> Metal --> Steel-0RawMaterial-Steel-0Color --> Metal --> Aluminum-FFFFFF-PureWhite-0SrfTreatment-Standard
0DimWDWtFt --> CSteel-9W-2.65D-0.448Wt-0.413Ft
0Profile-Channel, C",,2ExtrudedProfile --> Beam/Column --> SteelC,,2ExtrudedProfile56,,,,1Material --> Metal --> Steel-0RawMaterial-Steel-0Color --> Metal --> Aluminum-FFFFFF-PureWhite-0SrfTreatment-Standard,0DimWDWtFt --> CSteel-9W-2.65D-0.448Wt-0.413Ft,"0Profile-Channel, C"
PRESET,,"2ExtrudedProfile --> Beam/Column --> SteelC
1Material --> Metal --> Steel-0RawMaterial-Steel-0Color --> Metal --> Aluminum-FFFFFF-PureWhite-0SrfTreatment-Standard
0DimWDWtFt --> CSteel-9W-2.49D-0.285Wt-0.413Ft
0Profile-Channel, C",,2ExtrudedProfile --> Beam/Column --> SteelC,,2ExtrudedProfile57,,,,1Material --> Metal --> Steel-0RawMaterial-Steel-0Color --> Metal --> Aluminum-FFFFFF-PureWhite-0SrfTreatment-Standard,0DimWDWtFt --> CSteel-9W-2.49D-0.285Wt-0.413Ft,"0Profile-Channel, C"
PRESET,,"2ExtrudedProfile --> Beam/Column --> SteelHSS
1Material --> Metal --> Steel-0RawMaterial-Steel-0Color --> Metal --> Aluminum-FFFFFF-PureWhite-0SrfTreatment-Standard
0DimWDT --> HSS-12inW-24inD-0.698inT
0Profile-Hollow Structural Section, HSS",,2ExtrudedProfile --> Beam/Column --> SteelHSS,,2ExtrudedProfile58,,,,1Material --> Metal --> Steel-0RawMaterial-Steel-0Color --> Metal --> Aluminum-FFFFFF-PureWhite-0SrfTreatment-Standard,0DimWDT --> HSS-12inW-24inD-0.698inT,"0Profile-Hollow Structural Section, HSS"
PRESET,,"2ExtrudedProfile --> Beam/Column --> SteelHSS
1Material --> Metal --> Steel-0RawMaterial-Steel-0Color --> Metal --> Aluminum-FFFFFF-PureWhite-0SrfTreatment-Standard
0DimWDT --> HSS-12inW-24inD-0.581inT
0Profile-Hollow Structural Section, HSS",,2ExtrudedProfile --> Beam/Column --> SteelHSS,,2ExtrudedProfile59,,,,1Material --> Metal --> Steel-0RawMaterial-Steel-0Color --> Metal --> Aluminum-FFFFFF-PureWhite-0SrfTreatment-Standard,0DimWDT --> HSS-12inW-24inD-0.581inT,"0Profile-Hollow Structural Section, HSS"
PRESET,,"2ExtrudedProfile --> Beam/Column --> SteelHSS
1Material --> Metal --> Steel-0RawMaterial-Steel-0Color --> Metal --> Aluminum-FFFFFF-PureWhite-0SrfTreatment-Standard
0DimWDT --> HSS-12inW-24inD-0.465inT
0Profile-Hollow Structural Section, HSS",,2ExtrudedProfile --> Beam/Column --> SteelHSS,,2ExtrudedProfile60,,,,1Material --> Metal --> Steel-0RawMaterial-Steel-0Color --> Metal --> Aluminum-FFFFFF-PureWhite-0SrfTreatment-Standard,0DimWDT --> HSS-12inW-24inD-0.465inT,"0Profile-Hollow Structural Section, HSS"
PRESET,,"2ExtrudedProfile --> Beam/Column --> SteelHSS
1Material --> Metal --> Steel-0RawMaterial-Steel-0Color --> Metal --> Aluminum-FFFFFF-PureWhite-0SrfTreatment-Standard
0DimWDT --> HSS-22inW-22inD-0.814inT
0Profile-Hollow Structural Section, HSS",,2ExtrudedProfile --> Beam/Column --> SteelHSS,,2ExtrudedProfile61,,,,1Material --> Metal --> Steel-0RawMaterial-Steel-0Color --> Metal --> Aluminum-FFFFFF-PureWhite-0SrfTreatment-Standard,0DimWDT --> HSS-22inW-22inD-0.814inT,"0Profile-Hollow Structural Section, HSS"
PRESET,,"2ExtrudedProfile --> Beam/Column --> SteelHSS
1Material --> Metal --> Steel-0RawMaterial-Steel-0Color --> Metal --> Aluminum-FFFFFF-PureWhite-0SrfTreatment-Standard
0DimWDT --> HSS-22inW-22inD-0.698inT
0Profile-Hollow Structural Section, HSS",,2ExtrudedProfile --> Beam/Column --> SteelHSS,,2ExtrudedProfile62,,,,1Material --> Metal --> Steel-0RawMaterial-Steel-0Color --> Metal --> Aluminum-FFFFFF-PureWhite-0SrfTreatment-Standard,0DimWDT --> HSS-22inW-22inD-0.698inT,"0Profile-Hollow Structural Section, HSS"
PRESET,,"2ExtrudedProfile --> Beam/Column --> SteelHSS
1Material --> Metal --> Steel-0RawMaterial-Steel-0Color --> Metal --> Aluminum-FFFFFF-PureWhite-0SrfTreatment-Standard
0DimWDT --> HSS-20inW-20inD-0.814inT
0Profile-Hollow Structural Section, HSS",,2ExtrudedProfile --> Beam/Column --> SteelHSS,,2ExtrudedProfile63,,,,1Material --> Metal --> Steel-0RawMaterial-Steel-0Color --> Metal --> Aluminum-FFFFFF-PureWhite-0SrfTreatment-Standard,0DimWDT --> HSS-20inW-20inD-0.814inT,"0Profile-Hollow Structural Section, HSS"
PRESET,,"2ExtrudedProfile --> Beam/Column --> SteelHSS
1Material --> Metal --> Steel-0RawMaterial-Steel-0Color --> Metal --> Aluminum-FFFFFF-PureWhite-0SrfTreatment-Standard
0DimWDT --> HSS-20inW-20inD-0.698inT
0Profile-Hollow Structural Section, HSS",,2ExtrudedProfile --> Beam/Column --> SteelHSS,,2ExtrudedProfile64,,X,,1Material --> Metal --> Steel-0RawMaterial-Steel-0Color --> Metal --> Aluminum-FFFFFF-PureWhite-0SrfTreatment-Standard,0DimWDT --> HSS-20inW-20inD-0.698inT,"0Profile-Hollow Structural Section, HSS"
PRESET,,"2ExtrudedProfile --> Beam/Column --> SteelHSS
1Material --> Metal --> Steel-0RawMaterial-Steel-0Color --> Metal --> Aluminum-FFFFFF-PureWhite-0SrfTreatment-Standard
0DimWDT --> HSS-20inW-20inD-0.581inT
0Profile-Hollow Structural Section, HSS",,2ExtrudedProfile --> Beam/Column --> SteelHSS,,2ExtrudedProfile65,,,,1Material --> Metal --> Steel-0RawMaterial-Steel-0Color --> Metal --> Aluminum-FFFFFF-PureWhite-0SrfTreatment-Standard,0DimWDT --> HSS-20inW-20inD-0.581inT,"0Profile-Hollow Structural Section, HSS"
PRESET,,"2ExtrudedProfile --> Beam/Column --> SteelHSS
1Material --> Metal --> Steel-0RawMaterial-Steel-0Color --> Metal --> Aluminum-FFFFFF-PureWhite-0SrfTreatment-Standard
0DimWDT --> HSS-20inW-20inD-0.465inT
0Profile-Hollow Structural Section, HSS",,2ExtrudedProfile --> Beam/Column --> SteelHSS,,2ExtrudedProfile66,,,,1Material --> Metal --> Steel-0RawMaterial-Steel-0Color --> Metal --> Aluminum-FFFFFF-PureWhite-0SrfTreatment-Standard,0DimWDT --> HSS-20inW-20inD-0.465inT,"0Profile-Hollow Structural Section, HSS"
PRESET,,"2ExtrudedProfile --> Beam/Column --> SteelHSS
1Material --> Metal --> Steel-0RawMaterial-Steel-0Color --> Metal --> Aluminum-FFFFFF-PureWhite-0SrfTreatment-Standard
0DimWDT --> HSS-12inW-20inD-0.698inT
0Profile-Hollow Structural Section, HSS",,2ExtrudedProfile --> Beam/Column --> SteelHSS,,2ExtrudedProfile67,,,,1Material --> Metal --> Steel-0RawMaterial-Steel-0Color --> Metal --> Aluminum-FFFFFF-PureWhite-0SrfTreatment-Standard,0DimWDT --> HSS-12inW-20inD-0.698inT,"0Profile-Hollow Structural Section, HSS"
PRESET,,"2ExtrudedProfile --> Beam/Column --> SteelHSS
1Material --> Metal --> Steel-0RawMaterial-Steel-0Color --> Metal --> Aluminum-FFFFFF-PureWhite-0SrfTreatment-Standard
0DimWDT --> HSS-12inW-20inD-0.581inT
0Profile-Hollow Structural Section, HSS",,2ExtrudedProfile --> Beam/Column --> SteelHSS,,2ExtrudedProfile68,,,,1Material --> Metal --> Steel-0RawMaterial-Steel-0Color --> Metal --> Aluminum-FFFFFF-PureWhite-0SrfTreatment-Standard,0DimWDT --> HSS-12inW-20inD-0.581inT,"0Profile-Hollow Structural Section, HSS"
PRESET,,"2ExtrudedProfile --> Beam/Column --> SteelHSS
1Material --> Metal --> Steel-0RawMaterial-Steel-0Color --> Metal --> Aluminum-FFFFFF-PureWhite-0SrfTreatment-Standard
0DimWDT --> HSS-12inW-20inD-0.465inT
0Profile-Hollow Structural Section, HSS",,2ExtrudedProfile --> Beam/Column --> SteelHSS,,2ExtrudedProfile69,,,,1Material --> Metal --> Steel-0RawMaterial-Steel-0Color --> Metal --> Aluminum-FFFFFF-PureWhite-0SrfTreatment-Standard,0DimWDT --> HSS-12inW-20inD-0.465inT,"0Profile-Hollow Structural Section, HSS"
PRESET,,"2ExtrudedProfile --> Beam/Column --> SteelL
1Material --> Metal --> Steel-0RawMaterial-Steel-0Color --> Metal --> Aluminum-FFFFFF-PureWhite-0SrfTreatment-Standard
0DimWDT --> LAngle-8inW-8inD-1.13inT
0Profile-Hollow Structural Section, HSS",,2ExtrudedProfile --> Beam/Column --> SteelL,,2ExtrudedProfile70,,,,1Material --> Metal --> Steel-0RawMaterial-Steel-0Color --> Metal --> Aluminum-FFFFFF-PureWhite-0SrfTreatment-Standard,0DimWDT --> LAngle-8inW-8inD-1.13inT,"0Profile-Hollow Structural Section, HSS"
PRESET,,"2ExtrudedProfile --> Beam/Column --> SteelL
1Material --> Metal --> Steel-0RawMaterial-Steel-0Color --> Metal --> Aluminum-FFFFFF-PureWhite-0SrfTreatment-Standard
0DimWDT --> LAngle-8inW-8inD-1inT
0Profile-Hollow Structural Section, HSS",,2ExtrudedProfile --> Beam/Column --> SteelL,,2ExtrudedProfile71,,,,1Material --> Metal --> Steel-0RawMaterial-Steel-0Color --> Metal --> Aluminum-FFFFFF-PureWhite-0SrfTreatment-Standard,0DimWDT --> LAngle-8inW-8inD-1inT,"0Profile-Hollow Structural Section, HSS"
PRESET,,"2ExtrudedProfile --> Beam/Column --> SteelL
1Material --> Metal --> Steel-0RawMaterial-Steel-0Color --> Metal --> Aluminum-FFFFFF-PureWhite-0SrfTreatment-Standard
0DimWDT --> LAngle-8inW-8inD-0.875inT
0Profile-Hollow Structural Section, HSS",,2ExtrudedProfile --> Beam/Column --> SteelL,,2ExtrudedProfile72,,,,1Material --> Metal --> Steel-0RawMaterial-Steel-0Color --> Metal --> Aluminum-FFFFFF-PureWhite-0SrfTreatment-Standard,0DimWDT --> LAngle-8inW-8inD-0.875inT,"0Profile-Hollow Structural Section, HSS"
PRESET,,"2ExtrudedProfile --> Beam/Column --> SteelL
1Material --> Metal --> Steel-0RawMaterial-Steel-0Color --> Metal --> Aluminum-FFFFFF-PureWhite-0SrfTreatment-Standard
0DimWDT --> LAngle-8inW-8inD-0.75inT
0Profile-Hollow Structural Section, HSS",,2ExtrudedProfile --> Beam/Column --> SteelL,,2ExtrudedProfile73,,,,1Material --> Metal --> Steel-0RawMaterial-Steel-0Color --> Metal --> Aluminum-FFFFFF-PureWhite-0SrfTreatment-Standard,0DimWDT --> LAngle-8inW-8inD-0.75inT,"0Profile-Hollow Structural Section, HSS"
PRESET,,"2ExtrudedProfile --> Beam/Column --> SteelL
1Material --> Metal --> Steel-0RawMaterial-Steel-0Color --> Metal --> Aluminum-FFFFFF-PureWhite-0SrfTreatment-Standard
0DimWDT --> LAngle-8inW-8inD-0.625inT
0Profile-Hollow Structural Section, HSS",,2ExtrudedProfile --> Beam/Column --> SteelL,,2ExtrudedProfile74,,,,1Material --> Metal --> Steel-0RawMaterial-Steel-0Color --> Metal --> Aluminum-FFFFFF-PureWhite-0SrfTreatment-Standard,0DimWDT --> LAngle-8inW-8inD-0.625inT,"0Profile-Hollow Structural Section, HSS"
PRESET,,"2ExtrudedProfile --> Beam/Column --> SteelL
1Material --> Metal --> Steel-0RawMaterial-Steel-0Color --> Metal --> Aluminum-FFFFFF-PureWhite-0SrfTreatment-Standard
0DimWDT --> LAngle-8inW-8inD-0.563inT
0Profile-Hollow Structural Section, HSS",,2ExtrudedProfile --> Beam/Column --> SteelL,,2ExtrudedProfile75,,,,1Material --> Metal --> Steel-0RawMaterial-Steel-0Color --> Metal --> Aluminum-FFFFFF-PureWhite-0SrfTreatment-Standard,0DimWDT --> LAngle-8inW-8inD-0.563inT,"0Profile-Hollow Structural Section, HSS"
PRESET,,"2ExtrudedProfile --> Beam/Column --> SteelL
1Material --> Metal --> Steel-0RawMaterial-Steel-0Color --> Metal --> Aluminum-FFFFFF-PureWhite-0SrfTreatment-Standard
0DimWDT --> LAngle-8inW-8inD-0.5inT
0Profile-Hollow Structural Section, HSS",,2ExtrudedProfile --> Beam/Column --> SteelL,,2ExtrudedProfile76,,,,1Material --> Metal --> Steel-0RawMaterial-Steel-0Color --> Metal --> Aluminum-FFFFFF-PureWhite-0SrfTreatment-Standard,0DimWDT --> LAngle-8inW-8inD-0.5inT,"0Profile-Hollow Structural Section, HSS"
PRESET,,"2ExtrudedProfile --> Beam/Column --> SteelL
1Material --> Metal --> Steel-0RawMaterial-Steel-0Color --> Metal --> Aluminum-FFFFFF-PureWhite-0SrfTreatment-Standard
0DimWDT --> LAngle-8inW-6inD-1inT
0Profile-Hollow Structural Section, HSS",,2ExtrudedProfile --> Beam/Column --> SteelL,,2ExtrudedProfile77,,,,1Material --> Metal --> Steel-0RawMaterial-Steel-0Color --> Metal --> Aluminum-FFFFFF-PureWhite-0SrfTreatment-Standard,0DimWDT --> LAngle-8inW-6inD-1inT,"0Profile-Hollow Structural Section, HSS"
PRESET,,"2ExtrudedProfile --> Beam/Column --> SteelL
1Material --> Metal --> Steel-0RawMaterial-Steel-0Color --> Metal --> Aluminum-FFFFFF-PureWhite-0SrfTreatment-Standard
0DimWDT --> LAngle-8inW-6inD-0.875inT
0Profile-Hollow Structural Section, HSS",,2ExtrudedProfile --> Beam/Column --> SteelL,,2ExtrudedProfile78,,,,1Material --> Metal --> Steel-0RawMaterial-Steel-0Color --> Metal --> Aluminum-FFFFFF-PureWhite-0SrfTreatment-Standard,0DimWDT --> LAngle-8inW-6inD-0.875inT,"0Profile-Hollow Structural Section, HSS"
PRESET,,"2ExtrudedProfile --> Beam/Column --> SteelL
1Material --> Metal --> Steel-0RawMaterial-Steel-0Color --> Metal --> Aluminum-FFFFFF-PureWhite-0SrfTreatment-Standard
0DimWDT --> LAngle-8inW-6inD-0.75inT
0Profile-Hollow Structural Section, HSS",,2ExtrudedProfile --> Beam/Column --> SteelL,,2ExtrudedProfile79,,,,1Material --> Metal --> Steel-0RawMaterial-Steel-0Color --> Metal --> Aluminum-FFFFFF-PureWhite-0SrfTreatment-Standard,0DimWDT --> LAngle-8inW-6inD-0.75inT,"0Profile-Hollow Structural Section, HSS"
PRESET,,"2ExtrudedProfile --> Beam/Column --> SteelL
1Material --> Metal --> Steel-0RawMaterial-Steel-0Color --> Metal --> Aluminum-FFFFFF-PureWhite-0SrfTreatment-Standard
0DimWDT --> LAngle-8inW-6inD-0.625inT
0Profile-Hollow Structural Section, HSS",,2ExtrudedProfile --> Beam/Column --> SteelL,,2ExtrudedProfile80,,,,1Material --> Metal --> Steel-0RawMaterial-Steel-0Color --> Metal --> Aluminum-FFFFFF-PureWhite-0SrfTreatment-Standard,0DimWDT --> LAngle-8inW-6inD-0.625inT,"0Profile-Hollow Structural Section, HSS"
PRESET,,"2ExtrudedProfile --> Beam/Column --> SteelL
1Material --> Metal --> Steel-0RawMaterial-Steel-0Color --> Metal --> Aluminum-FFFFFF-PureWhite-0SrfTreatment-Standard
0DimWDT --> LAngle-8inW-6inD-0.563inT
0Profile-Hollow Structural Section, HSS",,2ExtrudedProfile --> Beam/Column --> SteelL,,2ExtrudedProfile81,,,,1Material --> Metal --> Steel-0RawMaterial-Steel-0Color --> Metal --> Aluminum-FFFFFF-PureWhite-0SrfTreatment-Standard,0DimWDT --> LAngle-8inW-6inD-0.563inT,"0Profile-Hollow Structural Section, HSS"
PRESET,,"2ExtrudedProfile --> Beam/Column --> SteelTube
1Material --> Metal --> Steel-0RawMaterial-Steel-0Color --> Metal --> Aluminum-FFFFFF-PureWhite-0SrfTreatment-Standard
0DimDiT-12.75inDi-0.375inT
0Profile-Tube Steel",,2ExtrudedProfile --> Beam/Column --> SteelTube,,2ExtrudedProfile82,,,,1Material --> Metal --> Steel-0RawMaterial-Steel-0Color --> Metal --> Aluminum-FFFFFF-PureWhite-0SrfTreatment-Standard,0DimDiT-12.75inDi-0.375inT,0Profile-Tube Steel
PRESET,,"2ExtrudedProfile --> Beam/Column --> SteelTube
1Material --> Metal --> Steel-0RawMaterial-Steel-0Color --> Metal --> Aluminum-FFFFFF-PureWhite-0SrfTreatment-Standard
0DimDiT-0.365inDi-10.75inT
0Profile-Tube Steel",,2ExtrudedProfile --> Beam/Column --> SteelTube,,2ExtrudedProfile83,,,,1Material --> Metal --> Steel-0RawMaterial-Steel-0Color --> Metal --> Aluminum-FFFFFF-PureWhite-0SrfTreatment-Standard,0DimDiT-0.365inDi-10.75inT,0Profile-Tube Steel
PRESET,,"2ExtrudedProfile --> Beam/Column --> SteelTube
1Material --> Metal --> Steel-0RawMaterial-Steel-0Color --> Metal --> Aluminum-FFFFFF-PureWhite-0SrfTreatment-Standard
0DimDiT-0.5inDi-8.625inT
0Profile-Tube Steel",,2ExtrudedProfile --> Beam/Column --> SteelTube,,2ExtrudedProfile84,,,,1Material --> Metal --> Steel-0RawMaterial-Steel-0Color --> Metal --> Aluminum-FFFFFF-PureWhite-0SrfTreatment-Standard,0DimDiT-0.5inDi-8.625inT,0Profile-Tube Steel
PRESET,,"2ExtrudedProfile --> Beam/Column --> SteelTube
1Material --> Metal --> Steel-0RawMaterial-Steel-0Color --> Metal --> Aluminum-FFFFFF-PureWhite-0SrfTreatment-Standard
0DimDiT-0.322inDi-8.625inT
0Profile-Tube Steel",,2ExtrudedProfile --> Beam/Column --> SteelTube,,2ExtrudedProfile85,,,,1Material --> Metal --> Steel-0RawMaterial-Steel-0Color --> Metal --> Aluminum-FFFFFF-PureWhite-0SrfTreatment-Standard,0DimDiT-0.322inDi-8.625inT,0Profile-Tube Steel
PRESET,,"2ExtrudedProfile --> Beam/Column --> SteelTube
1Material --> Metal --> Steel-0RawMaterial-Steel-0Color --> Metal --> Aluminum-FFFFFF-PureWhite-0SrfTreatment-Standard
0DimDiT-0.432inDi-6.625inT
0Profile-Tube Steel",,2ExtrudedProfile --> Beam/Column --> SteelTube,,2ExtrudedProfile86,,,,1Material --> Metal --> Steel-0RawMaterial-Steel-0Color --> Metal --> Aluminum-FFFFFF-PureWhite-0SrfTreatment-Standard,0DimDiT-0.432inDi-6.625inT,0Profile-Tube Steel
PRESET,,"2ExtrudedProfile --> Beam/Column --> SteelTube
1Material --> Metal --> Steel-0RawMaterial-Steel-0Color --> Metal --> Aluminum-FFFFFF-PureWhite-0SrfTreatment-Standard
0DimDiT-0.28inDi-6.625inT
0Profile-Tube Steel",,2ExtrudedProfile --> Beam/Column --> SteelTube,,2ExtrudedProfile87,,,,1Material --> Metal --> Steel-0RawMaterial-Steel-0Color --> Metal --> Aluminum-FFFFFF-PureWhite-0SrfTreatment-Standard,0DimDiT-0.28inDi-6.625inT,0Profile-Tube Steel
PRESET,,"2ExtrudedProfile --> Beam/Column --> SteelTube
1Material --> Metal --> Steel-0RawMaterial-Steel-0Color --> Metal --> Aluminum-FFFFFF-PureWhite-0SrfTreatment-Standard
0DimDiT-0.258inDi-5.563inT
0Profile-Tube Steel",,2ExtrudedProfile --> Beam/Column --> SteelTube,,2ExtrudedProfile88,,,,1Material --> Metal --> Steel-0RawMaterial-Steel-0Color --> Metal --> Aluminum-FFFFFF-PureWhite-0SrfTreatment-Standard,0DimDiT-0.258inDi-5.563inT,0Profile-Tube Steel
PRESET,,"2ExtrudedProfile --> Beam/Column --> SteelTube
1Material --> Metal --> Steel-0RawMaterial-Steel-0Color --> Metal --> Aluminum-FFFFFF-PureWhite-0SrfTreatment-Standard
0DimDiT-0.337inDi-4.5inT
0Profile-Tube Steel",,2ExtrudedProfile --> Beam/Column --> SteelTube,,2ExtrudedProfile89,,,,1Material --> Metal --> Steel-0RawMaterial-Steel-0Color --> Metal --> Aluminum-FFFFFF-PureWhite-0SrfTreatment-Standard,0DimDiT-0.337inDi-4.5inT,0Profile-Tube Steel
PRESET,,"2ExtrudedProfile --> Beam/Column --> SteelTube
1Material --> Metal --> Steel-0RawMaterial-Steel-0Color --> Metal --> Aluminum-FFFFFF-PureWhite-0SrfTreatment-Standard
0DimDiT-0.237inDi-4.5inT
0Profile-Tube Steel",,2ExtrudedProfile --> Beam/Column --> SteelTube,,2ExtrudedProfile90,,,,1Material --> Metal --> Steel-0RawMaterial-Steel-0Color --> Metal --> Aluminum-FFFFFF-PureWhite-0SrfTreatment-Standard,0DimDiT-0.237inDi-4.5inT,0Profile-Tube Steel
PRESET,,"2ExtrudedProfile --> Beam/Column --> SteelTube
1Material --> Metal --> Steel-0RawMaterial-Steel-0Color --> Metal --> Aluminum-FFFFFF-PureWhite-0SrfTreatment-Standard
0DimDiT-0.226inDi-4inT
0Profile-Tube Steel",,2ExtrudedProfile --> Beam/Column --> SteelTube,,2ExtrudedProfile91,,,,1Material --> Metal --> Steel-0RawMaterial-Steel-0Color --> Metal --> Aluminum-FFFFFF-PureWhite-0SrfTreatment-Standard,0DimDiT-0.226inDi-4inT,0Profile-Tube Steel
PRESET,,"2ExtrudedProfile --> Beam/Column --> SteelTube
1Material --> Metal --> Steel-0RawMaterial-Steel-0Color --> Metal --> Aluminum-FFFFFF-PureWhite-0SrfTreatment-Standard
0DimDiT-0.3inDi-3.5inT
0Profile-Tube Steel",,2ExtrudedProfile --> Beam/Column --> SteelTube,,2ExtrudedProfile92,,,,1Material --> Metal --> Steel-0RawMaterial-Steel-0Color --> Metal --> Aluminum-FFFFFF-PureWhite-0SrfTreatment-Standard,0DimDiT-0.3inDi-3.5inT,0Profile-Tube Steel
PRESET,,"2ExtrudedProfile --> Beam/Column --> SteelTube
1Material --> Metal --> Steel-0RawMaterial-Steel-0Color --> Metal --> Aluminum-FFFFFF-PureWhite-0SrfTreatment-Standard
0DimDiT-0.216inDi-3.5inT
0Profile-Tube Steel",,2ExtrudedProfile --> Beam/Column --> SteelTube,,2ExtrudedProfile93,,,,1Material --> Metal --> Steel-0RawMaterial-Steel-0Color --> Metal --> Aluminum-FFFFFF-PureWhite-0SrfTreatment-Standard,0DimDiT-0.216inDi-3.5inT,0Profile-Tube Steel
PRESET,,"2ExtrudedProfile --> Beam/Column --> SteelW
1Material --> Metal --> Steel-0RawMaterial-Steel-0Color --> Metal --> Aluminum-FFFFFF-PureWhite-0SrfTreatment-Standard
0DimWDWtFt --> WideFlangeSteel-44W-15.9D-1.77Wt-1.03Ft
0Profile-Wide Flange, W",,2ExtrudedProfile --> Beam/Column --> SteelW,,2ExtrudedProfile94,,,,1Material --> Metal --> Steel-0RawMaterial-Steel-0Color --> Metal --> Aluminum-FFFFFF-PureWhite-0SrfTreatment-Standard,0DimWDWtFt --> WideFlangeSteel-44W-15.9D-1.77Wt-1.03Ft,"0Profile-Wide Flange, W"
PRESET,,"2ExtrudedProfile --> Beam/Column --> SteelW
1Material --> Metal --> Steel-0RawMaterial-Steel-0Color --> Metal --> Aluminum-FFFFFF-PureWhite-0SrfTreatment-Standard
0DimWDWtFt --> WideFlangeSteel-43.6W-15.8D-1.58Wt-0.865Ft
0Profile-Wide Flange, W",,2ExtrudedProfile --> Beam/Column --> SteelW,,2ExtrudedProfile95,,,,1Material --> Metal --> Steel-0RawMaterial-Steel-0Color --> Metal --> Aluminum-FFFFFF-PureWhite-0SrfTreatment-Standard,0DimWDWtFt --> WideFlangeSteel-43.6W-15.8D-1.58Wt-0.865Ft,"0Profile-Wide Flange, W"
PRESET,,"2ExtrudedProfile --> Beam/Column --> SteelW
1Material --> Metal --> Steel-0RawMaterial-Steel-0Color --> Metal --> Aluminum-FFFFFF-PureWhite-0SrfTreatment-Standard
0DimWDWtFt --> WideFlangeSteel-43.3W-15.8D-1.42Wt-0.785Ft
0Profile-Wide Flange, W",,2ExtrudedProfile --> Beam/Column --> SteelW,,2ExtrudedProfile96,,X,,1Material --> Metal --> Steel-0RawMaterial-Steel-0Color --> Metal --> Aluminum-FFFFFF-PureWhite-0SrfTreatment-Standard,0DimWDWtFt --> WideFlangeSteel-43.3W-15.8D-1.42Wt-0.785Ft,"0Profile-Wide Flange, W"
PRESET,,"2ExtrudedProfile --> Beam/Column --> SteelW
1Material --> Metal --> Steel-0RawMaterial-Steel-0Color --> Metal --> Aluminum-FFFFFF-PureWhite-0SrfTreatment-Standard
0DimWDWtFt --> WideFlangeSteel-42.9W-15.8D-1.22Wt-0.71Ft
0Profile-Wide Flange, W",,2ExtrudedProfile --> Beam/Column --> SteelW,,2ExtrudedProfile97,,,,1Material --> Metal --> Steel-0RawMaterial-Steel-0Color --> Metal --> Aluminum-FFFFFF-PureWhite-0SrfTreatment-Standard,0DimWDWtFt --> WideFlangeSteel-42.9W-15.8D-1.22Wt-0.71Ft,"0Profile-Wide Flange, W"
PRESET,,"2ExtrudedProfile --> Beam/Column --> SteelW
1Material --> Metal --> Steel-0RawMaterial-Steel-0Color --> Metal --> Aluminum-FFFFFF-PureWhite-0SrfTreatment-Standard
0DimWDWtFt --> WideFlangeSteel-43.6W-16.9D-3.54Wt-1.97Ft
0Profile-Wide Flange, W",,2ExtrudedProfile --> Beam/Column --> SteelW,,2ExtrudedProfile98,,,,1Material --> Metal --> Steel-0RawMaterial-Steel-0Color --> Metal --> Aluminum-FFFFFF-PureWhite-0SrfTreatment-Standard,0DimWDWtFt --> WideFlangeSteel-43.6W-16.9D-3.54Wt-1.97Ft,"0Profile-Wide Flange, W"
PRESET,,"2ExtrudedProfile --> Beam/Column --> SteelW
1Material --> Metal --> Steel-0RawMaterial-Steel-0Color --> Metal --> Aluminum-FFFFFF-PureWhite-0SrfTreatment-Standard
0DimWDWtFt --> WideFlangeSteel-43W-16.7D-3.23Wt-1.79Ft
0Profile-Wide Flange, W",,2ExtrudedProfile --> Beam/Column --> SteelW,,2ExtrudedProfile99,,,,1Material --> Metal --> Steel-0RawMaterial-Steel-0Color --> Metal --> Aluminum-FFFFFF-PureWhite-0SrfTreatment-Standard,0DimWDWtFt --> WideFlangeSteel-43W-16.7D-3.23Wt-1.79Ft,"0Profile-Wide Flange, W"
PRESET,,"2ExtrudedProfile --> Beam/Column --> SteelW
1Material --> Metal --> Steel-0RawMaterial-Steel-0Color --> Metal --> Aluminum-FFFFFF-PureWhite-0SrfTreatment-Standard
0DimWDWtFt --> WideFlangeSteel-42.1W-16.4D-2.76Wt-1.54Ft
0Profile-Wide Flange, W",,2ExtrudedProfile --> Beam/Column --> SteelW,,2ExtrudedProfile100,,,,1Material --> Metal --> Steel-0RawMaterial-Steel-0Color --> Metal --> Aluminum-FFFFFF-PureWhite-0SrfTreatment-Standard,0DimWDWtFt --> WideFlangeSteel-42.1W-16.4D-2.76Wt-1.54Ft,"0Profile-Wide Flange, W"
PRESET,,"2ExtrudedProfile --> Beam/Column --> SteelW
1Material --> Metal --> Steel-0RawMaterial-Steel-0Color --> Metal --> Aluminum-FFFFFF-PureWhite-0SrfTreatment-Standard
0DimWDWtFt --> WideFlangeSteel-41.3W-16.2D-2.36Wt-1.34Ft
0Profile-Wide Flange, W",,2ExtrudedProfile --> Beam/Column --> SteelW,,2ExtrudedProfile101,,,,1Material --> Metal --> Steel-0RawMaterial-Steel-0Color --> Metal --> Aluminum-FFFFFF-PureWhite-0SrfTreatment-Standard,0DimWDWtFt --> WideFlangeSteel-41.3W-16.2D-2.36Wt-1.34Ft,"0Profile-Wide Flange, W"
PRESET,,"2ExtrudedProfile --> Beam/Column --> SteelW
1Material --> Metal --> Steel-0RawMaterial-Steel-0Color --> Metal --> Aluminum-FFFFFF-PureWhite-0SrfTreatment-Standard
0DimWDWtFt --> WideFlangeSteel-41W-16.1D-2.2Wt-1.22Ft
0Profile-Wide Flange, W",,2ExtrudedProfile --> Beam/Column --> SteelW,,2ExtrudedProfile102,,,,1Material --> Metal --> Steel-0RawMaterial-Steel-0Color --> Metal --> Aluminum-FFFFFF-PureWhite-0SrfTreatment-Standard,0DimWDWtFt --> WideFlangeSteel-41W-16.1D-2.2Wt-1.22Ft,"0Profile-Wide Flange, W"
PRESET,,"2ExtrudedProfile --> Beam/Column --> SteelW
1Material --> Metal --> Steel-0RawMaterial-Steel-0Color --> Metal --> Aluminum-FFFFFF-PureWhite-0SrfTreatment-Standard
0DimWDWtFt --> WideFlangeSteel-40.6W-16.1D-2.05Wt-1.16Ft
0Profile-Wide Flange, W",,2ExtrudedProfile --> Beam/Column --> SteelW,,2ExtrudedProfile103,,,,1Material --> Metal --> Steel-0RawMaterial-Steel-0Color --> Metal --> Aluminum-FFFFFF-PureWhite-0SrfTreatment-Standard,0DimWDWtFt --> WideFlangeSteel-40.6W-16.1D-2.05Wt-1.16Ft,"0Profile-Wide Flange, W"
PRESET,,"2ExtrudedProfile --> Beam/Column --> SteelW
1Material --> Metal --> Steel-0RawMaterial-Steel-0Color --> Metal --> Aluminum-FFFFFF-PureWhite-0SrfTreatment-Standard
0DimWDWtFt --> WideFlangeSteel-40.6W-16D-2.01Wt-1.12Ft
0Profile-Wide Flange, W",,2ExtrudedProfile --> Beam/Column --> SteelW,,2ExtrudedProfile104,,,,1Material --> Metal --> Steel-0RawMaterial-Steel-0Color --> Metal --> Aluminum-FFFFFF-PureWhite-0SrfTreatment-Standard,0DimWDWtFt --> WideFlangeSteel-40.6W-16D-2.01Wt-1.12Ft,"0Profile-Wide Flange, W"
PRESET,,"2ExtrudedProfile --> Beam/Column --> SteelW
1Material --> Metal --> Steel-0RawMaterial-Steel-0Color --> Metal --> Aluminum-FFFFFF-PureWhite-0SrfTreatment-Standard
0DimWDWtFt --> WideFlangeSteel-40.2W-15.9D-1.81Wt-1Ft
0Profile-Wide Flange, W",,2ExtrudedProfile --> Beam/Column --> SteelW,,2ExtrudedProfile105,,,,1Material --> Metal --> Steel-0RawMaterial-Steel-0Color --> Metal --> Aluminum-FFFFFF-PureWhite-0SrfTreatment-Standard,0DimWDWtFt --> WideFlangeSteel-40.2W-15.9D-1.81Wt-1Ft,"0Profile-Wide Flange, W"
PRESET,,"2ExtrudedProfile --> Beam/Column --> SteelWT
1Material --> Metal --> Steel-0RawMaterial-Steel-0Color --> Metal --> Aluminum-FFFFFF-PureWhite-0SrfTreatment-Standard
0DimWDWtFt --> TSteel-22W-15.9D-1.77Wt-1.03Ft
0Profile-Tee, WT",,2ExtrudedProfile --> Beam/Column --> SteelWT,,2ExtrudedProfile106,,,,1Material --> Metal --> Steel-0RawMaterial-Steel-0Color --> Metal --> Aluminum-FFFFFF-PureWhite-0SrfTreatment-Standard,0DimWDWtFt --> TSteel-22W-15.9D-1.77Wt-1.03Ft,"0Profile-Tee, WT"
PRESET,,"2ExtrudedProfile --> Beam/Column --> SteelWT
1Material --> Metal --> Steel-0RawMaterial-Steel-0Color --> Metal --> Aluminum-FFFFFF-PureWhite-0SrfTreatment-Standard
0DimWDWtFt --> TSteel-21.8W-15.8D-1.58Wt-0.865Ft
0Profile-Tee, WT",,2ExtrudedProfile --> Beam/Column --> SteelWT,,2ExtrudedProfile107,,,,1Material --> Metal --> Steel-0RawMaterial-Steel-0Color --> Metal --> Aluminum-FFFFFF-PureWhite-0SrfTreatment-Standard,0DimWDWtFt --> TSteel-21.8W-15.8D-1.58Wt-0.865Ft,"0Profile-Tee, WT"
PRESET,,"2ExtrudedProfile --> Beam/Column --> SteelWT
1Material --> Metal --> Steel-0RawMaterial-Steel-0Color --> Metal --> Aluminum-FFFFFF-PureWhite-0SrfTreatment-Standard
0DimWDWtFt --> TSteel-21.7W-15.8D-1.42Wt-0.785Ft
0Profile-Tee, WT",,2ExtrudedProfile --> Beam/Column --> SteelWT,,2ExtrudedProfile108,,X,,1Material --> Metal --> Steel-0RawMaterial-Steel-0Color --> Metal --> Aluminum-FFFFFF-PureWhite-0SrfTreatment-Standard,0DimWDWtFt --> TSteel-21.7W-15.8D-1.42Wt-0.785Ft,"0Profile-Tee, WT"
PRESET,,"2ExtrudedProfile --> Beam/Column --> SteelWT
1Material --> Metal --> Steel-0RawMaterial-Steel-0Color --> Metal --> Aluminum-FFFFFF-PureWhite-0SrfTreatment-Standard
0DimWDWtFt --> TSteel-21.5W-15.8D-1.22Wt-0.71Ft
0Profile-Tee, WT",,2ExtrudedProfile --> Beam/Column --> SteelWT,,2ExtrudedProfile109,,,,1Material --> Metal --> Steel-0RawMaterial-Steel-0Color --> Metal --> Aluminum-FFFFFF-PureWhite-0SrfTreatment-Standard,0DimWDWtFt --> TSteel-21.5W-15.8D-1.22Wt-0.71Ft,"0Profile-Tee, WT"
PRESET,,"2ExtrudedProfile --> Beam/Column --> SteelWT
1Material --> Metal --> Steel-0RawMaterial-Steel-0Color --> Metal --> Aluminum-FFFFFF-PureWhite-0SrfTreatment-Standard
0DimWDWtFt --> TSteel-21.8W-16.9D-3.54Wt-1.97Ft
0Profile-Tee, WT",,2ExtrudedProfile --> Beam/Column --> SteelWT,,2ExtrudedProfile110,,,,1Material --> Metal --> Steel-0RawMaterial-Steel-0Color --> Metal --> Aluminum-FFFFFF-PureWhite-0SrfTreatment-Standard,0DimWDWtFt --> TSteel-21.8W-16.9D-3.54Wt-1.97Ft,"0Profile-Tee, WT"
PRESET,,"2ExtrudedProfile --> Beam/Column --> SteelWT
1Material --> Metal --> Steel-0RawMaterial-Steel-0Color --> Metal --> Aluminum-FFFFFF-PureWhite-0SrfTreatment-Standard
0DimWDWtFt --> TSteel-21.5W-16.7D-3.23Wt-1.79Ft
0Profile-Tee, WT",,2ExtrudedProfile --> Beam/Column --> SteelWT,,2ExtrudedProfile111,,,,1Material --> Metal --> Steel-0RawMaterial-Steel-0Color --> Metal --> Aluminum-FFFFFF-PureWhite-0SrfTreatment-Standard,0DimWDWtFt --> TSteel-21.5W-16.7D-3.23Wt-1.79Ft,"0Profile-Tee, WT"
PRESET,,"2ExtrudedProfile --> Beam/Column --> SteelWT
1Material --> Metal --> Steel-0RawMaterial-Steel-0Color --> Metal --> Aluminum-FFFFFF-PureWhite-0SrfTreatment-Standard
0DimWDWtFt --> TSteel-21W-16.4D-2.76Wt-1.54Ft
0Profile-Tee, WT",,2ExtrudedProfile --> Beam/Column --> SteelWT,,2ExtrudedProfile112,,,,1Material --> Metal --> Steel-0RawMaterial-Steel-0Color --> Metal --> Aluminum-FFFFFF-PureWhite-0SrfTreatment-Standard,0DimWDWtFt --> TSteel-21W-16.4D-2.76Wt-1.54Ft,"0Profile-Tee, WT"
PRESET,,"2ExtrudedProfile --> Beam/Column --> SteelWT
1Material --> Metal --> Steel-0RawMaterial-Steel-0Color --> Metal --> Aluminum-FFFFFF-PureWhite-0SrfTreatment-Standard
0DimWDWtFt --> TSteel-20.6W-16.2D-2.36Wt-1.34Ft
0Profile-Tee, WT",,2ExtrudedProfile --> Beam/Column --> SteelWT,,2ExtrudedProfile113,,,,1Material --> Metal --> Steel-0RawMaterial-Steel-0Color --> Metal --> Aluminum-FFFFFF-PureWhite-0SrfTreatment-Standard,0DimWDWtFt --> TSteel-20.6W-16.2D-2.36Wt-1.34Ft,"0Profile-Tee, WT"
PRESET,,"2ExtrudedProfile --> Beam/Column --> SteelWT
1Material --> Metal --> Steel-0RawMaterial-Steel-0Color --> Metal --> Aluminum-FFFFFF-PureWhite-0SrfTreatment-Standard
0DimWDWtFt --> TSteel-20.5W-16.1D-2.2Wt-1.22Ft
0Profile-Tee, WT",,2ExtrudedProfile --> Beam/Column --> SteelWT,,2ExtrudedProfile114,,,,1Material --> Metal --> Steel-0RawMaterial-Steel-0Color --> Metal --> Aluminum-FFFFFF-PureWhite-0SrfTreatment-Standard,0DimWDWtFt --> TSteel-20.5W-16.1D-2.2Wt-1.22Ft,"0Profile-Tee, WT"
PRESET,,"2ExtrudedProfile --> Beam/Column --> SteelWT
1Material --> Metal --> Steel-0RawMaterial-Steel-0Color --> Metal --> Aluminum-FFFFFF-PureWhite-0SrfTreatment-Standard
0DimWDWtFt --> TSteel-20.3W-16.1D-2.05Wt-1.16Ft
0Profile-Tee, WT",,2ExtrudedProfile --> Beam/Column --> SteelWT,,2ExtrudedProfile115,,,,1Material --> Metal --> Steel-0RawMaterial-Steel-0Color --> Metal --> Aluminum-FFFFFF-PureWhite-0SrfTreatment-Standard,0DimWDWtFt --> TSteel-20.3W-16.1D-2.05Wt-1.16Ft,"0Profile-Tee, WT"
PRESET,,"2ExtrudedProfile --> Beam/Column --> SteelWT
1Material --> Metal --> Steel-0RawMaterial-Steel-0Color --> Metal --> Aluminum-FFFFFF-PureWhite-0SrfTreatment-Standard
0DimWDWtFt --> TSteel-20.3W-16D-2.01Wt-1.12Ft
0Profile-Tee, WT",,2ExtrudedProfile --> Beam/Column --> SteelWT,,2ExtrudedProfile116,,,,1Material --> Metal --> Steel-0RawMaterial-Steel-0Color --> Metal --> Aluminum-FFFFFF-PureWhite-0SrfTreatment-Standard,0DimWDWtFt --> TSteel-20.3W-16D-2.01Wt-1.12Ft,"0Profile-Tee, WT"
PRESET,,"2ExtrudedProfile --> Beam/Column --> SteelWT
1Material --> Metal --> Steel-0RawMaterial-Steel-0Color --> Metal --> Aluminum-FFFFFF-PureWhite-0SrfTreatment-Standard
0DimWDWtFt --> TSteel-20.1W-15.9D-1.81Wt-1Ft
0Profile-Tee, WT",,2ExtrudedProfile --> Beam/Column --> SteelWT,,2ExtrudedProfile117,,,,1Material --> Metal --> Steel-0RawMaterial-Steel-0Color --> Metal --> Aluminum-FFFFFF-PureWhite-0SrfTreatment-Standard,0DimWDWtFt --> TSteel-20.1W-15.9D-1.81Wt-1Ft,"0Profile-Tee, WT"
PRESET,,"2ExtrudedProfile --> Beam/Column --> SteelWT
1Material --> Metal --> Steel-0RawMaterial-Steel-0Color --> Metal --> Aluminum-FFFFFF-PureWhite-0SrfTreatment-Standard
0DimWDWtFt --> TSteel-19.9W-15.8D-1.65Wt-0.93Ft
0Profile-Tee, WT",,2ExtrudedProfile --> Beam/Column --> SteelWT,,2ExtrudedProfile118,,,,1Material --> Metal --> Steel-0RawMaterial-Steel-0Color --> Metal --> Aluminum-FFFFFF-PureWhite-0SrfTreatment-Standard,0DimWDWtFt --> TSteel-19.9W-15.8D-1.65Wt-0.93Ft,"0Profile-Tee, WT"
PRESET,,"2ExtrudedProfile --> Beam/Column --> SteelWT
1Material --> Metal --> Steel-0RawMaterial-Steel-0Color --> Metal --> Aluminum-FFFFFF-PureWhite-0SrfTreatment-Standard
0DimWDWtFt --> TSteel-19.8W-15.8D-1.58Wt-0.83Ft
0Profile-Tee, WT",,2ExtrudedProfile --> Beam/Column --> SteelWT,,2ExtrudedProfile119,,,,1Material --> Metal --> Steel-0RawMaterial-Steel-0Color --> Metal --> Aluminum-FFFFFF-PureWhite-0SrfTreatment-Standard,0DimWDWtFt --> TSteel-19.8W-15.8D-1.58Wt-0.83Ft,"0Profile-Tee, WT"
PRESET,,"2ExtrudedProfile --> Beam/Column --> SteelWT
1Material --> Metal --> Steel-0RawMaterial-Steel-0Color --> Metal --> Aluminum-FFFFFF-PureWhite-0SrfTreatment-Standard
0DimWDWtFt --> TSteel-19.7W-15.8D-1.42Wt-0.75Ft
0Profile-Tee, WT",,2ExtrudedProfile --> Beam/Column --> SteelWT,,2ExtrudedProfile120,,,,1Material --> Metal --> Steel-0RawMaterial-Steel-0Color --> Metal --> Aluminum-FFFFFF-PureWhite-0SrfTreatment-Standard,0DimWDWtFt --> TSteel-19.7W-15.8D-1.42Wt-0.75Ft,"0Profile-Tee, WT"
PRESET,,"2ExtrudedProfile --> Beam/Column --> SteelWT
1Material --> Metal --> Steel-0RawMaterial-Steel-0Color --> Metal --> Aluminum-FFFFFF-PureWhite-0SrfTreatment-Standard
0DimWDWtFt --> TSteel-19.5W-15.8D-1.22Wt-0.65Ft
0Profile-Tee, WT",,2ExtrudedProfile --> Beam/Column --> SteelWT,,2ExtrudedProfile121,,,,1Material --> Metal --> Steel-0RawMaterial-Steel-0Color --> Metal --> Aluminum-FFFFFF-PureWhite-0SrfTreatment-Standard,0DimWDWtFt --> TSteel-19.5W-15.8D-1.22Wt-0.65Ft,"0Profile-Tee, WT"
PRESET,,"2ExtrudedProfile --> Beam/Column --> SteelWT
1Material --> Metal --> Steel-0RawMaterial-Steel-0Color --> Metal --> Aluminum-FFFFFF-PureWhite-0SrfTreatment-Standard
0DimWDWtFt --> TSteel-19.3W-15.8D-1.07Wt-0.65Ft
0Profile-Tee, WT",,2ExtrudedProfile --> Beam/Column --> SteelWT,,2ExtrudedProfile122,,,,1Material --> Metal --> Steel-0RawMaterial-Steel-0Color --> Metal --> Aluminum-FFFFFF-PureWhite-0SrfTreatment-Standard,0DimWDWtFt --> TSteel-19.3W-15.8D-1.07Wt-0.65Ft,"0Profile-Tee, WT"
PRESET,,"2ExtrudedProfile --> Beam/Column --> StoneRectangular
1Material --> Stone --> Alabaster-0RawMaterial-Alabaster-0Color --> Abstract-FFFFFF-White-0SrfTreatment-Standard
0DimWD-10inW-10inD
0Profile-Plate Section",,2ExtrudedProfile --> Beam/Column --> StoneRectangular,,2ExtrudedProfile123,,,,1Material --> Stone --> Alabaster-0RawMaterial-Alabaster-0Color --> Abstract-FFFFFF-White-0SrfTreatment-Standard,0DimWD-10inW-10inD,0Profile-Plate Section
PRESET,,"2ExtrudedProfile --> Beam/Column --> StoneRectangular
1Material --> Stone --> Basalt-0RawMaterial-Basalt-0Color --> Abstract-FFFFFF-White-0SrfTreatment-Standard
0DimWD-12inW-12inD
0Profile-Plate Section",,2ExtrudedProfile --> Beam/Column --> StoneRectangular,,2ExtrudedProfile124,,,,1Material --> Stone --> Basalt-0RawMaterial-Basalt-0Color --> Abstract-FFFFFF-White-0SrfTreatment-Standard,0DimWD-12inW-12inD,0Profile-Plate Section
PRESET,,"2ExtrudedProfile --> Beam/Column --> StoneRectangular
1Material --> Stone --> Basalt-0RawMaterial-Basalt (Rough)-0Color --> Abstract-FFFFFF-White-0SrfTreatment-Standard
0DimWD-12inW-18inD
0Profile-Plate Section",,2ExtrudedProfile --> Beam/Column --> StoneRectangular,,2ExtrudedProfile125,,,,1Material --> Stone --> Basalt-0RawMaterial-Basalt (Rough)-0Color --> Abstract-FFFFFF-White-0SrfTreatment-Standard,0DimWD-12inW-18inD,0Profile-Plate Section
PRESET,,"2ExtrudedProfile --> Beam/Column --> StoneRectangular
1Material --> Stone --> Granite-0RawMaterial-Granite (Black 1)-0Color --> Abstract-FFFFFF-White-0SrfTreatment-Standard
0DimWD-12inW-24inD
0Profile-Plate Section",,2ExtrudedProfile --> Beam/Column --> StoneRectangular,,2ExtrudedProfile126,,,,1Material --> Stone --> Granite-0RawMaterial-Granite (Black 1)-0Color --> Abstract-FFFFFF-White-0SrfTreatment-Standard,0DimWD-12inW-24inD,0Profile-Plate Section
PRESET,,"2ExtrudedProfile --> Beam/Column --> StoneRectangular
1Material --> Stone --> Granite-0RawMaterial-Granite (Black 2)-0Color --> Abstract-FFFFFF-White-0SrfTreatment-Standard
0DimWD-18inW-18inD
0Profile-Plate Section",,2ExtrudedProfile --> Beam/Column --> StoneRectangular,,2ExtrudedProfile127,,,,1Material --> Stone --> Granite-0RawMaterial-Granite (Black 2)-0Color --> Abstract-FFFFFF-White-0SrfTreatment-Standard,0DimWD-18inW-18inD,0Profile-Plate Section
PRESET,,"2ExtrudedProfile --> Beam/Column --> StoneRectangular
1Material --> Stone --> Granite-0RawMaterial-Granite (Black 3)-0Color --> Abstract-FFFFFF-White-0SrfTreatment-Standard
0DimWD-18inW-24inD
0Profile-Plate Section",,2ExtrudedProfile --> Beam/Column --> StoneRectangular,,2ExtrudedProfile128,,,,1Material --> Stone --> Granite-0RawMaterial-Granite (Black 3)-0Color --> Abstract-FFFFFF-White-0SrfTreatment-Standard,0DimWD-18inW-24inD,0Profile-Plate Section
PRESET,,"2ExtrudedProfile --> Beam/Column --> StoneRectangular
1Material --> Stone --> Granite-0RawMaterial-Granite (Black 4)-0Color --> Abstract-FFFFFF-White-0SrfTreatment-Standard
0DimWD-18inW-36inD
0Profile-Plate Section",,2ExtrudedProfile --> Beam/Column --> StoneRectangular,,2ExtrudedProfile129,,,,1Material --> Stone --> Granite-0RawMaterial-Granite (Black 4)-0Color --> Abstract-FFFFFF-White-0SrfTreatment-Standard,0DimWD-18inW-36inD,0Profile-Plate Section
PRESET,,"2ExtrudedProfile --> Beam/Column --> StoneRound
1Material --> Stone --> Alabaster-0RawMaterial-Alabaster-0Color --> Abstract-FFFFFF-White-0SrfTreatment-Standard
0DimDi-6in
0Profile-Tube Steel",,2ExtrudedProfile --> Beam/Column --> StoneRound,,2ExtrudedProfile130,,,,1Material --> Stone --> Alabaster-0RawMaterial-Alabaster-0Color --> Abstract-FFFFFF-White-0SrfTreatment-Standard,0DimDi-6in,0Profile-Tube Steel
PRESET,,"2ExtrudedProfile --> Beam/Column --> StoneRound
1Material --> Stone --> Basalt-0RawMaterial-Basalt-0Color --> Abstract-FFFFFF-White-0SrfTreatment-Standard
0DimDi-8in
0Profile-Tube Steel",,2ExtrudedProfile --> Beam/Column --> StoneRound,,2ExtrudedProfile131,,,,1Material --> Stone --> Basalt-0RawMaterial-Basalt-0Color --> Abstract-FFFFFF-White-0SrfTreatment-Standard,0DimDi-8in,0Profile-Tube Steel
PRESET,,"2ExtrudedProfile --> Beam/Column --> StoneRound
1Material --> Stone --> Basalt-0RawMaterial-Basalt (Rough)-0Color --> Abstract-FFFFFF-White-0SrfTreatment-Standard
0DimDi-10in
0Profile-Tube Steel",,2ExtrudedProfile --> Beam/Column --> StoneRound,,2ExtrudedProfile132,,,,1Material --> Stone --> Basalt-0RawMaterial-Basalt (Rough)-0Color --> Abstract-FFFFFF-White-0SrfTreatment-Standard,0DimDi-10in,0Profile-Tube Steel
PRESET,,"2ExtrudedProfile --> Beam/Column --> StoneRound
1Material --> Stone --> Granite-0RawMaterial-Granite (Black 1)-0Color --> Abstract-FFFFFF-White-0SrfTreatment-Standard
0DimDi-12in
0Profile-Tube Steel",,2ExtrudedProfile --> Beam/Column --> StoneRound,,2ExtrudedProfile133,,,,1Material --> Stone --> Granite-0RawMaterial-Granite (Black 1)-0Color --> Abstract-FFFFFF-White-0SrfTreatment-Standard,0DimDi-12in,0Profile-Tube Steel
PRESET,,"2ExtrudedProfile --> Beam/Column --> StoneRound
1Material --> Stone --> Granite-0RawMaterial-Granite (Black 2)-0Color --> Abstract-FFFFFF-White-0SrfTreatment-Standard
0DimDi-14in
0Profile-Tube Steel",,2ExtrudedProfile --> Beam/Column --> StoneRound,,2ExtrudedProfile134,,,,1Material --> Stone --> Granite-0RawMaterial-Granite (Black 2)-0Color --> Abstract-FFFFFF-White-0SrfTreatment-Standard,0DimDi-14in,0Profile-Tube Steel
PRESET,,"2ExtrudedProfile --> Beam/Column --> StoneRound
1Material --> Stone --> Granite-0RawMaterial-Granite (Black 3)-0Color --> Abstract-FFFFFF-White-0SrfTreatment-Standard
0DimDi-16in
0Profile-Tube Steel",,2ExtrudedProfile --> Beam/Column --> StoneRound,,2ExtrudedProfile135,,,,1Material --> Stone --> Granite-0RawMaterial-Granite (Black 3)-0Color --> Abstract-FFFFFF-White-0SrfTreatment-Standard,0DimDi-16in,0Profile-Tube Steel
PRESET,,"2ExtrudedProfile --> Beam/Column --> StoneRound
1Material --> Stone --> Granite-0RawMaterial-Granite (Black 4)-0Color --> Abstract-FFFFFF-White-0SrfTreatment-Standard
0DimDi-18in
0Profile-Tube Steel",,2ExtrudedProfile --> Beam/Column --> StoneRound,,2ExtrudedProfile136,,,,1Material --> Stone --> Granite-0RawMaterial-Granite (Black 4)-0Color --> Abstract-FFFFFF-White-0SrfTreatment-Standard,0DimDi-18in,0Profile-Tube Steel
PRESET,,"2ExtrudedProfile --> Beam/Column --> StoneRound
1Material --> Stone --> Granite-0RawMaterial-Granite (Brown 1)-0Color --> Abstract-FFFFFF-White-0SrfTreatment-Standard
0DimDi-20in
0Profile-Tube Steel",,2ExtrudedProfile --> Beam/Column --> StoneRound,,2ExtrudedProfile137,,,,1Material --> Stone --> Granite-0RawMaterial-Granite (Brown 1)-0Color --> Abstract-FFFFFF-White-0SrfTreatment-Standard,0DimDi-20in,0Profile-Tube Steel
PRESET,,"2ExtrudedProfile --> Beam/Column --> StoneRound
1Material --> Stone --> Granite-0RawMaterial-Granite (Brown 2)-0Color --> Abstract-FFFFFF-White-0SrfTreatment-Standard
0DimDi-22in
0Profile-Tube Steel",,2ExtrudedProfile --> Beam/Column --> StoneRound,,2ExtrudedProfile138,,,,1Material --> Stone --> Granite-0RawMaterial-Granite (Brown 2)-0Color --> Abstract-FFFFFF-White-0SrfTreatment-Standard,0DimDi-22in,0Profile-Tube Steel
PRESET,,"2ExtrudedProfile --> Beam/Column --> StoneRound
1Material --> Stone --> Granite-0RawMaterial-Granite (Grey 1)-0Color --> Abstract-FFFFFF-White-0SrfTreatment-Standard
0DimDi-24in
0Profile-Tube Steel",,2ExtrudedProfile --> Beam/Column --> StoneRound,,2ExtrudedProfile139,,,,1Material --> Stone --> Granite-0RawMaterial-Granite (Grey 1)-0Color --> Abstract-FFFFFF-White-0SrfTreatment-Standard,0DimDi-24in,0Profile-Tube Steel
PRESET,,"2ExtrudedProfile --> Beam/Column --> StoneRound
1Material --> Stone --> Granite-0RawMaterial-Granite (Orange 1)-0Color --> Abstract-FFFFFF-White-0SrfTreatment-Standard
0DimDi-26in
0Profile-Tube Steel",,2ExtrudedProfile --> Beam/Column --> StoneRound,,2ExtrudedProfile140,,,,1Material --> Stone --> Granite-0RawMaterial-Granite (Orange 1)-0Color --> Abstract-FFFFFF-White-0SrfTreatment-Standard,0DimDi-26in,0Profile-Tube Steel
PRESET,,"2ExtrudedProfile --> Beam/Column --> StoneRound
1Material --> Stone --> Granite-0RawMaterial-Granite (Orange 2)-0Color --> Abstract-FFFFFF-White-0SrfTreatment-Standard
0DimDi-28in
0Profile-Tube Steel",,2ExtrudedProfile --> Beam/Column --> StoneRound,,2ExtrudedProfile141,,,,1Material --> Stone --> Granite-0RawMaterial-Granite (Orange 2)-0Color --> Abstract-FFFFFF-White-0SrfTreatment-Standard,0DimDi-28in,0Profile-Tube Steel
PRESET,,"2ExtrudedProfile --> Beam/Column --> StoneRound
1Material --> Stone --> Granite-0RawMaterial-Granite (Pink 1)-0Color --> Abstract-FFFFFF-White-0SrfTreatment-Standard
0DimDi-30in
0Profile-Tube Steel",,2ExtrudedProfile --> Beam/Column --> StoneRound,,2ExtrudedProfile142,,,,1Material --> Stone --> Granite-0RawMaterial-Granite (Pink 1)-0Color --> Abstract-FFFFFF-White-0SrfTreatment-Standard,0DimDi-30in,0Profile-Tube Steel
PRESET,,"2ExtrudedProfile --> Beam/Column --> StoneRound
1Material --> Stone --> Lava Stone-0RawMaterial-Lava Stone-0Color --> Abstract-FFFFFF-White-0SrfTreatment-Standard
0DimDi-32in
0Profile-Tube Steel",,2ExtrudedProfile --> Beam/Column --> StoneRound,,2ExtrudedProfile143,,,,1Material --> Stone --> Lava Stone-0RawMaterial-Lava Stone-0Color --> Abstract-FFFFFF-White-0SrfTreatment-Standard,0DimDi-32in,0Profile-Tube Steel
PRESET,,"2ExtrudedProfile --> Beam/Column --> StoneRound
1Material --> Stone --> Limestone-0RawMaterial-Limestone (White)-0Color --> Abstract-FFFFFF-White-0SrfTreatment-Standard
0DimDi-34in
0Profile-Tube Steel",,2ExtrudedProfile --> Beam/Column --> StoneRound,,2ExtrudedProfile144,,,,1Material --> Stone --> Limestone-0RawMaterial-Limestone (White)-0Color --> Abstract-FFFFFF-White-0SrfTreatment-Standard,0DimDi-34in,0Profile-Tube Steel
PRESET,,"2ExtrudedProfile --> Beam/Column --> StoneRound
1Material --> Stone --> Limestone-0RawMaterial-Limestone (Beige)-0Color --> Abstract-FFFFFF-White-0SrfTreatment-Standard
0DimDi-36in
0Profile-Tube Steel",,2ExtrudedProfile --> Beam/Column --> StoneRound,,2ExtrudedProfile145,,,,1Material --> Stone --> Limestone-0RawMaterial-Limestone (Beige)-0Color --> Abstract-FFFFFF-White-0SrfTreatment-Standard,0DimDi-36in,0Profile-Tube Steel
PRESET,,"2ExtrudedProfile --> Beam/Column --> StoneRound
1Material --> Stone --> Marble-0RawMaterial-Marble (Black 1)-0Color --> Abstract-FFFFFF-White-0SrfTreatment-Standard
0DimDi-38in
0Profile-Tube Steel",,2ExtrudedProfile --> Beam/Column --> StoneRound,,2ExtrudedProfile146,,,,1Material --> Stone --> Marble-0RawMaterial-Marble (Black 1)-0Color --> Abstract-FFFFFF-White-0SrfTreatment-Standard,0DimDi-38in,0Profile-Tube Steel
PRESET,,"2ExtrudedProfile --> Beam/Column --> StoneRound
1Material --> Stone --> Marble-0RawMaterial-Marble (Black 2)-0Color --> Abstract-FFFFFF-White-0SrfTreatment-Standard
0DimDi-40in
0Profile-Tube Steel",,2ExtrudedProfile --> Beam/Column --> StoneRound,,2ExtrudedProfile147,,,,1Material --> Stone --> Marble-0RawMaterial-Marble (Black 2)-0Color --> Abstract-FFFFFF-White-0SrfTreatment-Standard,0DimDi-40in,0Profile-Tube Steel
PRESET,,"2ExtrudedProfile --> Beam/Column --> StoneRound
1Material --> Stone --> Marble-0RawMaterial-Marble (Calacatta)-0Color --> Abstract-FFFFFF-White-0SrfTreatment-Standard
0DimDi-42in
0Profile-Tube Steel",,2ExtrudedProfile --> Beam/Column --> StoneRound,,2ExtrudedProfile148,,,,1Material --> Stone --> Marble-0RawMaterial-Marble (Calacatta)-0Color --> Abstract-FFFFFF-White-0SrfTreatment-Standard,0DimDi-42in,0Profile-Tube Steel
PRESET,,"2ExtrudedProfile --> Beam/Column --> StoneRound
1Material --> Stone --> Marble-0RawMaterial-Marble (Carrara)-0Color --> Abstract-FFFFFF-White-0SrfTreatment-Standard
0DimDi-44in
0Profile-Tube Steel",,2ExtrudedProfile --> Beam/Column --> StoneRound,,2ExtrudedProfile149,,,,1Material --> Stone --> Marble-0RawMaterial-Marble (Carrara)-0Color --> Abstract-FFFFFF-White-0SrfTreatment-Standard,0DimDi-44in,0Profile-Tube Steel
PRESET,,"2ExtrudedProfile --> Beam/Column --> StoneRound
1Material --> Stone --> Marble-0RawMaterial-Marble (Green 1)-0Color --> Abstract-FFFFFF-White-0SrfTreatment-Standard
0DimDi-46in
0Profile-Tube Steel",,2ExtrudedProfile --> Beam/Column --> StoneRound,,2ExtrudedProfile150,,,,1Material --> Stone --> Marble-0RawMaterial-Marble (Green 1)-0Color --> Abstract-FFFFFF-White-0SrfTreatment-Standard,0DimDi-46in,0Profile-Tube Steel
PRESET,,"2ExtrudedProfile --> Beam/Column --> StoneRound
1Material --> Stone --> Marble-0RawMaterial-Marble (Grey 1)-0Color --> Abstract-FFFFFF-White-0SrfTreatment-Standard
0DimDi-48in
0Profile-Tube Steel",,2ExtrudedProfile --> Beam/Column --> StoneRound,,2ExtrudedProfile151,,,,1Material --> Stone --> Marble-0RawMaterial-Marble (Grey 1)-0Color --> Abstract-FFFFFF-White-0SrfTreatment-Standard,0DimDi-48in,0Profile-Tube Steel
PRESET,,"2ExtrudedProfile --> Beam/Column --> WoodRectangular
1Material --> Wood --> Cedar - Western Red-0RawMaterial-Cedar (Western Red)-0Color --> Abstract-FFFFFF-White-0SrfTreatment-Unfinished
0DimWD-6inW-6inD
0Profile-Plate Section",,2ExtrudedProfile --> Beam/Column --> WoodRectangular,,2ExtrudedProfile152,,,,1Material --> Wood --> Cedar - Western Red-0RawMaterial-Cedar (Western Red)-0Color --> Abstract-FFFFFF-White-0SrfTreatment-Unfinished,0DimWD-6inW-6inD,0Profile-Plate Section
PRESET,,"2ExtrudedProfile --> Beam/Column --> WoodRectangular
1Material --> Wood --> Cedar - White-0RawMaterial-Cedar (White)-0Color --> Abstract-FFFFFF-White-0SrfTreatment-Unfinished
0DimWD-6inW-8inD
0Profile-Plate Section",,2ExtrudedProfile --> Beam/Column --> WoodRectangular,,2ExtrudedProfile153,,,,1Material --> Wood --> Cedar - White-0RawMaterial-Cedar (White)-0Color --> Abstract-FFFFFF-White-0SrfTreatment-Unfinished,0DimWD-6inW-8inD,0Profile-Plate Section
PRESET,,"2ExtrudedProfile --> Beam/Column --> WoodRectangular
1Material --> Wood --> Cypress - Bald-0RawMaterial-Cypress (Bald)-0Color --> Abstract-FFFFFF-White-0SrfTreatment-Unfinished
0DimWD-7inW-9inD
0Profile-Plate Section",,2ExtrudedProfile --> Beam/Column --> WoodRectangular,,2ExtrudedProfile154,,,,1Material --> Wood --> Cypress - Bald-0RawMaterial-Cypress (Bald)-0Color --> Abstract-FFFFFF-White-0SrfTreatment-Unfinished,0DimWD-7inW-9inD,0Profile-Plate Section
PRESET,,"2ExtrudedProfile --> Beam/Column --> WoodRectangular
1Material --> Wood --> Oak - Red-0RawMaterial-Oak (Red)-0Color --> Abstract-FFFFFF-White-0SrfTreatment-Unfinished
0DimWD-8inW-10inD
0Profile-Plate Section",,2ExtrudedProfile --> Beam/Column --> WoodRectangular,,2ExtrudedProfile155,,,,1Material --> Wood --> Oak - Red-0RawMaterial-Oak (Red)-0Color --> Abstract-FFFFFF-White-0SrfTreatment-Unfinished,0DimWD-8inW-10inD,0Profile-Plate Section
PRESET,,"2ExtrudedProfile --> Beam/Column --> WoodRectangular
1Material --> Wood --> Oak - White-0RawMaterial-Oak (White)-0Color --> Abstract-FFFFFF-White-0SrfTreatment-Unfinished
0DimWD-8inW-8inD
0Profile-Plate Section",,2ExtrudedProfile --> Beam/Column --> WoodRectangular,,2ExtrudedProfile156,,,,1Material --> Wood --> Oak - White-0RawMaterial-Oak (White)-0Color --> Abstract-FFFFFF-White-0SrfTreatment-Unfinished,0DimWD-8inW-8inD,0Profile-Plate Section
PRESET,,"2ExtrudedProfile --> Beam/Column --> WoodRound
1Material --> Wood --> Cedar - Western Red-0RawMaterial-Cedar (Western Red)-0Color --> Abstract-FFFFFF-White-0SrfTreatment-Unfinished
0DimDi-6in
0Profile-Tube Steel",,2ExtrudedProfile --> Beam/Column --> WoodRound,,2ExtrudedProfile157,,,,1Material --> Wood --> Cedar - Western Red-0RawMaterial-Cedar (Western Red)-0Color --> Abstract-FFFFFF-White-0SrfTreatment-Unfinished,0DimDi-6in,0Profile-Tube Steel
PRESET,,"2ExtrudedProfile --> Beam/Column --> WoodRound
1Material --> Wood --> Cedar - White-0RawMaterial-Cedar (White)-0Color --> Abstract-FFFFFF-White-0SrfTreatment-Unfinished
0DimDi-8in
0Profile-Tube Steel",,2ExtrudedProfile --> Beam/Column --> WoodRound,,2ExtrudedProfile158,,,,1Material --> Wood --> Cedar - White-0RawMaterial-Cedar (White)-0Color --> Abstract-FFFFFF-White-0SrfTreatment-Unfinished,0DimDi-8in,0Profile-Tube Steel
PRESET,,"2ExtrudedProfile --> Beam/Column --> WoodRound
1Material --> Wood --> Cypress - Bald-0RawMaterial-Cypress (Bald)-0Color --> Abstract-FFFFFF-White-0SrfTreatment-Unfinished
0DimDi-10in
0Profile-Tube Steel",,2ExtrudedProfile --> Beam/Column --> WoodRound,,2ExtrudedProfile159,,,,1Material --> Wood --> Cypress - Bald-0RawMaterial-Cypress (Bald)-0Color --> Abstract-FFFFFF-White-0SrfTreatment-Unfinished,0DimDi-10in,0Profile-Tube Steel
PRESET,,"2ExtrudedProfile --> Beam/Column --> WoodRound
1Material --> Wood --> Oak - Red-0RawMaterial-Oak (Red)-0Color --> Abstract-FFFFFF-White-0SrfTreatment-Unfinished
0DimDi-12in
0Profile-Tube Steel",,2ExtrudedProfile --> Beam/Column --> WoodRound,,2ExtrudedProfile160,,,,1Material --> Wood --> Oak - Red-0RawMaterial-Oak (Red)-0Color --> Abstract-FFFFFF-White-0SrfTreatment-Unfinished,0DimDi-12in,0Profile-Tube Steel
PRESET,,"2ExtrudedProfile --> Beam/Column --> WoodRound
1Material --> Wood --> Oak - White-0RawMaterial-Oak (White)-0Color --> Abstract-FFFFFF-White-0SrfTreatment-Unfinished
0DimDi-14in
0Profile-Tube Steel",,2ExtrudedProfile --> Beam/Column --> WoodRound,,2ExtrudedProfile161,,,,1Material --> Wood --> Oak - White-0RawMaterial-Oak (White)-0Color --> Abstract-FFFFFF-White-0SrfTreatment-Unfinished,0DimDi-14in,0Profile-Tube Steel
PRESET,,"2ExtrudedProfile --> Beam/Column --> WoodRound
1Material --> Wood --> Spruce-Pine-Fir-0RawMaterial-Spruce-Pine-Fir-0Color --> Abstract-FFFFFF-White-0SrfTreatment-Unfinished
0DimDi-16in
0Profile-Tube Steel",,2ExtrudedProfile --> Beam/Column --> WoodRound,,2ExtrudedProfile162,,,,1Material --> Wood --> Spruce-Pine-Fir-0RawMaterial-Spruce-Pine-Fir-0Color --> Abstract-FFFFFF-White-0SrfTreatment-Unfinished,0DimDi-16in,0Profile-Tube Steel
PRESET,,"2ExtrudedProfile --> Beam/Column --> WoodRound
1Material --> Wood --> Cedar - Western Red-0RawMaterial-Cedar (Western Red)-0Color --> Abstract-FFFFFF-White-0SrfTreatment-Unfinished
0DimDi-18in
0Profile-Tube Steel",,2ExtrudedProfile --> Beam/Column --> WoodRound,,2ExtrudedProfile163,,,,1Material --> Wood --> Cedar - Western Red-0RawMaterial-Cedar (Western Red)-0Color --> Abstract-FFFFFF-White-0SrfTreatment-Unfinished,0DimDi-18in,0Profile-Tube Steel
PRESET,,"2ExtrudedProfile --> Beam/Column --> WoodRound
1Material --> Wood --> Cedar - White-0RawMaterial-Cedar (White)-0Color --> Abstract-FFFFFF-White-0SrfTreatment-Unfinished
0DimDi-20in
0Profile-Tube Steel",,2ExtrudedProfile --> Beam/Column --> WoodRound,,2ExtrudedProfile164,,,,1Material --> Wood --> Cedar - White-0RawMaterial-Cedar (White)-0Color --> Abstract-FFFFFF-White-0SrfTreatment-Unfinished,0DimDi-20in,0Profile-Tube Steel
PRESET,,"2ExtrudedProfile --> Beam/Column --> WoodRound
1Material --> Wood --> Cypress - Bald-0RawMaterial-Cypress (Bald)-0Color --> Abstract-FFFFFF-White-0SrfTreatment-Unfinished
0DimDi-22in
0Profile-Tube Steel",,2ExtrudedProfile --> Beam/Column --> WoodRound,,2ExtrudedProfile165,,,,1Material --> Wood --> Cypress - Bald-0RawMaterial-Cypress (Bald)-0Color --> Abstract-FFFFFF-White-0SrfTreatment-Unfinished,0DimDi-22in,0Profile-Tube Steel
PRESET,,"2ExtrudedProfile --> Beam/Column --> WoodRound
1Material --> Wood --> Oak - Red-0RawMaterial-Oak (Red)-0Color --> Abstract-FFFFFF-White-0SrfTreatment-Unfinished
0DimDi-24in
0Profile-Tube Steel",,2ExtrudedProfile --> Beam/Column --> WoodRound,,2ExtrudedProfile166,,,,1Material --> Wood --> Oak - Red-0RawMaterial-Oak (Red)-0Color --> Abstract-FFFFFF-White-0SrfTreatment-Unfinished,0DimDi-24in,0Profile-Tube Steel
PRESET,,"2ExtrudedProfile --> Beam/Column --> WoodRound
1Material --> Wood --> Oak - White-0RawMaterial-Oak (White)-0Color --> Abstract-FFFFFF-White-0SrfTreatment-Unfinished
0DimDi-26in
0Profile-Tube Steel",,2ExtrudedProfile --> Beam/Column --> WoodRound,,2ExtrudedProfile167,,,,1Material --> Wood --> Oak - White-0RawMaterial-Oak (White)-0Color --> Abstract-FFFFFF-White-0SrfTreatment-Unfinished,0DimDi-26in,0Profile-Tube Steel
PRESET,,"2ExtrudedProfile --> Beam/Column --> WoodRound
1Material --> Wood --> Spruce-Pine-Fir-0RawMaterial-Spruce-Pine-Fir-0Color --> Abstract-FFFFFF-White-0SrfTreatment-Unfinished
0DimDi-28in
0Profile-Tube Steel",,2ExtrudedProfile --> Beam/Column --> WoodRound,,2ExtrudedProfile168,,,,1Material --> Wood --> Spruce-Pine-Fir-0RawMaterial-Spruce-Pine-Fir-0Color --> Abstract-FFFFFF-White-0SrfTreatment-Unfinished,0DimDi-28in,0Profile-Tube Steel
PRESET,,"2ExtrudedProfile --> Beam/Column --> WoodRound
1Material --> Wood --> Cedar - Western Red-0RawMaterial-Cedar (Western Red)-0Color --> Abstract-FFFFFF-White-0SrfTreatment-Unfinished
0DimDi-30in
0Profile-Tube Steel",,2ExtrudedProfile --> Beam/Column --> WoodRound,,2ExtrudedProfile169,,,,1Material --> Wood --> Cedar - Western Red-0RawMaterial-Cedar (Western Red)-0Color --> Abstract-FFFFFF-White-0SrfTreatment-Unfinished,0DimDi-30in,0Profile-Tube Steel
PRESET,,"2ExtrudedProfile --> Beam/Column --> WoodRound
1Material --> Wood --> Cedar - White-0RawMaterial-Cedar (White)-0Color --> Abstract-FFFFFF-White-0SrfTreatment-Unfinished
0DimDi-32in
0Profile-Tube Steel",,2ExtrudedProfile --> Beam/Column --> WoodRound,,2ExtrudedProfile170,,,,1Material --> Wood --> Cedar - White-0RawMaterial-Cedar (White)-0Color --> Abstract-FFFFFF-White-0SrfTreatment-Unfinished,0DimDi-32in,0Profile-Tube Steel
PRESET,,"2ExtrudedProfile --> Beam/Column --> WoodRound
1Material --> Wood --> Cypress - Bald-0RawMaterial-Cypress (Bald)-0Color --> Abstract-FFFFFF-White-0SrfTreatment-Unfinished
0DimDi-34in
0Profile-Tube Steel",,2ExtrudedProfile --> Beam/Column --> WoodRound,,2ExtrudedProfile171,,,,1Material --> Wood --> Cypress - Bald-0RawMaterial-Cypress (Bald)-0Color --> Abstract-FFFFFF-White-0SrfTreatment-Unfinished,0DimDi-34in,0Profile-Tube Steel
PRESET,,"2ExtrudedProfile --> Beam/Column --> WoodRound
1Material --> Wood --> Oak - Red-0RawMaterial-Oak (Red)-0Color --> Abstract-FFFFFF-White-0SrfTreatment-Unfinished
0DimDi-36in
0Profile-Tube Steel",,2ExtrudedProfile --> Beam/Column --> WoodRound,,2ExtrudedProfile172,,,,1Material --> Wood --> Oak - Red-0RawMaterial-Oak (Red)-0Color --> Abstract-FFFFFF-White-0SrfTreatment-Unfinished,0DimDi-36in,0Profile-Tube Steel
PRESET,,"2ExtrudedProfile --> Beam/Column --> WoodRound
1Material --> Wood --> Oak - White-0RawMaterial-Oak (White)-0Color --> Abstract-FFFFFF-White-0SrfTreatment-Unfinished
0DimDi-38in
0Profile-Tube Steel",,2ExtrudedProfile --> Beam/Column --> WoodRound,,2ExtrudedProfile173,,,,1Material --> Wood --> Oak - White-0RawMaterial-Oak (White)-0Color --> Abstract-FFFFFF-White-0SrfTreatment-Unfinished,0DimDi-38in,0Profile-Tube Steel
PRESET,,"2ExtrudedProfile --> Beam/Column --> WoodRound
1Material --> Wood --> Spruce-Pine-Fir-0RawMaterial-Spruce-Pine-Fir-0Color --> Abstract-FFFFFF-White-0SrfTreatment-Unfinished
0DimDi-40in
0Profile-Tube Steel",,2ExtrudedProfile --> Beam/Column --> WoodRound,,2ExtrudedProfile174,,,,1Material --> Wood --> Spruce-Pine-Fir-0RawMaterial-Spruce-Pine-Fir-0Color --> Abstract-FFFFFF-White-0SrfTreatment-Unfinished,0DimDi-40in,0Profile-Tube Steel
PRESET,,"2ExtrudedProfile --> Beam/Column --> WoodRound
1Material --> Wood --> Cedar - Western Red-0RawMaterial-Cedar (Western Red)-0Color --> Abstract-FFFFFF-White-0SrfTreatment-Unfinished
0DimDi-42in
0Profile-Tube Steel",,2ExtrudedProfile --> Beam/Column --> WoodRound,,2ExtrudedProfile175,,,,1Material --> Wood --> Cedar - Western Red-0RawMaterial-Cedar (Western Red)-0Color --> Abstract-FFFFFF-White-0SrfTreatment-Unfinished,0DimDi-42in,0Profile-Tube Steel
PRESET,,"2ExtrudedProfile --> Beam/Column --> WoodRound
1Material --> Wood --> Cedar - White-0RawMaterial-Cedar (White)-0Color --> Abstract-FFFFFF-White-0SrfTreatment-Unfinished
0DimDi-44in
0Profile-Tube Steel",,2ExtrudedProfile --> Beam/Column --> WoodRound,,2ExtrudedProfile176,,,,1Material --> Wood --> Cedar - White-0RawMaterial-Cedar (White)-0Color --> Abstract-FFFFFF-White-0SrfTreatment-Unfinished,0DimDi-44in,0Profile-Tube Steel
PRESET,,"2ExtrudedProfile --> Beam/Column --> WoodRound
1Material --> Wood --> Cypress - Bald-0RawMaterial-Cypress (Bald)-0Color --> Abstract-FFFFFF-White-0SrfTreatment-Unfinished
0DimDi-46in
0Profile-Tube Steel",,2ExtrudedProfile --> Beam/Column --> WoodRound,,2ExtrudedProfile177,,,,1Material --> Wood --> Cypress - Bald-0RawMaterial-Cypress (Bald)-0Color --> Abstract-FFFFFF-White-0SrfTreatment-Unfinished,0DimDi-46in,0Profile-Tube Steel
PRESET,,"2ExtrudedProfile --> Beam/Column --> WoodRound
1Material --> Wood --> Oak - Red-0RawMaterial-Oak (Red)-0Color --> Abstract-FFFFFF-White-0SrfTreatment-Unfinished
0DimDi-48in
0Profile-Tube Steel",,2ExtrudedProfile --> Beam/Column --> WoodRound,,2ExtrudedProfile178,,,,1Material --> Wood --> Oak - Red-0RawMaterial-Oak (Red)-0Color --> Abstract-FFFFFF-White-0SrfTreatment-Unfinished,0DimDi-48in,0Profile-Tube Steel
PRESET,,"2ExtrudedProfile --> Stringer
1Material --> Metal --> Steel-0RawMaterial-Steel-0Color --> Metal --> Aluminum-FFFFFF-PureWhite-0SrfTreatment-Standard
0DimWDT --> HSS-7inW-7inD-0.233inT
0Profile-Hollow Structural Section, HSS",,2ExtrudedProfile --> Stringer,,Stringer,,,X,1Material --> Metal --> Steel-0RawMaterial-Steel-0Color --> Metal --> Aluminum-FFFFFF-PureWhite-0SrfTreatment-Standard,0DimWDT --> HSS-7inW-7inD-0.233inT,"0Profile-Hollow Structural Section, HSS"
PRESET,,"2ExtrudedProfile --> Stringer
1Material --> Metal --> Tin-0RawMaterial-Tin-0Color --> Metal --> Aluminum-FFFFFF-PureWhite-0SrfTreatment-Standard
0DimWDT --> HSS-3inW-7inD-0.465inT
='0-04_Profile'!$C$22",,2ExtrudedProfile --> Stringer,,Stringer,,,X,1Material --> Metal --> Tin-0RawMaterial-Tin-0Color --> Metal --> Aluminum-FFFFFF-PureWhite-0SrfTreatment-Standard,0DimWDT --> HSS-3inW-7inD-0.465inT,='0-04_Profile'!$C$22
PRESET,,"2ExtrudedProfile --> Trim --> FloorMoulding
1Material --> Spread --> Paint-0RawMaterial-Paint-0Color --> Spread --> Paint-F3F1ED-GentleWhite-0SrfTreatment-Buff Polished
0DimWDT --> HSS-3inW-7inD-0.349inT
0Profile-Colonial Base",,2ExtrudedProfile --> Trim --> FloorMoulding,,Wall Base,,X,,1Material --> Spread --> Paint-0RawMaterial-Paint-0Color --> Spread --> Paint-F3F1ED-GentleWhite-0SrfTreatment-Buff Polished,0DimWDT --> HSS-3inW-7inD-0.349inT,0Profile-Colonial Base
PRESET,,"2ExtrudedProfile --> Trim --> FloorMoulding
1Material --> Spread --> Paint-0RawMaterial-Paint-0Color --> Spread --> Paint-F3F1ED-GentleWhite-0SrfTreatment-Buff Polished
0DimWDT --> HSS-3inW-7inD-0.291inT
0Profile-Cove Base",,2ExtrudedProfile --> Trim --> FloorMoulding,,Wall Base,,X,,1Material --> Spread --> Paint-0RawMaterial-Paint-0Color --> Spread --> Paint-F3F1ED-GentleWhite-0SrfTreatment-Buff Polished,0DimWDT --> HSS-3inW-7inD-0.291inT,0Profile-Cove Base
,,,,,,,,,,,,
,,,,,,,,,,,,
