TYPENAME,,Part,,Part,,,,,,,,,,,,,,,,,,,,,,,,,,,,,,,,,,,,,,,,,,,,,,,,,,,,,,,
,,Definition,,,,,,,,,,,,,,,,,,,,,,,,,,,,,,,,,,,,,,,,,,,,,,,,,,,,,,,,,
,,PropertyType,,PropertyName,,PropertyScope.Value,,,,,,,,,,,,,,,,,,,,,,,,,,,,,,,,,,,,,,,,,,,,,,,,,,,,,
PROPERTY,,DisplayText,,Name,,Part.Name,,,,,,,,,,,,,,,,,,,,,,,,,,,,,,,,,,,,,,,,,,,,,,,,,,,,,
,,InputExtensibility,,InputPreset,,,,,,,,,,,,,,,,,,,,,,,,,,,,,,,,,,,,,,,,,,,,,,,,,,,,,,,
INPUTPIN,,1..1,,ChildMaterial,,,,,,,,,,,,,,,,,,,,,,,,,,,,,,,,,,,,,,,,,,,,,,,,,,,,,,,
INPUTPIN,,1..1,,ChildMesh,,,,,,,,,,,,,,,,,,,,,,,,,,,,,,,,,,,,,,,,,,,,,,,,,,,,,,,
,,Presets,,,,,,,,,,,,,,,,,,,,,,,,,,,,,,,,,,,,,,,,,,,,,,,,,,,,,,,,,
TAGPATHS,DataType=ID,ID,DataType=TG_MyNode+CategoryPath,TG_MyNode+CategoryPath,DataType=Properties,Part.Name,DataType=StartsInProject,DataType=InputPins,ChildMesh,ChildMaterial,DataType=PinChannel,AppliesToMaterialChannel,DataType=TG_Parent Node+CategoryPath,XXXXHardwareGroup --> Cabinet --> Door,XXXXHardwareGroup --> Cabinet --> Drawer,XXXXHardwareGroup --> Door --> Barn,XXXXHardwareGroup --> Door --> Folding,XXXXHardwareGroup --> Door --> Overhead,XXXXHardwareGroup --> Door --> Pivot,XXXXHardwareGroup --> Door --> Pocket,XXXXHardwareGroup --> Door --> Sliding,XXXXHardwareGroup --> Door --> Revolving,XXXXHardwareGroup --> Door --> Swing,XXXXHardwareGroup --> RailingPanel --> Glass,XXXXHardwareGroup --> RailingPanel --> Solid,XXXXHardwareGroup --> Window --> Awning,XXXXHardwareGroup --> Window --> Casement,XXXXHardwareGroup --> Window --> Double-Action,XXXXHardwareGroup --> Window --> Fixed,XXXXHardwareGroup --> Window --> Hopper,XXXXHardwareGroup --> Window --> Jalousie,Assembly --> Cabinet --> Drawer,Assembly --> Cabinet --> Overhead,Assembly --> Cabinet --> Sliding,Assembly --> Cabinet --> Swing,Assembly --> Door --> Barn,Assembly --> Door --> Folding,Assembly --> Door --> Overhead,Assembly --> Door --> Pivot,Assembly --> Door --> Pocket,Assembly --> Door --> Revolving,Assembly --> Door --> Sliding,Assembly --> Door --> Swing,Assembly --> FFESet,Assembly --> Window --> Awning,Assembly --> Window --> Casement,Assembly --> Window --> Double-Action,Assembly --> Window --> Fixed,Assembly --> Window --> Hopper,Assembly --> Window --> Hung,Assembly --> Window --> Jalousie,Assembly --> Window --> Sliding,AssemblyHingeSet,AssemblyPanel,AssemblyCabinetFace,AssemblyDoor,AssemblyWindow,AssemblyFFESet,
PRESET,,"Frame
0Mesh-Cabinet-Frame-Framed-01.Cabinet-Frame-Framed-01'
1Material --> Wood --> Walnut-0RawMaterial-Walnut-0Color --> Wood --> Walnut-FFFFFF-Natural",,Frame,,"Face Frame, Walnut, Natural",,,0Mesh-Cabinet-Frame-Framed-01.Cabinet-Frame-Framed-01',1Material --> Wood --> Walnut-0RawMaterial-Walnut-0Color --> Wood --> Walnut-FFFFFF-Natural,,Finish1,,,,,,,,,,,,,,,,,,,,,,,X,,,,,,,,,,,,,,,,,,,,X,,,,
PRESET,,"Frame
0Mesh-Cabinet-Frame-Framed-01.Cabinet-Frame-Framed-01'
1Material --> Spread --> Paint-0RawMaterial-Paint-0Color --> Spread --> Paint-F3F1ED-GentleWhite",,Frame,,"Face Frame, Paint, Gentle White",,,0Mesh-Cabinet-Frame-Framed-01.Cabinet-Frame-Framed-01',1Material --> Spread --> Paint-0RawMaterial-Paint-0Color --> Spread --> Paint-F3F1ED-GentleWhite,,Finish1,,,,,,,,,,,,,,,,,,,,,,,X,,,,,,,,,,,,,,,,,,,,X,,,,
PRESET,,"Frame
0Mesh-Cabinet-Frame-Framed-01.Cabinet-Frame-Framed-01'
1Material --> Spread --> Paint-0RawMaterial-Paint-0Color --> Spread --> Paint-ABABAB-DarkGrey",,Frame,,"Face Frame, Paint, Dark Grey",,,0Mesh-Cabinet-Frame-Framed-01.Cabinet-Frame-Framed-01',1Material --> Spread --> Paint-0RawMaterial-Paint-0Color --> Spread --> Paint-ABABAB-DarkGrey,,Finish1,,,,,,,,,,,,,,,,,,,,,,,X,,,,,,,,,,,,,,,,,,,,X,,,,
PRESET,,"Frame
0Mesh-Cabinet-Frame-Sliding-01.Cabinet-Frame-Sliding-01'
1Material --> Spread --> Paint-0RawMaterial-Paint-0Color --> Spread --> Paint-364155-DeepNavy",,Frame,,"Sliding Frame, Paint, Deep Navy",,,0Mesh-Cabinet-Frame-Sliding-01.Cabinet-Frame-Sliding-01',1Material --> Spread --> Paint-0RawMaterial-Paint-0Color --> Spread --> Paint-364155-DeepNavy,,Finish1,,,,,,,,,,,,,,,,,,,,,,,X,,,,,,,,,,,,,,,,,,,,X,,,,
PRESET,,"Frame
0Mesh-Cabinet-Frame-Frameless-01.Cabinet-Frame-Frameless-01'
1Material --> Wood --> Ash-0RawMaterial-Ash-0Color --> Wood --> Ash-FFFFFF-Natural",,Frame,,"""Frameless"" Frame, Ash, Natural",,,0Mesh-Cabinet-Frame-Frameless-01.Cabinet-Frame-Frameless-01',1Material --> Wood --> Ash-0RawMaterial-Ash-0Color --> Wood --> Ash-FFFFFF-Natural,,Finish1,,,,,,,,,,,,,,,,,,,,,,,X,,,,,,,,,,,,,,,,,,,,X,,,,
PRESET,,"Frame
0Mesh-Cabinet-Frame-Sliding-01.Cabinet-Frame-Sliding-01'
1Material --> Spread --> Paint-0RawMaterial-Paint-0Color --> Spread --> Paint-F3F1ED-GentleWhite",,Frame,,"Sliding Frame, Paint, Gentle White",,,0Mesh-Cabinet-Frame-Sliding-01.Cabinet-Frame-Sliding-01',1Material --> Spread --> Paint-0RawMaterial-Paint-0Color --> Spread --> Paint-F3F1ED-GentleWhite,,Finish1,,,,,,,,,,,,,,,,,,,,,,,X,,,,,,,,,,,,,,,,,,,,X,,,,
PRESET,,"HandleStatic
0Mesh-Cabinet-Handle-Knob-01.Cabinet-Handle-Knob-01'
1Material --> Metal --> Aluminum-0RawMaterial-Aluminum-0Color --> Metal --> Aluminum-331F20-PatricianBronze",,HandleStatic,,"Knob Handle 1, Aluminum, Patrician Bronze",,,0Mesh-Cabinet-Handle-Knob-01.Cabinet-Handle-Knob-01',1Material --> Metal --> Aluminum-0RawMaterial-Aluminum-0Color --> Metal --> Aluminum-331F20-PatricianBronze,,Finish1,,,,,,,,,,,,,,,,,,,,,,,X,,,,,,,,,,,,,,,,,,,X,,,,,
PRESET,,"HandleStatic
0Mesh-Cabinet-Handle-Knob-02.Cabinet-Handle-Knob-02'
1Material --> Metal --> Aluminum-0RawMaterial-Aluminum-0Color --> Metal --> Aluminum-331F20-PatricianBronze",,HandleStatic,,"Knob Handle 2, Aluminum, Patrician Bronze",,,0Mesh-Cabinet-Handle-Knob-02.Cabinet-Handle-Knob-02',1Material --> Metal --> Aluminum-0RawMaterial-Aluminum-0Color --> Metal --> Aluminum-331F20-PatricianBronze,,Finish1,,,,,,,,,,,,,,,,,,,,,,,X,,,,,,,,,,,,,,,,,,,X,,,,,
PRESET,,"HandleStatic
0Mesh-Cabinet-Handle-Knob-03.Cabinet-Handle-Knob-03'
1Material --> Metal --> Aluminum-0RawMaterial-Aluminum-0Color --> Metal --> Aluminum-331F20-PatricianBronze",,HandleStatic,,"Knob Handle 3, Aluminum, Patrician Bronze",,,0Mesh-Cabinet-Handle-Knob-03.Cabinet-Handle-Knob-03',1Material --> Metal --> Aluminum-0RawMaterial-Aluminum-0Color --> Metal --> Aluminum-331F20-PatricianBronze,,Finish1,,,,,,,,,,,,,,,,,,,,,,,X,,,,,,,,,,,,,,,,,,,X,,,,,
PRESET,,"HandleStatic
0Mesh-Cabinet-Handle-Knob-04.Cabinet-Handle-Knob-04'
1Material --> Metal --> Aluminum-0RawMaterial-Aluminum-0Color --> Metal --> Aluminum-331F20-PatricianBronze",,HandleStatic,,"Knob Handle 4, Aluminum, Patrician Bronze",,,0Mesh-Cabinet-Handle-Knob-04.Cabinet-Handle-Knob-04',1Material --> Metal --> Aluminum-0RawMaterial-Aluminum-0Color --> Metal --> Aluminum-331F20-PatricianBronze,,Finish1,,,,,,,,,,,,,,,,,,,,,,,X,,,,,,,,,,,,,,,,,,,X,,,,,
PRESET,,"HandleStatic
0Mesh-Cabinet-Handle-Pull-01.Cabinet-Handle-Pull-01'
1Material --> Metal --> Aluminum-0RawMaterial-Aluminum (Brushed)-0Color --> Metal --> Aluminum-EBECF0-LightGray",,HandleStatic,,"Pull Handle 1, Aluminum (Brushed), Light Gray",,,0Mesh-Cabinet-Handle-Pull-01.Cabinet-Handle-Pull-01',1Material --> Metal --> Aluminum-0RawMaterial-Aluminum (Brushed)-0Color --> Metal --> Aluminum-EBECF0-LightGray,,Finish1,,,,,,,,,,,,,,,,,,,,,,,X,,,,,,,,,,,,,,,,,,,X,,,,,
PRESET,,"HandleStatic
0Mesh-Cabinet-Handle-Pull-01.Cabinet-Handle-Pull-01'
1Material --> Metal --> Aluminum-0RawMaterial-Aluminum-0Color --> Metal --> Aluminum-331F20-PatricianBronze",,HandleStatic,,"Pull Handle 1, Aluminum, Patrician Bronze",,,0Mesh-Cabinet-Handle-Pull-01.Cabinet-Handle-Pull-01',1Material --> Metal --> Aluminum-0RawMaterial-Aluminum-0Color --> Metal --> Aluminum-331F20-PatricianBronze,,Finish1,,,,,,,,,,,,,,,,,,,,,,,X,,,,,,,,,,,,,,,,,,,X,,,,,
PRESET,,"HandleStatic
0Mesh-Cabinet-Handle-Pull-02.Cabinet-Handle-Pull-02'
1Material --> Metal --> Aluminum-0RawMaterial-Aluminum (Brushed)-0Color --> Metal --> Aluminum-EBECF0-LightGray",,HandleStatic,,"Pull Handle 2, Aluminum (Brushed), Light Gray",,,0Mesh-Cabinet-Handle-Pull-02.Cabinet-Handle-Pull-02',1Material --> Metal --> Aluminum-0RawMaterial-Aluminum (Brushed)-0Color --> Metal --> Aluminum-EBECF0-LightGray,,Finish1,,,,,,,,,,,,,,,,,,,,,,,X,,,,,,,,,,,,,,,,,,,X,,,,,
PRESET,,"HandleStatic
0Mesh-Cabinet-Handle-Pull-02.Cabinet-Handle-Pull-02'
1Material --> Metal --> Aluminum-0RawMaterial-Aluminum-0Color --> Metal --> Aluminum-331F20-PatricianBronze",,HandleStatic,,"Pull Handle 2, Aluminum, Patrician Bronze",,,0Mesh-Cabinet-Handle-Pull-02.Cabinet-Handle-Pull-02',1Material --> Metal --> Aluminum-0RawMaterial-Aluminum-0Color --> Metal --> Aluminum-331F20-PatricianBronze,,Finish1,,,,,,,,,,,,,,,,,,,,,,,X,,,,,,,,,,,,,,,,,,,X,,,,,
PRESET,,"HandleStatic
0Mesh-Cabinet-Handle-Pull-03.Cabinet-Handle-Pull-03'
1Material --> Metal --> Aluminum-0RawMaterial-Aluminum (Brushed)-0Color --> Metal --> Aluminum-EBECF0-LightGray",,HandleStatic,,"Pull Handle 3, Aluminum (Brushed), Light Gray",,,0Mesh-Cabinet-Handle-Pull-03.Cabinet-Handle-Pull-03',1Material --> Metal --> Aluminum-0RawMaterial-Aluminum (Brushed)-0Color --> Metal --> Aluminum-EBECF0-LightGray,,Finish1,,,,,,,,,,,,,,,,,,,,,,,X,,,,,,,,,,,,,,,,,,,X,,,,,
PRESET,,"HandleStatic
0Mesh-Cabinet-Handle-Pull-03.Cabinet-Handle-Pull-03'
1Material --> Metal --> Aluminum-0RawMaterial-Aluminum-0Color --> Metal --> Aluminum-331F20-PatricianBronze",,HandleStatic,,"Pull Handle 3, Aluminum, Patrician Bronze",,,0Mesh-Cabinet-Handle-Pull-03.Cabinet-Handle-Pull-03',1Material --> Metal --> Aluminum-0RawMaterial-Aluminum-0Color --> Metal --> Aluminum-331F20-PatricianBronze,,Finish1,,,,,,,,,,,,,,,,,,,,,,,X,,,,,,,,,,,,,,,,,,,X,,,,,
PRESET,,"HandleStatic
0Mesh-Cabinet-Handle-Pull-04.Cabinet-Handle-Pull-04'
1Material --> Metal --> Aluminum-0RawMaterial-Aluminum (Brushed)-0Color --> Metal --> Aluminum-EBECF0-LightGray",,HandleStatic,,"Pull Handle 4, Aluminum (Brushed), Light Gray",,,0Mesh-Cabinet-Handle-Pull-04.Cabinet-Handle-Pull-04',1Material --> Metal --> Aluminum-0RawMaterial-Aluminum (Brushed)-0Color --> Metal --> Aluminum-EBECF0-LightGray,,Finish1,,,,,,,,,,,,,,,,,,,,,,,X,,,,,,,,,,,,,,,,,,,X,,,,,
PRESET,,"HandleStatic
0Mesh-Cabinet-Handle-Pull-04.Cabinet-Handle-Pull-04'
1Material --> Metal --> Aluminum-0RawMaterial-Aluminum-0Color --> Metal --> Aluminum-331F20-PatricianBronze",,HandleStatic,,"Pull Handle 4, Aluminum, Patrician Bronze",,,0Mesh-Cabinet-Handle-Pull-04.Cabinet-Handle-Pull-04',1Material --> Metal --> Aluminum-0RawMaterial-Aluminum-0Color --> Metal --> Aluminum-331F20-PatricianBronze,,Finish1,,,,,,,,,,,,,,,,,,,,,,,X,,,,,,,,,,,,,,,,,,,X,,,,,
PRESET,,"HandleStatic
0Mesh-Cabinet-Handle-Pull-05.Cabinet-Handle-Pull-05'
1Material --> Metal --> Aluminum-0RawMaterial-Aluminum (Brushed)-0Color --> Metal --> Aluminum-EBECF0-LightGray",,HandleStatic,,"Pull Handle 5, Aluminum (Brushed), Light Gray",,,0Mesh-Cabinet-Handle-Pull-05.Cabinet-Handle-Pull-05',1Material --> Metal --> Aluminum-0RawMaterial-Aluminum (Brushed)-0Color --> Metal --> Aluminum-EBECF0-LightGray,,Finish1,,,,,,,,,,,,,,,,,,,,,,,X,,,,,,,,,,,,,,,,,,,X,,,,,
PRESET,,"HandleStatic
0Mesh-Cabinet-Handle-Pull-05.Cabinet-Handle-Pull-05'
1Material --> Metal --> Aluminum-0RawMaterial-Aluminum-0Color --> Metal --> Aluminum-331F20-PatricianBronze",,HandleStatic,,"Pull Handle 5, Aluminum, Patrician Bronze",,,0Mesh-Cabinet-Handle-Pull-05.Cabinet-Handle-Pull-05',1Material --> Metal --> Aluminum-0RawMaterial-Aluminum-0Color --> Metal --> Aluminum-331F20-PatricianBronze,,Finish1,,,,,,,,,,,,,,,,,,,,,,,X,,,,,,,,,,,,,,,,,,,X,,,,,
PRESET,,"HandleStatic
0Mesh-Cabinet-Handle-Pull-06.Cabinet-Handle-Pull-06'
1Material --> Metal --> Aluminum-0RawMaterial-Aluminum (Brushed)-0Color --> Metal --> Aluminum-EBECF0-LightGray",,HandleStatic,,"Pull Handle 6, Aluminum (Brushed), Light Gray",,,0Mesh-Cabinet-Handle-Pull-06.Cabinet-Handle-Pull-06',1Material --> Metal --> Aluminum-0RawMaterial-Aluminum (Brushed)-0Color --> Metal --> Aluminum-EBECF0-LightGray,,Finish1,,,,,,,,,,,,,,,,,,,,,,,X,,,,,,,,,,,,,,,,,,,X,,,,,
PRESET,,"HandleStatic
0Mesh-Cabinet-Handle-Pull-06.Cabinet-Handle-Pull-06'
1Material --> Metal --> Aluminum-0RawMaterial-Aluminum-0Color --> Metal --> Aluminum-331F20-PatricianBronze",,HandleStatic,,"Pull Handle 6, Aluminum, Patrician Bronze",,,0Mesh-Cabinet-Handle-Pull-06.Cabinet-Handle-Pull-06',1Material --> Metal --> Aluminum-0RawMaterial-Aluminum-0Color --> Metal --> Aluminum-331F20-PatricianBronze,,Finish1,,,,,,,,,,,,,,,,,,,,,,,X,,,,,,,,,,,,,,,,,,,X,,,,,
PRESET,,"HandleStatic
0Mesh-Cabinet-Handle-Pull-07.Cabinet-Handle-Pull-07'
1Material --> Metal --> Aluminum-0RawMaterial-Aluminum (Brushed)-0Color --> Metal --> Aluminum-EBECF0-LightGray",,HandleStatic,,"Pull Handle 7, Aluminum (Brushed), Light Gray",,,0Mesh-Cabinet-Handle-Pull-07.Cabinet-Handle-Pull-07',1Material --> Metal --> Aluminum-0RawMaterial-Aluminum (Brushed)-0Color --> Metal --> Aluminum-EBECF0-LightGray,,Finish1,,,,,,,,,,,,,,,,,,,,,,,X,,,,,,,,,,,,,,,,,,,X,,,,,
PRESET,,"HandleStatic
0Mesh-Cabinet-Handle-Pull-07.Cabinet-Handle-Pull-07'
1Material --> Metal --> Aluminum-0RawMaterial-Aluminum-0Color --> Metal --> Aluminum-331F20-PatricianBronze",,HandleStatic,,"Pull Handle 7, Aluminum, Patrician Bronze",,,0Mesh-Cabinet-Handle-Pull-07.Cabinet-Handle-Pull-07',1Material --> Metal --> Aluminum-0RawMaterial-Aluminum-0Color --> Metal --> Aluminum-331F20-PatricianBronze,,Finish1,,,,,,,,,,,,,,,,,,,,,,,X,,,,,,,,,,,,,,,,,,,X,,,,,
PRESET,,"HandleStatic
0Mesh-Cabinet-Handle-Pull-08.Cabinet-Handle-Pull-08'
1Material --> Metal --> Aluminum-0RawMaterial-Aluminum (Brushed)-0Color --> Metal --> Aluminum-EBECF0-LightGray",,HandleStatic,,"Pull Handle 8, Aluminum (Brushed), Light Gray",,,0Mesh-Cabinet-Handle-Pull-08.Cabinet-Handle-Pull-08',1Material --> Metal --> Aluminum-0RawMaterial-Aluminum (Brushed)-0Color --> Metal --> Aluminum-EBECF0-LightGray,,Finish1,,,,,,,,,,,,,,,,,,,,,,,X,,,,,,,,,,,,,,,,,,,X,,,,,
PRESET,,"HandleStatic
0Mesh-Cabinet-Handle-Pull-08.Cabinet-Handle-Pull-08'
1Material --> Metal --> Aluminum-0RawMaterial-Aluminum-0Color --> Metal --> Aluminum-331F20-PatricianBronze",,HandleStatic,,"Pull Handle 8, Aluminum, Patrician Bronze",,,0Mesh-Cabinet-Handle-Pull-08.Cabinet-Handle-Pull-08',1Material --> Metal --> Aluminum-0RawMaterial-Aluminum-0Color --> Metal --> Aluminum-331F20-PatricianBronze,,Finish1,,,,,,,,,,,,,,,,,,,,,,,X,,,,,,,,,,,,,,,,,,,X,,,,,
PRESET,,"HandleStatic
0Mesh-Cabinet-Handle-Pull-09.Cabinet-Handle-Pull-09'
1Material --> Metal --> Aluminum-0RawMaterial-Aluminum (Brushed)-0Color --> Metal --> Aluminum-EBECF0-LightGray",,HandleStatic,,"Pull Handle 9, Aluminum (Brushed), Light Gray",,,0Mesh-Cabinet-Handle-Pull-09.Cabinet-Handle-Pull-09',1Material --> Metal --> Aluminum-0RawMaterial-Aluminum (Brushed)-0Color --> Metal --> Aluminum-EBECF0-LightGray,,Finish2,,,,,,,,,,,,,,,,,,,,,,,X,,,,,,,,,,,,,,,,,,,X,,,,,
PRESET,,"HandleStatic
0Mesh-Cabinet-Handle-Pull-09.Cabinet-Handle-Pull-09'
1Material --> Metal --> Aluminum-0RawMaterial-Aluminum-0Color --> Metal --> Aluminum-331F20-PatricianBronze",,HandleStatic,,"Pull Handle 9, Aluminum, Patrician Bronze",,,0Mesh-Cabinet-Handle-Pull-09.Cabinet-Handle-Pull-09',1Material --> Metal --> Aluminum-0RawMaterial-Aluminum-0Color --> Metal --> Aluminum-331F20-PatricianBronze,,Finish1,,,,,,,,,,,,,,,,,,,,,,,X,,,,,,,,,,,,,,,,,,,X,,,,,
PRESET,,"HandleStatic
0Mesh-Cabinet-Handle-Pull-10.Cabinet-Handle-Pull-10'
1Material --> Metal --> Aluminum-0RawMaterial-Aluminum (Brushed)-0Color --> Metal --> Aluminum-EBECF0-LightGray",,HandleStatic,,"Pull Handle 10, Aluminum (Brushed), Light Gray",,,0Mesh-Cabinet-Handle-Pull-10.Cabinet-Handle-Pull-10',1Material --> Metal --> Aluminum-0RawMaterial-Aluminum (Brushed)-0Color --> Metal --> Aluminum-EBECF0-LightGray,,Finish1,,,,,,,,,,,,,,,,,,,,,,,X,,,,,,,,,,,,,,,,,,,X,,,,,
PRESET,,"HandleStatic
0Mesh-Cabinet-Handle-Pull-10.Cabinet-Handle-Pull-10'
1Material --> Metal --> Aluminum-0RawMaterial-Aluminum-0Color --> Metal --> Aluminum-331F20-PatricianBronze",,HandleStatic,,"Pull Handle 10, Aluminum, Patrician Bronze",,,0Mesh-Cabinet-Handle-Pull-10.Cabinet-Handle-Pull-10',1Material --> Metal --> Aluminum-0RawMaterial-Aluminum-0Color --> Metal --> Aluminum-331F20-PatricianBronze,,Finish1,,,,,,,,,,,,,,,,,,,,,,,X,,,,,,,,,,,,,,,,,,,X,,,,,
PRESET,,"Panel
0Mesh-Cabinet-Panel-01.Cabinet-Panel-01'
1Material --> Wood --> Walnut-0RawMaterial-Walnut-0Color --> Wood --> Walnut-FFFFFF-Natural",,Panel,,"Slab Panel, Walnut, Natural",,,0Mesh-Cabinet-Panel-01.Cabinet-Panel-01',1Material --> Wood --> Walnut-0RawMaterial-Walnut-0Color --> Wood --> Walnut-FFFFFF-Natural,,Finish1,,,,,,,,,,,,,,,,,,,,,,,X,,,,,,,,,,,,,,,,,,,,X,,,,
PRESET,,"Panel
0Mesh-Cabinet-Panel-02.Cabinet-Panel-02'
1Material --> Wood --> Walnut-0RawMaterial-Walnut-0Color --> Wood --> Walnut-FFFFFF-Natural",,Panel,,"Shaker Panel, Walnut, Natural",,,0Mesh-Cabinet-Panel-02.Cabinet-Panel-02',1Material --> Wood --> Walnut-0RawMaterial-Walnut-0Color --> Wood --> Walnut-FFFFFF-Natural,,Finish1,,,,,,,,,,,,,,,,,,,,,,,X,,,,,,,,,,,,,,,,,,,,X,,,,
PRESET,,"Panel
0Mesh-Cabinet-Panel-03.Cabinet-Panel-03'
1Material --> Spread --> Paint-0RawMaterial-Paint-0Color --> Spread --> Paint-ABABAB-DarkGrey",,Panel,,"Slab Panel, Raised Edges, Paint, Dark Grey",,,0Mesh-Cabinet-Panel-03.Cabinet-Panel-03',1Material --> Spread --> Paint-0RawMaterial-Paint-0Color --> Spread --> Paint-ABABAB-DarkGrey,,Finish1,,,,,,,,,,,,,,,,,,,,,,,X,,,,,,,,,,,,,,,,,,,,X,,,,
PRESET,,"Panel
0Mesh-Cabinet-Panel-03.Cabinet-Panel-03'
1Material --> Wood --> Walnut-0RawMaterial-Walnut-0Color --> Wood --> Walnut-FFFFFF-Natural",,Panel,,"Slab Panel, Raised Edges, Walnut, Natural",,,0Mesh-Cabinet-Panel-03.Cabinet-Panel-03',1Material --> Wood --> Walnut-0RawMaterial-Walnut-0Color --> Wood --> Walnut-FFFFFF-Natural,,Finish1,,,,,,,,,,,,,,,,,,,,,,,X,,,,,,,,,,,,,,,,,,,,X,,,,
PRESET,,"Panel
0Mesh-Cabinet-Panel-04.Cabinet-Panel-04'
1Material --> Spread --> Paint-0RawMaterial-Paint-0Color --> Spread --> Paint-F3F1ED-GentleWhite",,Panel,,"Raised Panel, Paint, Gentle White",,,0Mesh-Cabinet-Panel-04.Cabinet-Panel-04',1Material --> Spread --> Paint-0RawMaterial-Paint-0Color --> Spread --> Paint-F3F1ED-GentleWhite,,Finish1,,,,,,,,,,,,,,,,,,,,,,,X,,,,,,,,,,,,,,,,,,,,X,,,,
PRESET,,"Panel
0Mesh-Cabinet-Panel-05.Cabinet-Panel-05'
1Material --> Wood --> Walnut-0RawMaterial-Walnut-0Color --> Wood --> Walnut-FFFFFF-Natural",,Panel,,"Glass Panel, Walnut, Natural",,,0Mesh-Cabinet-Panel-05.Cabinet-Panel-05',1Material --> Wood --> Walnut-0RawMaterial-Walnut-0Color --> Wood --> Walnut-FFFFFF-Natural,,Finish1,,,,,,,,,,,,,,,,,,,,,,,X,,,,,,,,,,,,,,,,,,,,X,,,,
PRESET,,,,,,,,,,1Material --> Glass and Transparent --> Glass-0RawMaterial-Glass-0Color --> Glass and Transparent --> Glass-829CA9-BayBlue,,Finish2,,,,,,,,,,,,,,,,,,,,,,,,,,,,,,,,,,,,,,,,,,,,,,,
PRESET,,"Panel
0Mesh-Cabinet-Panel-06.Cabinet-Panel-06'
1Material --> Wood --> Oak - White-0RawMaterial-Oak (White)-0Color --> Wood --> Oak - White-FFFFFF-Natural",,Panel,,"Arched Panel, Oak (White), Natural",,,0Mesh-Cabinet-Panel-06.Cabinet-Panel-06',1Material --> Wood --> Oak - White-0RawMaterial-Oak (White)-0Color --> Wood --> Oak - White-FFFFFF-Natural,,Finish1,,,,,,,,,,,,,,,,,,,,,,,X,,,,,,,,,,,,,,,,,,,,,X,,,
PRESET,,"Panel
0Mesh-Cabinet-Panel-07.Cabinet-Panel-07'
1Material --> Wood --> Oak - White-0RawMaterial-Oak (White)-0Color --> Wood --> Oak - White-FFFFFF-Natural",,Panel,,"Louvered Panel, Oak (White), Natural",,,0Mesh-Cabinet-Panel-07.Cabinet-Panel-07',1Material --> Wood --> Oak - White-0RawMaterial-Oak (White)-0Color --> Wood --> Oak - White-FFFFFF-Natural,,Finish1,,,,,,,,,,,,,,,,,,,,,,,X,,,,,,,,,,,,,,,,,,,,,X,,,
PRESET,,"Caster
0Mesh-Door-Caster-Barn-01.Door-Caster-Barn-01'
1Material --> Metal --> Aluminum-0RawMaterial-Aluminum-0Color --> Metal --> Aluminum-FFFFFF-PureWhite",,Caster,,"Barn Door Caster 1, Aluminum, Pure White",,,0Mesh-Door-Caster-Barn-01.Door-Caster-Barn-01',1Material --> Metal --> Aluminum-0RawMaterial-Aluminum-0Color --> Metal --> Aluminum-FFFFFF-PureWhite,,Finish1,,,,,,,,,,,,,,,,,,,,,,,X,,,,,,,,,,,,,,,,,,,X,,,,,
PRESET,,"Caster
0Mesh-Door-Caster-Barn-01.Door-Caster-Barn-01'
1Material --> Metal --> Aluminum-0RawMaterial-Aluminum-0Color --> Metal --> Aluminum-331F20-PatricianBronze",,Caster,,"Barn Door Caster 1, Aluminum, Patrician Bronze",,,0Mesh-Door-Caster-Barn-01.Door-Caster-Barn-01',1Material --> Metal --> Aluminum-0RawMaterial-Aluminum-0Color --> Metal --> Aluminum-331F20-PatricianBronze,,Finish1,,,,,,,,,,,,,,,,,,,,,,,X,,,,,,,,,,,,,,,,,,,X,,,,,
PRESET,,"Caster
0Mesh-Door-Caster-Barn-02.Door-Caster-Barn-02'
1Material --> Metal --> Aluminum-0RawMaterial-Aluminum-0Color --> Metal --> Aluminum-FFFFFF-PureWhite",,Caster,,"Barn Door Caster 2, Aluminum, Pure White",,,0Mesh-Door-Caster-Barn-02.Door-Caster-Barn-02',1Material --> Metal --> Aluminum-0RawMaterial-Aluminum-0Color --> Metal --> Aluminum-FFFFFF-PureWhite,,Finish1,,,,,,,,,,,,,,,,,,,,,,,X,,,,,,,,,,,,,,,,,,,X,,,,,
PRESET,,"Frame
0Mesh-Door-Frame-Pocket-Single-01.Door-Frame-Pocket-Single-01'
1Material --> Wood --> Walnut-0RawMaterial-Walnut-0Color --> Wood --> Walnut-FFFFFF-Natural",,Frame,,"Single Pocket Door Frame, Walnut, Natural",,,0Mesh-Door-Frame-Pocket-Single-01.Door-Frame-Pocket-Single-01',1Material --> Wood --> Walnut-0RawMaterial-Walnut-0Color --> Wood --> Walnut-FFFFFF-Natural,,Finish1,,,,,,,,,,,,,,,,,,,,,,,X,,,,,,,,,,,,,,,,,,,,,X,,,
PRESET,,"Frame
0Mesh-Door-Frame-Pocket-Single-01.Door-Frame-Pocket-Single-01'
1Material --> Wood --> Ash-0RawMaterial-Ash-0Color --> Wood --> Ash-FFFFFF-Natural",,Frame,,"Single Pocket Door Frame, Ash, Natural",,,0Mesh-Door-Frame-Pocket-Single-01.Door-Frame-Pocket-Single-01',1Material --> Wood --> Ash-0RawMaterial-Ash-0Color --> Wood --> Ash-FFFFFF-Natural,,Finish1,,,,,,,,,,,,,,,,,,,,,,,X,,,,,,,,,,,,,,,,,,,,,X,,,
PRESET,,"Frame
0Mesh-Door-Frame-Pocket-Single-01.Door-Frame-Pocket-Single-01'
1Material --> Spread --> Paint-0RawMaterial-Paint-0Color --> Spread --> Paint-F3F1ED-GentleWhite",,Frame,,"Single Pocket Door Frame, Paint, Gentle White",,,0Mesh-Door-Frame-Pocket-Single-01.Door-Frame-Pocket-Single-01',1Material --> Spread --> Paint-0RawMaterial-Paint-0Color --> Spread --> Paint-F3F1ED-GentleWhite,,Finish1,,,,,,,,,,,,,,,,,,,,,,,X,,,,,,,,,,,,,,,,,,,,,X,,,
PRESET,,"Frame
0Mesh-Door-Frame-Pocket-Double-01.Door-Frame-Pocket-Double-01'
1Material --> Wood --> Walnut-0RawMaterial-Walnut-0Color --> Wood --> Walnut-FFFFFF-Natural",,Frame,,"Double Pocket Door Frame, Walnut, Natural",,,0Mesh-Door-Frame-Pocket-Double-01.Door-Frame-Pocket-Double-01',1Material --> Wood --> Walnut-0RawMaterial-Walnut-0Color --> Wood --> Walnut-FFFFFF-Natural,,Finish1,,,,,,,,,,,,,,,,,,,,,,,X,,,,,,,,,,,,,,,,,,,,,X,,,
PRESET,,"Frame
0Mesh-Door-Frame-Pocket-Double-01.Door-Frame-Pocket-Double-01'
1Material --> Wood --> Ash-0RawMaterial-Ash-0Color --> Wood --> Ash-FFFFFF-Natural",,Frame,,"Double Pocket Door Frame, Ash, Natural",,,0Mesh-Door-Frame-Pocket-Double-01.Door-Frame-Pocket-Double-01',1Material --> Wood --> Ash-0RawMaterial-Ash-0Color --> Wood --> Ash-FFFFFF-Natural,,Finish1,,,,,,,,,,,,,,,,,,,,,,,X,,,,,,,,,,,,,,,,,,,,,X,,,
PRESET,,"Frame
0Mesh-Door-Frame-Pocket-Double-01.Door-Frame-Pocket-Double-01'
1Material --> Spread --> Paint-0RawMaterial-Paint-0Color --> Spread --> Paint-F3F1ED-GentleWhite",,Frame,,"Double Pocket Door Frame, Paint, Gentle White",,,0Mesh-Door-Frame-Pocket-Double-01.Door-Frame-Pocket-Double-01',1Material --> Spread --> Paint-0RawMaterial-Paint-0Color --> Spread --> Paint-F3F1ED-GentleWhite,,Finish1,,,,,,,,,,,,,,,,,,,,,,,X,,,,,,,,,,,,,,,,,,,,,X,,,
PRESET,,"Frame
0Mesh-Door-Frame-Sliding-TwoTrack-01.Door-Frame-Sliding-TwoTrack-01'
1Material --> Metal --> Aluminum-0RawMaterial-Aluminum-0Color --> Metal --> Aluminum-FFFFFF-PureWhite",,Frame,,"Two Track Sliding Door Frame, Aluminum, Pure White",,,0Mesh-Door-Frame-Sliding-TwoTrack-01.Door-Frame-Sliding-TwoTrack-01',1Material --> Metal --> Aluminum-0RawMaterial-Aluminum-0Color --> Metal --> Aluminum-FFFFFF-PureWhite,,Finish1,,,,,,,,,,,,,,,,,,,,,,,,,,,,,,X,,,,,,,,,,,,,,X,,,
PRESET,,"Frame
0Mesh-Door-Frame-Sliding-TwoTrack-01.Door-Frame-Sliding-TwoTrack-01'
1Material --> Metal --> Aluminum-0RawMaterial-Aluminum-0Color --> Metal --> Aluminum-331F20-PatricianBronze",,Frame,,"Two Track Sliding Door Frame, Aluminum, Patrician Bronze",,,0Mesh-Door-Frame-Sliding-TwoTrack-01.Door-Frame-Sliding-TwoTrack-01',1Material --> Metal --> Aluminum-0RawMaterial-Aluminum-0Color --> Metal --> Aluminum-331F20-PatricianBronze,,Finish1,,,,,,,,,,,,,,,,,,,,,,,,,,,,,,X,,,,,,,,,,,,,,X,,,
PRESET,,"Frame
0Mesh-Door-Frame-CasedOpening-01.Door-Frame-CasedOpening-01'
1Material --> Wood --> Walnut-0RawMaterial-Walnut-0Color --> Wood --> Walnut-FFFFFF-Natural",,Frame,,"Cased Opening Wood Frame, Walnut, Natural",,,0Mesh-Door-Frame-CasedOpening-01.Door-Frame-CasedOpening-01',1Material --> Wood --> Walnut-0RawMaterial-Walnut-0Color --> Wood --> Walnut-FFFFFF-Natural,,Finish1,,,,,,,,,,,,,,,,,,,,,,,,X,X,,,,,,X,,,,,,,,,,,,,X,,,
PRESET,,"Frame
0Mesh-Door-Frame-CasedOpening-01.Door-Frame-CasedOpening-01'
1Material --> Wood --> Ash-0RawMaterial-Ash-0Color --> Wood --> Ash-FFFFFF-Natural",,Frame,,"Cased Opening Wood Frame, Ash, Natural",,,0Mesh-Door-Frame-CasedOpening-01.Door-Frame-CasedOpening-01',1Material --> Wood --> Ash-0RawMaterial-Ash-0Color --> Wood --> Ash-FFFFFF-Natural,,Finish1,,,,,,,,,,,,,,,,,,,,,,,,X,X,,,,,,X,,,,,,,,,,,,,X,,,
PRESET,,"Frame
0Mesh-Door-Frame-CasedOpening-01.Door-Frame-CasedOpening-01'
1Material --> Spread --> Paint-0RawMaterial-Paint-0Color --> Spread --> Paint-F3F1ED-GentleWhite",,Frame,,"Cased Opening Wood Frame, Paint, Gentle White",,,0Mesh-Door-Frame-CasedOpening-01.Door-Frame-CasedOpening-01',1Material --> Spread --> Paint-0RawMaterial-Paint-0Color --> Spread --> Paint-F3F1ED-GentleWhite,,Finish1,,,,,,,,,,,,,,,,,,,,,,,,X,X,,,,,,X,,,,,,,,,,,,,X,,,
PRESET,,"Frame
0Mesh-Door-Frame-Swing-Interior-DoubleRabbetWood.Door-Frame-Swing-Interior-DoubleRabbetWood'
1Material --> Wood --> Walnut-0RawMaterial-Walnut-0Color --> Wood --> Walnut-FFFFFF-Natural",,Frame,,"Double-Rabbet Wood Frame, Walnut, Natural",,,0Mesh-Door-Frame-Swing-Interior-DoubleRabbetWood.Door-Frame-Swing-Interior-DoubleRabbetWood',1Material --> Wood --> Walnut-0RawMaterial-Walnut-0Color --> Wood --> Walnut-FFFFFF-Natural,,Finish1,,,,,,,,,,,,,,,,,,,,,,,,,,,,,,,X,,,,,,,,,,,,,X,,,
PRESET,,"Frame
0Mesh-Door-Frame-Swing-Interior-DoubleRabbetWood.Door-Frame-Swing-Interior-DoubleRabbetWood'
1Material --> Spread --> Paint-0RawMaterial-Paint-0Color --> Spread --> Paint-1C2F68-RoyalBlue",,Frame,,"Double-Rabbet Wood Frame, Paint, Royal Blue",,,0Mesh-Door-Frame-Swing-Interior-DoubleRabbetWood.Door-Frame-Swing-Interior-DoubleRabbetWood',1Material --> Spread --> Paint-0RawMaterial-Paint-0Color --> Spread --> Paint-1C2F68-RoyalBlue,,Finish1,,,,,,,,,,,,,,,,,,,,,,,,,,,,,,,X,,,,,,,,,,,,,X,,,
PRESET,,"Frame
0Mesh-Door-Frame-Swing-Interior-DoubleRabbetWood.Door-Frame-Swing-Interior-DoubleRabbetWood'
1Material --> Wood --> Ash-0RawMaterial-Ash-0Color --> Wood --> Ash-FFFFFF-Natural",,Frame,,"Double-Rabbet Wood Frame, Ash, Natural",,,0Mesh-Door-Frame-Swing-Interior-DoubleRabbetWood.Door-Frame-Swing-Interior-DoubleRabbetWood',1Material --> Wood --> Ash-0RawMaterial-Ash-0Color --> Wood --> Ash-FFFFFF-Natural,,Finish1,,,,,,,,,,,,,,,,,,,,,,,,,,,,,,,X,,,,,,,,,,,,,X,,,
PRESET,,"Frame
0Mesh-Door-Frame-Swing-Interior-DoubleRabbetWood.Door-Frame-Swing-Interior-DoubleRabbetWood'
1Material --> Spread --> Paint-0RawMaterial-Paint-0Color --> Spread --> Paint-F3F1ED-GentleWhite",,Frame,,"Double-Rabbet Wood Frame, Paint, Gentle White",,,0Mesh-Door-Frame-Swing-Interior-DoubleRabbetWood.Door-Frame-Swing-Interior-DoubleRabbetWood',1Material --> Spread --> Paint-0RawMaterial-Paint-0Color --> Spread --> Paint-F3F1ED-GentleWhite,,Finish1,,,,,,,,,,,,,,,,,,,,,,,,,,,,,,,X,,,,,,,,,,,,,X,,,
PRESET,,"Frame
0Mesh-Door-Frame-Swing-Interior-SingleRabbetWood.Door-Frame-Swing-Interior-SingleRabbetWood'
1Material --> Wood --> Walnut-0RawMaterial-Walnut-0Color --> Wood --> Walnut-FFFFFF-Natural",,Frame,,"Single-Rabbet Wood Frame, Walnut, Natural",,,0Mesh-Door-Frame-Swing-Interior-SingleRabbetWood.Door-Frame-Swing-Interior-SingleRabbetWood',1Material --> Wood --> Walnut-0RawMaterial-Walnut-0Color --> Wood --> Walnut-FFFFFF-Natural,,Finish1,,,,,,,,,,,,,,,,,,,,,,,,,,,,,,,X,,,,,,,,,,,,,X,,,
PRESET,,"Frame
0Mesh-Door-Frame-Swing-Interior-SingleRabbetWood.Door-Frame-Swing-Interior-SingleRabbetWood'
1Material --> Wood --> Ash-0RawMaterial-Ash-0Color --> Wood --> Ash-FFFFFF-Natural",,Frame,,"Single-Rabbet Wood Frame, Ash, Natural",,,0Mesh-Door-Frame-Swing-Interior-SingleRabbetWood.Door-Frame-Swing-Interior-SingleRabbetWood',1Material --> Wood --> Ash-0RawMaterial-Ash-0Color --> Wood --> Ash-FFFFFF-Natural,,Finish1,,,,,,,,,,,,,,,,,,,,,,,,,,,,,,,X,,,,,,,,,,,,,X,,,
PRESET,,"Frame
0Mesh-Door-Frame-Swing-Interior-SingleRabbetWood.Door-Frame-Swing-Interior-SingleRabbetWood'
1Material --> Spread --> Paint-0RawMaterial-Paint-0Color --> Spread --> Paint-F3F1ED-GentleWhite",,Frame,,"Single-Rabbet Wood Frame, Paint, Gentle White",,,0Mesh-Door-Frame-Swing-Interior-SingleRabbetWood.Door-Frame-Swing-Interior-SingleRabbetWood',1Material --> Spread --> Paint-0RawMaterial-Paint-0Color --> Spread --> Paint-F3F1ED-GentleWhite,,Finish1,,,,,,,,,,,,,,,,,,,,,,,,,,,,,,,X,,,,,,,,,,,,,X,,,
PRESET,,"HandleStatic
0Mesh-Door-Handle-Knob-01.Door-Handle-Knob-01'
1Material --> Metal --> Aluminum-0RawMaterial-Aluminum-0Color --> Metal --> Aluminum-FFFFFF-PureWhite",,HandleStatic,,"Knob Handle 1, Aluminum, Pure White",,,0Mesh-Door-Handle-Knob-01.Door-Handle-Knob-01',1Material --> Metal --> Aluminum-0RawMaterial-Aluminum-0Color --> Metal --> Aluminum-FFFFFF-PureWhite,,Finish1,,,,,,,,,,,,,,,,,,,,,,,,,,,,,,,X,,,,,,,,,,,X,,,,,
PRESET,,"HandleStatic
0Mesh-Door-Handle-Knob-01.Door-Handle-Knob-01'
1Material --> Metal --> Aluminum-0RawMaterial-Aluminum-0Color --> Metal --> Aluminum-331F20-PatricianBronze",,HandleStatic,,"Knob Handle 1, Aluminum, Patrician Bronze",,,0Mesh-Door-Handle-Knob-01.Door-Handle-Knob-01',1Material --> Metal --> Aluminum-0RawMaterial-Aluminum-0Color --> Metal --> Aluminum-331F20-PatricianBronze,,Finish1,,,,,,,,,,,,,,,,,,,,,,,,,,,,,,,X,,,,,,,,,,,X,,,,,
PRESET,,"HandleStatic
0Mesh-Door-Handle-Knob-01.Door-Handle-Knob-01'
1Material --> Metal --> Aluminum-0RawMaterial-Aluminum-0Color --> Metal --> Aluminum-FFFFFF-PureWhite",,HandleStatic,,"Knob Handle 1, Aluminum, Pure White",,,0Mesh-Door-Handle-Knob-01.Door-Handle-Knob-01',1Material --> Metal --> Aluminum-0RawMaterial-Aluminum-0Color --> Metal --> Aluminum-FFFFFF-PureWhite,,Finish1,,,,,,,,,,,,,,,,,,,,,,,,,,,,,,,X,,,,,,,,,,,X,,,,,
PRESET,,"HandleStatic
0Mesh-Door-Handle-Knob-01.Door-Handle-Knob-01'
1Material --> Metal --> Aluminum-0RawMaterial-Aluminum-0Color --> Metal --> Aluminum-FFFFFF-PureWhite",,HandleStatic,,"Knob Handle 1, Aluminum, Pure White",,,0Mesh-Door-Handle-Knob-01.Door-Handle-Knob-01',1Material --> Metal --> Aluminum-0RawMaterial-Aluminum-0Color --> Metal --> Aluminum-FFFFFF-PureWhite,,Finish1,,,,,,,,,,,,,,,,,,,,,,,,,,,,,,,X,,,,,,,,,,,X,,,,,
PRESET,,"HandleStatic
0Mesh-Door-Handle-Knob-02.Door-Handle-Knob-02'
1Material --> Metal --> Aluminum-0RawMaterial-Aluminum-0Color --> Metal --> Aluminum-FFFFFF-PureWhite",,HandleStatic,,"Knob Handle 2, Aluminum, Pure White",,,0Mesh-Door-Handle-Knob-02.Door-Handle-Knob-02',1Material --> Metal --> Aluminum-0RawMaterial-Aluminum-0Color --> Metal --> Aluminum-FFFFFF-PureWhite,,Finish1,,,,,,,,,,,,,,,,,,,,,,,,,,,,,,,X,,,,,,,,,,,X,,,,,
PRESET,,"HandleStatic
0Mesh-Door-Handle-Knob-02.Door-Handle-Knob-02'
1Material --> Metal --> Aluminum-0RawMaterial-Aluminum-0Color --> Metal --> Aluminum-331F20-PatricianBronze",,HandleStatic,,"Knob Handle 2, Aluminum, Patrician Bronze",,,0Mesh-Door-Handle-Knob-02.Door-Handle-Knob-02',1Material --> Metal --> Aluminum-0RawMaterial-Aluminum-0Color --> Metal --> Aluminum-331F20-PatricianBronze,,Finish1,,,,,,,,,,,,,,,,,,,,,,,,,,,,,,,X,,,,,,,,,,,X,,,,,
PRESET,,"HandleStatic
0Mesh-Door-Handle-Knob-02.Door-Handle-Knob-02'
1Material --> Metal --> Aluminum-0RawMaterial-Aluminum-0Color --> Metal --> Aluminum-FFFFFF-PureWhite",,HandleStatic,,"Knob Handle 2, Aluminum, Pure White",,,0Mesh-Door-Handle-Knob-02.Door-Handle-Knob-02',1Material --> Metal --> Aluminum-0RawMaterial-Aluminum-0Color --> Metal --> Aluminum-FFFFFF-PureWhite,,Finish1,,,,,,,,,,,,,,,,,,,,,,,,,,,,,,,X,,,,,,,,,,,X,,,,,
PRESET,,"HandleStatic
0Mesh-Door-Handle-Knob-03.Door-Handle-Knob-03'
1Material --> Metal --> Aluminum-0RawMaterial-Aluminum-0Color --> Metal --> Aluminum-FFFFFF-PureWhite",,HandleStatic,,"Knob Handle 3, Aluminum, Pure White",,,0Mesh-Door-Handle-Knob-03.Door-Handle-Knob-03',1Material --> Metal --> Aluminum-0RawMaterial-Aluminum-0Color --> Metal --> Aluminum-FFFFFF-PureWhite,,Finish1,,,,,,,,,,,,,,,,,,,,,,,,,,,,,,,X,,,,,,,,,,,X,,,,,
PRESET,,"HandleStatic
0Mesh-Door-Handle-Knob-04.Door-Handle-Knob-04'
1Material --> Metal --> Aluminum-0RawMaterial-Aluminum-0Color --> Metal --> Aluminum-FFFFFF-PureWhite",,HandleStatic,,"Knob Handle 4, Aluminum, Pure White",,,0Mesh-Door-Handle-Knob-04.Door-Handle-Knob-04',1Material --> Metal --> Aluminum-0RawMaterial-Aluminum-0Color --> Metal --> Aluminum-FFFFFF-PureWhite,,Finish1,,,,,,,,,,,,,,,,,,,,,,,,,,,,,,,X,,,,,,,,,,,X,,,,,
PRESET,,"HandleStatic
0Mesh-Door-Handle-Knob-05.Door-Handle-Knob-05'
1Material --> Metal --> Aluminum-0RawMaterial-Aluminum-0Color --> Metal --> Aluminum-FFFFFF-PureWhite",,HandleStatic,,"Knob Handle 5, Aluminum, Pure White",,,0Mesh-Door-Handle-Knob-05.Door-Handle-Knob-05',1Material --> Metal --> Aluminum-0RawMaterial-Aluminum-0Color --> Metal --> Aluminum-FFFFFF-PureWhite,,Finish1,,,,,,,,,,,,,,,,,,,,,,,,,,,,,,,X,,,,,,,,,,,X,,,,,
PRESET,,,,,,,,,,1Material --> Glass and Transparent --> Glass-0RawMaterial-Glass-0Color --> Glass and Transparent --> Glass-BAC7CD-ChillyBlue,,Finish2,,,,,,,,,,,,,,,,,,,,,,,,,,,,,,,,,,,,,,,,,,,,,,,
PRESET,,"HandleStatic
0Mesh-Door-Handle-LateralPull-01.Door-Handle-LateralPull-01'
1Material --> Metal --> Aluminum-0RawMaterial-Aluminum-0Color --> Metal --> Aluminum-FFFFFF-PureWhite",,HandleStatic,,"Lateral Pull Handle 1, Aluminum, Pure White",,,0Mesh-Door-Handle-LateralPull-01.Door-Handle-LateralPull-01',1Material --> Metal --> Aluminum-0RawMaterial-Aluminum-0Color --> Metal --> Aluminum-FFFFFF-PureWhite,,Finish1,,,,,,,,,,,,,,,,,,,,,,,,X,,,,X,,X,,,,,,,,,,,,X,,,,,
PRESET,,"HandleStatic
0Mesh-Door-Handle-LateralPull-02.Door-Handle-LateralPull-02'
1Material --> Metal --> Aluminum-0RawMaterial-Aluminum-0Color --> Metal --> Aluminum-331F20-PatricianBronze",,HandleStatic,,"Lateral Pull Handle 2, Aluminum, Patrician Bronze",,,0Mesh-Door-Handle-LateralPull-02.Door-Handle-LateralPull-02',1Material --> Metal --> Aluminum-0RawMaterial-Aluminum-0Color --> Metal --> Aluminum-331F20-PatricianBronze,,Finish1,,,,,,,,,,,,,,,,,,,,,,,,X,,,,X,,X,,,,,,,,,,,,X,,,,,
PRESET,,"HandleStatic
0Mesh-Door-Handle-LateralPull-02.Door-Handle-LateralPull-02'
1Material --> Metal --> Aluminum-0RawMaterial-Aluminum-0Color --> Metal --> Aluminum-FFFFFF-PureWhite",,HandleStatic,,"Lateral Pull Handle 2, Aluminum, Pure White",,,0Mesh-Door-Handle-LateralPull-02.Door-Handle-LateralPull-02',1Material --> Metal --> Aluminum-0RawMaterial-Aluminum-0Color --> Metal --> Aluminum-FFFFFF-PureWhite,,Finish1,,,,,,,,,,,,,,,,,,,,,,,,X,,,,X,,X,,,,,,,,,,,,X,,,,,
PRESET,,"HandleStatic
0Mesh-Door-Handle-LateralPull-03.Door-Handle-LateralPull-03'
1Material --> Metal --> Aluminum-0RawMaterial-Aluminum-0Color --> Metal --> Aluminum-FFFFFF-PureWhite",,HandleStatic,,"Lateral Pull Handle 3, Aluminum, Pure White",,,0Mesh-Door-Handle-LateralPull-03.Door-Handle-LateralPull-03',1Material --> Metal --> Aluminum-0RawMaterial-Aluminum-0Color --> Metal --> Aluminum-FFFFFF-PureWhite,,Finish1,,,,,,,,,,,,,,,,,,,,,,,,X,,,,X,,X,,,,,,,,,,,,X,,,,,
PRESET,,"HandleStatic
0Mesh-Door-Handle-LateralPull-04.Door-Handle-LateralPull-04'
1Material --> Metal --> Aluminum-0RawMaterial-Aluminum-0Color --> Metal --> Aluminum-FFFFFF-PureWhite",,HandleStatic,,"Lateral Pull Handle 4, Aluminum, Pure White",,,0Mesh-Door-Handle-LateralPull-04.Door-Handle-LateralPull-04',1Material --> Metal --> Aluminum-0RawMaterial-Aluminum-0Color --> Metal --> Aluminum-FFFFFF-PureWhite,,Finish1,,,,,,,,,,,,,,,,,,,,,,,,X,,,,X,,X,,,,,,,,,,,,X,,,,,
PRESET,,"HandleStatic
0Mesh-Door-Handle-LateralPull-05.Door-Handle-LateralPull-05'
1Material --> Metal --> Aluminum-0RawMaterial-Aluminum-0Color --> Metal --> Aluminum-FFFFFF-PureWhite",,HandleStatic,,"Lateral Pull Handle 5, Aluminum, Pure White",,,0Mesh-Door-Handle-LateralPull-05.Door-Handle-LateralPull-05',1Material --> Metal --> Aluminum-0RawMaterial-Aluminum-0Color --> Metal --> Aluminum-FFFFFF-PureWhite,,Finish1,,,,,,,,,,,,,,,,,,,,,,,,X,,,,X,,X,,,,,,,,,,,,X,,,,,
PRESET,,"HandleStatic
0Mesh-Door-Handle-Lever-01.Door-Handle-Lever-01'
1Material --> Metal --> Aluminum-0RawMaterial-Aluminum-0Color --> Metal --> Aluminum-FFFFFF-PureWhite",,HandleStatic,,"Rounded Lever Handle 1, Aluminum, Pure White",,,0Mesh-Door-Handle-Lever-01.Door-Handle-Lever-01',1Material --> Metal --> Aluminum-0RawMaterial-Aluminum-0Color --> Metal --> Aluminum-FFFFFF-PureWhite,,Finish1,,,,,,,,,,,,,,,,,,,,,,,,,,,,,,,X,,,,,,,,,,,X,,,,,
PRESET,,"HandleStatic
0Mesh-Door-Handle-Lever-02.Door-Handle-Lever-02'
1Material --> Metal --> Aluminum-0RawMaterial-Aluminum-0Color --> Metal --> Aluminum-FFFFFF-PureWhite",,HandleStatic,,"Rounded Lever Handle 2, Aluminum, Pure White",,,0Mesh-Door-Handle-Lever-02.Door-Handle-Lever-02',1Material --> Metal --> Aluminum-0RawMaterial-Aluminum-0Color --> Metal --> Aluminum-FFFFFF-PureWhite,,Finish1,,,,,,,,,,,,,,,,,,,,,,,,,,,,,,,X,,,,,,,,,,,X,,,,,
PRESET,,"HandleStatic
0Mesh-Door-Handle-Lever-19.Door-Handle-Lever-19'
1Material --> Metal --> Aluminum-0RawMaterial-Aluminum-0Color --> Metal --> Aluminum-FFFFFF-PureWhite",,HandleStatic,,"Rounded Lever Handle 3, Aluminum, Pure White",,,0Mesh-Door-Handle-Lever-19.Door-Handle-Lever-19',1Material --> Metal --> Aluminum-0RawMaterial-Aluminum-0Color --> Metal --> Aluminum-FFFFFF-PureWhite,,Finish1,,,,,,,,,,,,,,,,,,,,,,,,,,,,,,,X,,,,,,,,,,,X,,,,,
PRESET,,"HandleStatic
0Mesh-Door-Handle-Lever-20.Door-Handle-Lever-20'
1Material --> Metal --> Aluminum-0RawMaterial-Aluminum-0Color --> Metal --> Aluminum-FFFFFF-PureWhite",,HandleStatic,,"Rounded Lever Handle 4, Aluminum, Pure White",,,0Mesh-Door-Handle-Lever-20.Door-Handle-Lever-20',1Material --> Metal --> Aluminum-0RawMaterial-Aluminum-0Color --> Metal --> Aluminum-FFFFFF-PureWhite,,Finish1,,,,,,,,,,,,,,,,,,,,,,,,,,,,,,,X,,,,,,,,,,,X,,,,,
PRESET,,"HandleStatic
0Mesh-Door-Handle-Lever-31.Door-Handle-Lever-31'
1Material --> Metal --> Aluminum-0RawMaterial-Aluminum-0Color --> Metal --> Aluminum-FFFFFF-PureWhite",,HandleStatic,,"Rounded Lever Handle 5, Aluminum, Pure White",,,0Mesh-Door-Handle-Lever-31.Door-Handle-Lever-31',1Material --> Metal --> Aluminum-0RawMaterial-Aluminum-0Color --> Metal --> Aluminum-FFFFFF-PureWhite,,Finish1,,,,,,,,,,,,,,,,,,,,,,,,,,,,,,,X,,,,,,,,,,,X,,,,,
PRESET,,"HandleStatic
0Mesh-Door-Handle-Lever-03.Door-Handle-Lever-03'
1Material --> Metal --> Aluminum-0RawMaterial-Aluminum-0Color --> Metal --> Aluminum-FFFFFF-PureWhite",,HandleStatic,,"Rectangular Lever Handle 1, Aluminum, Pure White",,,0Mesh-Door-Handle-Lever-03.Door-Handle-Lever-03',1Material --> Metal --> Aluminum-0RawMaterial-Aluminum-0Color --> Metal --> Aluminum-FFFFFF-PureWhite,,Finish1,,,,,,,,,,,,,,,,,,,,,,,,,,,,,,,X,,,,,,,,,,,X,,,,,
PRESET,,"HandleStatic
0Mesh-Door-Handle-Lever-03.Door-Handle-Lever-03'
1Material --> Metal --> Aluminum-0RawMaterial-Aluminum-0Color --> Metal --> Aluminum-FFFFFF-PureWhite",,HandleStatic,,"Rectangular Lever Handle 1, Aluminum, Pure White",,,0Mesh-Door-Handle-Lever-03.Door-Handle-Lever-03',1Material --> Metal --> Aluminum-0RawMaterial-Aluminum-0Color --> Metal --> Aluminum-FFFFFF-PureWhite,,Finish1,,,,,,,,,,,,,,,,,,,,,,,,,,,,,,,X,,,,,,,,,,,X,,,,,
PRESET,,"HandleStatic
0Mesh-Door-Handle-Lever-12.Door-Handle-Lever-12'
1Material --> Metal --> Aluminum-0RawMaterial-Aluminum-0Color --> Metal --> Aluminum-FFFFFF-PureWhite",,HandleStatic,,"Rectangular Lever Handle 2, Aluminum, Pure White",,,0Mesh-Door-Handle-Lever-12.Door-Handle-Lever-12',1Material --> Metal --> Aluminum-0RawMaterial-Aluminum-0Color --> Metal --> Aluminum-FFFFFF-PureWhite,,Finish1,,,,,,,,,,,,,,,,,,,,,,,,,,,,,,,X,,,,,,,,,,,X,,,,,
PRESET,,"HandleStatic
0Mesh-Door-Handle-Lever-21.Door-Handle-Lever-21'
1Material --> Metal --> Aluminum-0RawMaterial-Aluminum-0Color --> Metal --> Aluminum-FFFFFF-PureWhite",,HandleStatic,,"Rectangular Lever Handle 3, Aluminum, Pure White",,,0Mesh-Door-Handle-Lever-21.Door-Handle-Lever-21',1Material --> Metal --> Aluminum-0RawMaterial-Aluminum-0Color --> Metal --> Aluminum-FFFFFF-PureWhite,,Finish1,,,,,,,,,,,,,,,,,,,,,,,,,,,,,,,X,,,,,,,,,,,X,,,,,
PRESET,,"HandleStatic
0Mesh-Door-Handle-Lever-26.Door-Handle-Lever-26'
1Material --> Metal --> Aluminum-0RawMaterial-Aluminum-0Color --> Metal --> Aluminum-FFFFFF-PureWhite",,HandleStatic,,"Rectangular Lever Handle 4, Aluminum, Pure White",,,0Mesh-Door-Handle-Lever-26.Door-Handle-Lever-26',1Material --> Metal --> Aluminum-0RawMaterial-Aluminum-0Color --> Metal --> Aluminum-FFFFFF-PureWhite,,Finish1,,,,,,,,,,,,,,,,,,,,,,,,,,,,,,,X,,,,,,,,,,,X,,,,,
PRESET,,"HandleStatic
0Mesh-Door-Handle-Lever-05.Door-Handle-Lever-05'
1Material --> Metal --> Aluminum-0RawMaterial-Aluminum-0Color --> Metal --> Aluminum-FFFFFF-PureWhite",,HandleStatic,,"Angular Lever Handle, Aluminum, Pure White",,,0Mesh-Door-Handle-Lever-05.Door-Handle-Lever-05',1Material --> Metal --> Aluminum-0RawMaterial-Aluminum-0Color --> Metal --> Aluminum-FFFFFF-PureWhite,,Finish1,,,,,,,,,,,,,,,,,,,,,,,,,,,,,,,X,,,,,,,,,,,X,,,,,
PRESET,,"HandleStatic
0Mesh-Door-Handle-Lever-06.Door-Handle-Lever-06'
1Material --> Metal --> Aluminum-0RawMaterial-Aluminum-0Color --> Metal --> Aluminum-331F20-PatricianBronze",,HandleStatic,,"Cylindrical Lever Handle, Aluminum, Patrician Bronze",,,0Mesh-Door-Handle-Lever-06.Door-Handle-Lever-06',1Material --> Metal --> Aluminum-0RawMaterial-Aluminum-0Color --> Metal --> Aluminum-331F20-PatricianBronze,,Finish1,,,,,,,,,,,,,,,,,,,,,,,,,,,,,,,X,,,,,,,,,,,X,,,,,
PRESET,,"Hinge
0Mesh-Door-Hinge-Swing-01.Door-Hinge-Swing-01'
1Material --> Metal --> Steel-0RawMaterial-Steel-0Color --> Metal --> Steel-FFFFFF-Untinted",,Hinge,,"Shallow Hinge, Steel, Untinted",,,0Mesh-Door-Hinge-Swing-01.Door-Hinge-Swing-01',1Material --> Metal --> Steel-0RawMaterial-Steel-0Color --> Metal --> Steel-FFFFFF-Untinted,,Finish1,,,,,,,,,,,,,,,,,,,,,,,,,,,,,,,X,,,,,,,,,,X,,,,,,
PRESET,,"Hinge
0Mesh-Door-Hinge-Swing-01.Door-Hinge-Swing-01'
1Material --> Metal --> Aluminum-0RawMaterial-Aluminum-0Color --> Metal --> Aluminum-331F20-PatricianBronze",,Hinge,,"Shallow Hinge, Aluminum, Patrician Bronze",,,0Mesh-Door-Hinge-Swing-01.Door-Hinge-Swing-01',1Material --> Metal --> Aluminum-0RawMaterial-Aluminum-0Color --> Metal --> Aluminum-331F20-PatricianBronze,,Finish1,,,,,,,,,,,,,,,,,,,,,,,,,,,,,,,X,,,,,,,,,,X,,,,,,
PRESET,,"Hinge
0Mesh-Door-Hinge-Swing-02.Door-Hinge-Swing-02'
1Material --> Metal --> Steel-0RawMaterial-Steel-0Color --> Metal --> Steel-FFFFFF-Untinted",,Hinge,,"Deep Hinge, Steel, Untinted",,,0Mesh-Door-Hinge-Swing-02.Door-Hinge-Swing-02',1Material --> Metal --> Steel-0RawMaterial-Steel-0Color --> Metal --> Steel-FFFFFF-Untinted,,Finish1,,,,,,,,,,,,,,,,,,,,,,,,,,,,,,,X,,,,,,,,,,X,,,,,,
PRESET,,"Knocker
0Mesh-Door-Knocker-01.Door-Knocker-01'
1Material --> Metal --> Steel-0RawMaterial-Steel-0Color --> Metal --> Steel-FFFFFF-Untinted",,Knocker,,"Knocker 1, Steel, Untinted",,,0Mesh-Door-Knocker-01.Door-Knocker-01',1Material --> Metal --> Steel-0RawMaterial-Steel-0Color --> Metal --> Steel-FFFFFF-Untinted,,Finish1,,,,,,,,,,,,,,,,,,,,,,,,,,,,,,,X,,,,,,,,,,,X,,,,,
PRESET,,"Knocker
0Mesh-Door-Knocker-01.Door-Knocker-01'
1Material --> Metal --> Aluminum-0RawMaterial-Aluminum-0Color --> Metal --> Aluminum-331F20-PatricianBronze",,Knocker,,"Knocker 1, Aluminum, Patrician Bronze",,,0Mesh-Door-Knocker-01.Door-Knocker-01',1Material --> Metal --> Aluminum-0RawMaterial-Aluminum-0Color --> Metal --> Aluminum-331F20-PatricianBronze,,Finish1,,,,,,,,,,,,,,,,,,,,,,,,,,,,,,,X,,,,,,,,,,,X,,,,,
PRESET,,"Knocker
0Mesh-Door-Knocker-02.Door-Knocker-02'
1Material --> Metal --> Aluminum-0RawMaterial-Aluminum-0Color --> Metal --> Aluminum-FFFFFF-PureWhite",,Knocker,,"Knocker 2, Aluminum, Pure White",,,0Mesh-Door-Knocker-02.Door-Knocker-02',1Material --> Metal --> Aluminum-0RawMaterial-Aluminum-0Color --> Metal --> Aluminum-FFFFFF-PureWhite,,Finish1,,,,,,,,,,,,,,,,,,,,,,,,,,,,,,,X,,,,,,,,,,,X,,,,,
PRESET,,"LockDeadbolt
0Mesh-Door-Lock-Deadbolt-01.Door-Lock-Deadbolt-01'
1Material --> Metal --> Aluminum-0RawMaterial-Aluminum-0Color --> Metal --> Aluminum-FFFFFF-PureWhite",,LockDeadbolt,,"Deadbolt 1, Aluminum, Pure White",,,0Mesh-Door-Lock-Deadbolt-01.Door-Lock-Deadbolt-01',1Material --> Metal --> Aluminum-0RawMaterial-Aluminum-0Color --> Metal --> Aluminum-FFFFFF-PureWhite,,Finish1,,,,,,,,,,,,,,,,,,,,,,,,,,,,,,,X,,,,,,,,,,,X,,,,,
PRESET,,"LockDeadbolt
0Mesh-Door-Lock-Deadbolt-02.Door-Lock-Deadbolt-02'
1Material --> Metal --> Aluminum-0RawMaterial-Aluminum-0Color --> Metal --> Aluminum-331F20-PatricianBronze",,LockDeadbolt,,"Deadbolt 2, Aluminum, Patrician Bronze",,,0Mesh-Door-Lock-Deadbolt-02.Door-Lock-Deadbolt-02',1Material --> Metal --> Aluminum-0RawMaterial-Aluminum-0Color --> Metal --> Aluminum-331F20-PatricianBronze,,Finish1,,,,,,,,,,,,,,,,,,,,,,,,,,,,,,,X,,,,,,,,,,,X,,,,,
PRESET,,"LockDeadbolt
0Mesh-Door-Lock-Deadbolt-02.Door-Lock-Deadbolt-02'
1Material --> Metal --> Aluminum-0RawMaterial-Aluminum-0Color --> Metal --> Aluminum-FFFFFF-PureWhite",,LockDeadbolt,,"Deadbolt 2, Aluminum, Pure White",,,0Mesh-Door-Lock-Deadbolt-02.Door-Lock-Deadbolt-02',1Material --> Metal --> Aluminum-0RawMaterial-Aluminum-0Color --> Metal --> Aluminum-FFFFFF-PureWhite,,Finish1,,,,,,,,,,,,,,,,,,,,,,,,,,,,,,,X,,,,,,,,,,,X,,,,,
PRESET,,"LockDeadbolt
0Mesh-Door-Lock-Deadbolt-03.Door-Lock-Deadbolt-03'
1Material --> Metal --> Aluminum-0RawMaterial-Aluminum-0Color --> Metal --> Aluminum-FFFFFF-PureWhite",,LockDeadbolt,,"Single Sided, Deadbolt 3, Aluminum, Pure White",,,0Mesh-Door-Lock-Deadbolt-03.Door-Lock-Deadbolt-03',1Material --> Metal --> Aluminum-0RawMaterial-Aluminum-0Color --> Metal --> Aluminum-FFFFFF-PureWhite,,Finish1,,,,,,,,,,,,,,,,,,,,,,,,,,,,,,,X,,,,,,,,,,,X,,,,,
PRESET,,"LockSurface
0Mesh-Door-Lock-SurfaceLatch-Bolt-01.Door-Lock-SurfaceLatch-Bolt-01'
1Material --> Metal --> Aluminum-0RawMaterial-Aluminum-0Color --> Metal --> Aluminum-FFFFFF-PureWhite",,LockSurface,,"Surface Latch 1 (Bolt), Aluminum, Pure White",,,0Mesh-Door-Lock-SurfaceLatch-Bolt-01.Door-Lock-SurfaceLatch-Bolt-01',1Material --> Metal --> Aluminum-0RawMaterial-Aluminum-0Color --> Metal --> Aluminum-FFFFFF-PureWhite,,Finish1,,,,,,,,,,,,,,,,,,,,,,,,,,,,,,,X,,,,,,,,,,,X,,,,,
PRESET,,"LockSurface
0Mesh-Door-Lock-SurfaceLatch-Bolt-01.Door-Lock-SurfaceLatch-Bolt-01'
1Material --> Metal --> Aluminum-0RawMaterial-Aluminum-0Color --> Metal --> Aluminum-331F20-PatricianBronze",,LockSurface,,"Surface Latch 1 (Bolt), Aluminum, Patrician Bronze",,,0Mesh-Door-Lock-SurfaceLatch-Bolt-01.Door-Lock-SurfaceLatch-Bolt-01',1Material --> Metal --> Aluminum-0RawMaterial-Aluminum-0Color --> Metal --> Aluminum-331F20-PatricianBronze,,Finish1,,,,,,,,,,,,,,,,,,,,,,,,,,,,,,,X,,,,,,,,,,,X,,,,,
PRESET,,"LockSurface
0Mesh-Door-Lock-SurfaceLatch-Chain-01.Door-Lock-SurfaceLatch-Chain-01'
1Material --> Metal --> Aluminum-0RawMaterial-Aluminum-0Color --> Metal --> Aluminum-FFFFFF-PureWhite",,LockSurface,,"Surface Chain Lock, Aluminum, Pure White",,,0Mesh-Door-Lock-SurfaceLatch-Chain-01.Door-Lock-SurfaceLatch-Chain-01',1Material --> Metal --> Aluminum-0RawMaterial-Aluminum-0Color --> Metal --> Aluminum-FFFFFF-PureWhite,,Finish1,,,,,,,,,,,,,,,,,,,,,,,,,,,,,,,X,,,,,,,,,,,X,,,,,
PRESET,,"LockSurface
0Mesh-Door-Lock-SurfaceLatch-Clasp-01.Door-Lock-SurfaceLatch-Clasp-01'
1Material --> Metal --> Aluminum-0RawMaterial-Aluminum-0Color --> Metal --> Aluminum-FFFFFF-PureWhite",,LockSurface,,"Surface Bolt Lock (Clasp), Aluminum, Pure White",,,0Mesh-Door-Lock-SurfaceLatch-Clasp-01.Door-Lock-SurfaceLatch-Clasp-01',1Material --> Metal --> Aluminum-0RawMaterial-Aluminum-0Color --> Metal --> Aluminum-FFFFFF-PureWhite,,Finish1,,,,,,,,,,,,,,,,,,,,,,,,,,,,,,,X,,,,,,,,,,,X,,,,,
PRESET,,"MailSlot
0Mesh-Door-MailSlot-01.Door-MailSlot-01'
1Material --> Metal --> Aluminum-0RawMaterial-Aluminum-0Color --> Metal --> Aluminum-FFFFFF-PureWhite",,MailSlot,,"Mail Slot 1, Aluminum, Pure White",,,0Mesh-Door-MailSlot-01.Door-MailSlot-01',1Material --> Metal --> Aluminum-0RawMaterial-Aluminum-0Color --> Metal --> Aluminum-FFFFFF-PureWhite,,Finish1,,,,,,,,,,,,,,,,,,,,,,,,,,,,,,,X,,,,,,,,,,,X,,,,,
PRESET,,"MailSlot
0Mesh-Door-MailSlot-02.Door-MailSlot-02'
1Material --> Metal --> Aluminum-0RawMaterial-Aluminum-0Color --> Metal --> Aluminum-FFFFFF-PureWhite",,MailSlot,,"Mail Slot 2, Aluminum, Pure White",,,0Mesh-Door-MailSlot-02.Door-MailSlot-02',1Material --> Metal --> Aluminum-0RawMaterial-Aluminum-0Color --> Metal --> Aluminum-FFFFFF-PureWhite,,Finish1,,,,,,,,,,,,,,,,,,,,,,,,,,,,,,,X,,,,,,,,,,,X,,,,,
PRESET,,"Panel
0Mesh-Door-Panel-Sliding-01.Door-Panel-Sliding-01'
1Material --> Spread --> Paint-0RawMaterial-Paint-0Color --> Spread --> Paint-F3F1ED-GentleWhite
1Material --> Glass and Transparent --> Glass-0RawMaterial-Glass-0Color --> Glass and Transparent --> Glass-E1DDDA-Limestone",,Panel,,"Sliding Door Panel 1, Paint, Gentle White",,,0Mesh-Door-Panel-Sliding-01.Door-Panel-Sliding-01',1Material --> Spread --> Paint-0RawMaterial-Paint-0Color --> Spread --> Paint-F3F1ED-GentleWhite,,Finish1,,,,,,,,,,,,,,,,,,,,,,,,,,,,,,X,,,,,,,,,,,,,,X,,,
PRESET,,,,,,,,,,1Material --> Glass and Transparent --> Glass-0RawMaterial-Glass-0Color --> Glass and Transparent --> Glass-E1DDDA-Limestone,,Finish2,,,,,,,,,,,,,,,,,,,,,,,,,,,,,,,,,,,,,,,,,,,,,,,
PRESET,,"Panel
0Mesh-Door-Panel-Sliding-01.Door-Panel-Sliding-01'
1Material --> Metal --> Aluminum-0RawMaterial-Aluminum-0Color --> Metal --> Aluminum-331F20-PatricianBronze
1Material --> Glass and Transparent --> Glass-0RawMaterial-Glass-0Color --> Glass and Transparent --> Glass-E1DDDA-Limestone",,Panel,,"Sliding Door Panel 1, Aluminum, Patrician Bronze",,,0Mesh-Door-Panel-Sliding-01.Door-Panel-Sliding-01',1Material --> Metal --> Aluminum-0RawMaterial-Aluminum-0Color --> Metal --> Aluminum-331F20-PatricianBronze,,Finish1,,,,,,,,,,,,,,,,,,,,,,,,,,,,,,X,,,,,,,,,,,,,,X,,,
PRESET,,,,,,,,,,1Material --> Glass and Transparent --> Glass-0RawMaterial-Glass-0Color --> Glass and Transparent --> Glass-E1DDDA-Limestone,,Finish2,,,,,,,,,,,,,,,,,,,,,,,,,,,,,,,,,,,,,,,,,,,,,,,
PRESET,,"Panel
0Mesh-Door-Panel-Sliding-02.Door-Panel-Sliding-02'
1Material --> Metal --> Aluminum-0RawMaterial-Aluminum-0Color --> Metal --> Aluminum-2B3033-Quaker
1Material --> Glass and Transparent --> Glass-0RawMaterial-Glass-0Color --> Glass and Transparent --> Glass-D6DADB-Slate",,Panel,,"Sliding Door Panel 2, Aluminum, Quaker",,,0Mesh-Door-Panel-Sliding-02.Door-Panel-Sliding-02',1Material --> Metal --> Aluminum-0RawMaterial-Aluminum-0Color --> Metal --> Aluminum-2B3033-Quaker,,Finish1,,,,,,,,,,,,,,,,,,,,,,,,,,,,,,X,,,,,,,,,,,,,,X,,,
PRESET,,,,,,,,,,1Material --> Glass and Transparent --> Glass-0RawMaterial-Glass-0Color --> Glass and Transparent --> Glass-D6DADB-Slate,,Finish2,,,,,,,,,,,,,,,,,,,,,,,,,,,,,,,,,,,,,,,,,,,,,,,
PRESET,,"Panel
0Mesh-Door-Panel-Sliding-01.Door-Panel-Sliding-01'
1Material --> Spread --> Paint-0RawMaterial-Paint-0Color --> Spread --> Paint-1C2F68-RoyalBlue
1Material --> Glass and Transparent --> Glass-0RawMaterial-Glass-0Color --> Glass and Transparent --> Glass-E1DDDA-Limestone",,Panel,,"Sliding Door Panel 1, Paint, Royal Blue",,,0Mesh-Door-Panel-Sliding-01.Door-Panel-Sliding-01',1Material --> Spread --> Paint-0RawMaterial-Paint-0Color --> Spread --> Paint-1C2F68-RoyalBlue,,Finish1,,,,,,,,,,,,,,,,,,,,,,,,,,,,,,X,,,,,,,,,,,,,,X,,,
PRESET,,,,,,,,,,1Material --> Glass and Transparent --> Glass-0RawMaterial-Glass-0Color --> Glass and Transparent --> Glass-E1DDDA-Limestone,,Finish2,,,,,,,,,,,,,,,,,,,,,,,,,,,,,,,,,,,,,,,,,,,,,,,
PRESET,,"Panel
0Mesh-Door-Panel-Swing-01.Door-Panel-Swing-01'
1Material --> Wood --> Walnut-0RawMaterial-Walnut-0Color --> Wood --> Walnut-FFFFFF-Natural",,Panel,,"Flush Panel, Walnut, Natural",,,0Mesh-Door-Panel-Swing-01.Door-Panel-Swing-01',1Material --> Wood --> Walnut-0RawMaterial-Walnut-0Color --> Wood --> Walnut-FFFFFF-Natural,,Finish1,,,,,,,,,,,,,,,,,,,,,,,,,,,,,,,X,,,,,,,,,,,,,X,,,
PRESET,,"Panel
0Mesh-Door-Panel-Swing-01.Door-Panel-Swing-01'
1Material --> Wood --> Ash-0RawMaterial-Ash-0Color --> Wood --> Ash-FFFFFF-Natural",,Panel,,"Flush Panel, Ash, Natural",,,0Mesh-Door-Panel-Swing-01.Door-Panel-Swing-01',1Material --> Wood --> Ash-0RawMaterial-Ash-0Color --> Wood --> Ash-FFFFFF-Natural,,Finish1,,,,,,,,,,,,,,,,,,,,,,,,,,,,,,,X,,,,,,,,,,,,,X,,,
PRESET,,"Panel
0Mesh-Door-Panel-Swing-01.Door-Panel-Swing-01'
1Material --> Spread --> Paint-0RawMaterial-Paint-0Color --> Spread --> Paint-F3F1ED-GentleWhite",,Panel,,"Flush Panel, Paint, Gentle White",,,0Mesh-Door-Panel-Swing-01.Door-Panel-Swing-01',1Material --> Spread --> Paint-0RawMaterial-Paint-0Color --> Spread --> Paint-F3F1ED-GentleWhite,,Finish1,,,,,,,,,,,,,,,,,,,,,,,,,,,,,,,X,,,,,,,,,,,,,X,,,
PRESET,,"Panel
0Mesh-Door-Panel-Swing-02.Door-Panel-Swing-02'
1Material --> Wood --> Ash-0RawMaterial-Ash-0Color --> Wood --> Ash-FFFFFF-Natural
1Material --> Glass and Transparent --> Glass-0RawMaterial-Glass-0Color --> Glass and Transparent --> Glass-E1DDDA-Limestone",,Panel,,"Panel With Glass, Ash, Natural",,,0Mesh-Door-Panel-Swing-02.Door-Panel-Swing-02',1Material --> Wood --> Ash-0RawMaterial-Ash-0Color --> Wood --> Ash-FFFFFF-Natural,,Finish1,,,,,,,,,,,,,,,,,,,,,,,,,,,,,,,X,,,,,,,,,,,,,X,,,
PRESET,,,,,,,,,,1Material --> Glass and Transparent --> Glass-0RawMaterial-Glass-0Color --> Glass and Transparent --> Glass-E1DDDA-Limestone,,Finish2,,,,,,,,,,,,,,,,,,,,,,,,,,,,,,,,,,,,,,,,,,,,,,,
PRESET,,"Panel
0Mesh-Door-Panel-Swing-03.Door-Panel-Swing-03'
1Material --> Wood --> Walnut-0RawMaterial-Walnut-0Color --> Wood --> Walnut-FFFFFF-Natural",,Panel,,"Coffered Panel, Walnut, Natural",,,0Mesh-Door-Panel-Swing-03.Door-Panel-Swing-03',1Material --> Wood --> Walnut-0RawMaterial-Walnut-0Color --> Wood --> Walnut-FFFFFF-Natural,,Finish1,,,,,,,,,,,,,,,,,,,,,,,,,,,,,,,X,,,,,,,,,,,,,X,,,
PRESET,,"Panel
0Mesh-Door-Panel-Swing-03.Door-Panel-Swing-03'
1Material --> Wood --> Ash-0RawMaterial-Ash-0Color --> Wood --> Ash-FFFFFF-Natural",,Panel,,"Coffered Panel, Ash, Natural",,,0Mesh-Door-Panel-Swing-03.Door-Panel-Swing-03',1Material --> Wood --> Ash-0RawMaterial-Ash-0Color --> Wood --> Ash-FFFFFF-Natural,,Finish1,,,,,,,,,,,,,,,,,,,,,,,,,,,,,,,X,,,,,,,,,,,,,X,,,
PRESET,,"Panel
0Mesh-Door-Panel-Swing-03.Door-Panel-Swing-03'
1Material --> Spread --> Paint-0RawMaterial-Paint-0Color --> Spread --> Paint-1C2F68-RoyalBlue",,Panel,,"Coffered Panel, Paint, Royal Blue",,,0Mesh-Door-Panel-Swing-03.Door-Panel-Swing-03',1Material --> Spread --> Paint-0RawMaterial-Paint-0Color --> Spread --> Paint-1C2F68-RoyalBlue,,Finish1,,,,,,,,,,,,,,,,,,,,,,,,,,,,,,,X,,,,,,,,,,,,,X,,,
PRESET,,"Panel
0Mesh-Door-Panel-Swing-04.Door-Panel-Swing-04'
1Material --> Wood --> Ash-0RawMaterial-Ash-0Color --> Wood --> Ash-FFFFFF-Natural
1Material --> Glass and Transparent --> Glass-0RawMaterial-Glass-0Color --> Glass and Transparent --> Glass-829CA9-BayBlue",,Panel,,"2 Panel Glass with Muntins, Ash, Natural",,,0Mesh-Door-Panel-Swing-04.Door-Panel-Swing-04',1Material --> Wood --> Ash-0RawMaterial-Ash-0Color --> Wood --> Ash-FFFFFF-Natural,,Finish1,,,,,,,,,,,,,,,,,,,,,,,,,,,,,,,X,,,,,,,,,,,,,X,,,
PRESET,,,,,,,,,,1Material --> Glass and Transparent --> Glass-0RawMaterial-Glass-0Color --> Glass and Transparent --> Glass-829CA9-BayBlue,,Finish2,,,,,,,,,,,,,,,,,,,,,,,,,,,,,,,,,,,,,,,,,,,,,,,
PRESET,,"Panel
0Mesh-Door-Panel-Swing-05.Door-Panel-Swing-05'
1Material --> Wood --> Ash-0RawMaterial-Ash-0Color --> Wood --> Ash-FFFFFF-Natural",,Panel,,"6 Panel Door, Ash, Natural",,,0Mesh-Door-Panel-Swing-05.Door-Panel-Swing-05',1Material --> Wood --> Ash-0RawMaterial-Ash-0Color --> Wood --> Ash-FFFFFF-Natural,,Finish1,,,,,,,,,,,,,,,,,,,,,,,,,,,,,,,X,,,,,,,,,,,,,X,,,
PRESET,,"Panel
0Mesh-Door-Panel-Swing-06.Door-Panel-Swing-06'
1Material --> Wood --> Ash-0RawMaterial-Ash-0Color --> Wood --> Ash-FFFFFF-Natural
1Material --> Glass and Transparent --> Glass-0RawMaterial-Glass-0Color --> Glass and Transparent --> Glass-D1C6A6-SandyYellow",,Panel,,"Wide Vision Panel, Ash, Natural",,,0Mesh-Door-Panel-Swing-06.Door-Panel-Swing-06',1Material --> Wood --> Ash-0RawMaterial-Ash-0Color --> Wood --> Ash-FFFFFF-Natural,,Finish1,,,,,,,,,,,,,,,,,,,,,,,,,,,,,,,X,,,,,,,,,,,,,X,,,
PRESET,,,,,,,,,,1Material --> Glass and Transparent --> Glass-0RawMaterial-Glass-0Color --> Glass and Transparent --> Glass-D1C6A6-SandyYellow,,Finish2,,,,,,,,,,,,,,,,,,,,,,,,,,,,,,,,,,,,,,,,,,,,,,,
PRESET,,"Panel
0Mesh-Door-Panel-Swing-06.Door-Panel-Swing-06'
1Material --> Spread --> Paint-0RawMaterial-Paint-0Color --> Spread --> Paint-F3F1ED-GentleWhite
1Material --> Glass and Transparent --> Glass-0RawMaterial-Glass-0Color --> Glass and Transparent --> Glass-292D38-Indigo",,Panel,,"Wide Vision Panel, Paint, Gentle White",,,0Mesh-Door-Panel-Swing-06.Door-Panel-Swing-06',1Material --> Spread --> Paint-0RawMaterial-Paint-0Color --> Spread --> Paint-F3F1ED-GentleWhite,,Finish1,,,,,,,,,,,,,,,,,,,,,,,,,,,,,,,X,,,,,,,,,,,,,X,,,
PRESET,,,,,,,,,,1Material --> Glass and Transparent --> Glass-0RawMaterial-Glass-0Color --> Glass and Transparent --> Glass-292D38-Indigo,,Finish2,,,,,,,,,,,,,,,,,,,,,,,,,,,,,,,,,,,,,,,,,,,,,,,
PRESET,,"Panel
0Mesh-Door-Panel-Swing-07.Door-Panel-Swing-07'
1Material --> Wood --> Walnut-0RawMaterial-Walnut-0Color --> Wood --> Walnut-FFFFFF-Natural
1Material --> Glass and Transparent --> Glass-0RawMaterial-Glass-0Color --> Glass and Transparent --> Glass-292D38-Indigo",,Panel,,"Narrow Vision Panel, Walnut, Natural",,,0Mesh-Door-Panel-Swing-07.Door-Panel-Swing-07',1Material --> Wood --> Walnut-0RawMaterial-Walnut-0Color --> Wood --> Walnut-FFFFFF-Natural,,Finish1,,,,,,,,,,,,,,,,,,,,,,,,,,,,,,,,,,,,,,,,,,,,X,,,
PRESET,,,,,,,,,,1Material --> Glass and Transparent --> Glass-0RawMaterial-Glass-0Color --> Glass and Transparent --> Glass-292D38-Indigo,,Finish2,,,,,,,,,,,,,,,,,,,,,,,,,,,,,,,,,,,,,,,,,,,,,,,
PRESET,,"Peephole
0Mesh-Door-Peephole-01.Door-Peephole-01'
1Material --> Metal --> Aluminum-0RawMaterial-Aluminum-0Color --> Metal --> Aluminum-FFFFFF-PureWhite",,Peephole,,"Peephole 1, Aluminum, Pure White",,,0Mesh-Door-Peephole-01.Door-Peephole-01',1Material --> Metal --> Aluminum-0RawMaterial-Aluminum-0Color --> Metal --> Aluminum-FFFFFF-PureWhite,,Finish1,,,,,,,,,,,,,,,,,,,,,,,,,,,,,,,X,,,,,,,,,,,X,,,,,
PRESET,,"Peephole
0Mesh-Door-Peephole-01.Door-Peephole-01'
1Material --> Metal --> Aluminum-0RawMaterial-Aluminum-0Color --> Metal --> Aluminum-331F20-PatricianBronze",,Peephole,,"Peephole 1, Aluminum, Patrician Bronze",,,0Mesh-Door-Peephole-01.Door-Peephole-01',1Material --> Metal --> Aluminum-0RawMaterial-Aluminum-0Color --> Metal --> Aluminum-331F20-PatricianBronze,,Finish2,,,,,,,,,,,,,,,,,,,,,,,,,,,,,,,X,,,,,,,,,,,X,,,,,
PRESET,,"Peephole
0Mesh-Door-Peephole-02.Door-Peephole-02'
1Material --> Metal --> Aluminum-0RawMaterial-Aluminum-0Color --> Metal --> Aluminum-FFFFFF-PureWhite",,Peephole,,"Peephole 2, Aluminum, Pure White",,,0Mesh-Door-Peephole-02.Door-Peephole-02',1Material --> Metal --> Aluminum-0RawMaterial-Aluminum-0Color --> Metal --> Aluminum-FFFFFF-PureWhite,,Finish1,,,,,,,,,,,,,,,,,,,,,,,,,,,,,,,X,,,,,,,,,,,X,,,,,
PRESET,,"TrackBarn
0Mesh-Door-Track-Barn-01.Door-Track-Barn-01'
1Material --> Metal --> Aluminum-0RawMaterial-Aluminum-0Color --> Metal --> Aluminum-FFFFFF-PureWhite",,TrackBarn,,"Barn Door Track 1, Aluminum, Pure White",,,0Mesh-Door-Track-Barn-01.Door-Track-Barn-01',1Material --> Metal --> Aluminum-0RawMaterial-Aluminum-0Color --> Metal --> Aluminum-FFFFFF-PureWhite,,Finish1,,,,,,,,,,,,,,,,,,,,,,,,X,,,,,,,,,,,,,,,,,,,,X,,,
PRESET,,"TrackBarn
0Mesh-Door-Track-Barn-01.Door-Track-Barn-01'
1Material --> Metal --> Aluminum-0RawMaterial-Aluminum-0Color --> Metal --> Aluminum-331F20-PatricianBronze",,TrackBarn,,"Barn Door Track 1, Aluminum, Patrician Bronze",,,0Mesh-Door-Track-Barn-01.Door-Track-Barn-01',1Material --> Metal --> Aluminum-0RawMaterial-Aluminum-0Color --> Metal --> Aluminum-331F20-PatricianBronze,,Finish1,,,,,,,,,,,,,,,,,,,,,,,,X,,,,,,,,,,,,,,,,,,,,X,,,
PRESET,,"TrackBarn
0Mesh-Door-Track-Barn-02.Door-Track-Barn-02'
1Material --> Metal --> Aluminum-0RawMaterial-Aluminum-0Color --> Metal --> Aluminum-FFFFFF-PureWhite",,TrackBarn,,"Barn Door Track 2 (Glass Mount), Aluminum, Pure White",,,0Mesh-Door-Track-Barn-02.Door-Track-Barn-02',1Material --> Metal --> Aluminum-0RawMaterial-Aluminum-0Color --> Metal --> Aluminum-FFFFFF-PureWhite,,Finish1,,,,,,,,,,,,,,,,,,,,,,,,X,,,,,,,,,,,,,,,,,,,,X,,,
PRESET,,"Frame
0Mesh-Window-Frame-Fixed-01.Window-Frame-Fixed-01'
1Material --> Metal --> Aluminum-0RawMaterial-Aluminum-0Color --> Metal --> Aluminum-FFFFFF-PureWhite",,Frame,,"Fixed Frame 1, Aluminum, Pure White",,,0Mesh-Window-Frame-Fixed-01.Window-Frame-Fixed-01',1Material --> Metal --> Aluminum-0RawMaterial-Aluminum-0Color --> Metal --> Aluminum-FFFFFF-PureWhite,,Finish1,,,,,,,,,,,,,,,,,,,,,,,,,,,,,,,,,,,,X,,,,,,,,,X,,
PRESET,,"Frame
0Mesh-Window-Frame-Fixed-01.Window-Frame-Fixed-01'
1Material --> Metal --> Aluminum-0RawMaterial-Aluminum-0Color --> Metal --> Aluminum-331F20-PatricianBronze",,Frame,,"Fixed Frame 1, Aluminum, Patrician Bronze",,,0Mesh-Window-Frame-Fixed-01.Window-Frame-Fixed-01',1Material --> Metal --> Aluminum-0RawMaterial-Aluminum-0Color --> Metal --> Aluminum-331F20-PatricianBronze,,Finish1,,,,,,,,,,,,,,,,,,,,,,,,,,,,,,,,,,,,X,,,,,,,,,X,,
PRESET,,"Frame
0Mesh-Window-Frame-Fixed-02.Window-Frame-Fixed-02'
1Material --> Metal --> Aluminum-0RawMaterial-Aluminum-0Color --> Metal --> Aluminum-FFFFFF-PureWhite",,Frame,,"Fixed Frame 2, Aluminum, Pure White",,,0Mesh-Window-Frame-Fixed-02.Window-Frame-Fixed-02',1Material --> Metal --> Aluminum-0RawMaterial-Aluminum-0Color --> Metal --> Aluminum-FFFFFF-PureWhite,,Finish1,,,,,,,,,,,,,,,,,,,,,,,,,,,,,,,,,,,,X,,,,,,,,,X,,
PRESET,,"Frame
0Mesh-Window-Frame-Fixed-02.Window-Frame-Fixed-02'
1Material --> Metal --> Aluminum-0RawMaterial-Aluminum-0Color --> Metal --> Aluminum-331F20-PatricianBronze",,Frame,,"Fixed Frame 2, Aluminum, Patrician Bronze",,,0Mesh-Window-Frame-Fixed-02.Window-Frame-Fixed-02',1Material --> Metal --> Aluminum-0RawMaterial-Aluminum-0Color --> Metal --> Aluminum-331F20-PatricianBronze,,Finish1,,,,,,,,,,,,,,,,,,,,,,,,,,,,,,,,,,,,X,,,,,,,,,X,,
PRESET,,"Frame
0Mesh-Window-Frame-Hung-01.Window-Frame-Hung-01'
1Material --> Metal --> Aluminum-0RawMaterial-Aluminum-0Color --> Metal --> Aluminum-331F20-PatricianBronze",,Frame,,"Hung Frame 1, Aluminum, Patrician Bronze",,,0Mesh-Window-Frame-Hung-01.Window-Frame-Hung-01',1Material --> Metal --> Aluminum-0RawMaterial-Aluminum-0Color --> Metal --> Aluminum-331F20-PatricianBronze,,Finish1,,,,,,,,,,,,,,,,,,,,,,,,,,,,,,,,,,,,X,,,,,,,,,X,,
PRESET,,"Frame
0Mesh-Window-Frame-Hung-02.Window-Frame-Hung-02'
1Material --> Metal --> Aluminum-0RawMaterial-Aluminum-0Color --> Metal --> Aluminum-331F20-PatricianBronze",,Frame,,"Hung Frame 2, Aluminum, Patrician Bronze",,,0Mesh-Window-Frame-Hung-02.Window-Frame-Hung-02',1Material --> Metal --> Aluminum-0RawMaterial-Aluminum-0Color --> Metal --> Aluminum-331F20-PatricianBronze,,Finish1,,,,,,,,,,,,,,,,,,,,,,,,,,,,,,,,,,,,X,,,,,,,,,X,,
PRESET,,"Frame
0Mesh-Window-Frame-Sliding-01.Window-Frame-Sliding-01'
1Material --> Metal --> Aluminum-0RawMaterial-Aluminum-0Color --> Metal --> Aluminum-FFFFFF-PureWhite",,Frame,,"Sliding Frame 1, Aluminum, Pure White",,,0Mesh-Window-Frame-Sliding-01.Window-Frame-Sliding-01',1Material --> Metal --> Aluminum-0RawMaterial-Aluminum-0Color --> Metal --> Aluminum-FFFFFF-PureWhite,,Finish1,,,,,,,,,,,,,,,,,,,,,,,,,,,,,,,,,,,,,,,,X,,,,,X,,
PRESET,,"Frame
0Mesh-Window-Frame-Sliding-01.Window-Frame-Sliding-01'
1Material --> Metal --> Aluminum-0RawMaterial-Aluminum-0Color --> Metal --> Aluminum-331F20-PatricianBronze",,Frame,,"Sliding Frame 1, Aluminum, Patrician Bronze",,,0Mesh-Window-Frame-Sliding-01.Window-Frame-Sliding-01',1Material --> Metal --> Aluminum-0RawMaterial-Aluminum-0Color --> Metal --> Aluminum-331F20-PatricianBronze,,Finish1,,,,,,,,,,,,,,,,,,,,,,,,,,,,,,,,,,,,,,,,X,,,,,X,,
PRESET,,"Panel
0Mesh-Window-Panel-Fixed-01.Window-Panel-Fixed-01'
1Material --> Metal --> Aluminum-0RawMaterial-Aluminum-0Color --> Metal --> Aluminum-FFFFFF-PureWhite",,Panel,,"Fixed Panel 1, Aluminum, Pure White",,,0Mesh-Window-Panel-Fixed-01.Window-Panel-Fixed-01',1Material --> Metal --> Aluminum-0RawMaterial-Aluminum-0Color --> Metal --> Aluminum-FFFFFF-PureWhite,,Finish1,,,,,,,,,,,,,,,,,,,,,,,,,,,,,,,,,,,,X,,,,,,,,,X,,
PRESET,,,,,,,,,,1Material --> Glass and Transparent --> Glass-0RawMaterial-Glass-0Color --> Glass and Transparent --> Glass-E1DDDA-Limestone,,Finish2,,,,,,,,,,,,,,,,,,,,,,,,,,,,,,,,,,,,,,,,,,,,,,,
PRESET,,"Panel
0Mesh-Window-Panel-Fixed-01.Window-Panel-Fixed-01'
1Material --> Metal --> Aluminum-0RawMaterial-Aluminum-0Color --> Metal --> Aluminum-331F20-PatricianBronze",,Panel,,"Fixed Panel 1, Aluminum, Patrician Bronze",,,0Mesh-Window-Panel-Fixed-01.Window-Panel-Fixed-01',1Material --> Metal --> Aluminum-0RawMaterial-Aluminum-0Color --> Metal --> Aluminum-331F20-PatricianBronze,,Finish1,,,,,,,,,,,,,,,,,,,,,,,,,,,,,,,,,,,,X,,,,,,,,,X,,
PRESET,,,,,,,,,,1Material --> Glass and Transparent --> Glass-0RawMaterial-Glass-0Color --> Glass and Transparent --> Glass-E1DDDA-Limestone,,Finish2,,,,,,,,,,,,,,,,,,,,,,,,,,,,,,,,,,,,,,,,,,,,,,,
PRESET,,"Panel
0Mesh-Window-Panel-Fixed-02.Window-Panel-Fixed-02'
1Material --> Metal --> Aluminum-0RawMaterial-Aluminum-0Color --> Metal --> Aluminum-FFFFFF-PureWhite",,Panel,,"Fixed Panel 2, Aluminum, Pure White",,,0Mesh-Window-Panel-Fixed-02.Window-Panel-Fixed-02',1Material --> Metal --> Aluminum-0RawMaterial-Aluminum-0Color --> Metal --> Aluminum-FFFFFF-PureWhite,,Finish1,,,,,,,,,,,,,,,,,,,,,,,,,,,,,,,,,,,,,,,,X,,,,,X,,
PRESET,,,,,,,,,,1Material --> Glass and Transparent --> Glass-0RawMaterial-Glass-0Color --> Glass and Transparent --> Glass-E1DDDA-Limestone,,Finish2,,,,,,,,,,,,,,,,,,,,,,,,,,,,,,,,,,,,,,,,,,,,,,,
PRESET,,"Panel
0Mesh-Window-Panel-Fixed-02.Window-Panel-Fixed-02'
1Material --> Metal --> Aluminum-0RawMaterial-Aluminum-0Color --> Metal --> Aluminum-331F20-PatricianBronze",,Panel,,"Fixed Panel 2, Aluminum, Patrician Bronze",,,0Mesh-Window-Panel-Fixed-02.Window-Panel-Fixed-02',1Material --> Metal --> Aluminum-0RawMaterial-Aluminum-0Color --> Metal --> Aluminum-331F20-PatricianBronze,,Finish1,,,,,,,,,,,,,,,,,,,,,,,,,,,,,,,,,,,,,,,,X,,,,,X,,
PRESET,,,,,,,,,,1Material --> Glass and Transparent --> Glass-0RawMaterial-Glass-0Color --> Glass and Transparent --> Glass-E1DDDA-Limestone,,Finish2,,,,,,,,,,,,,,,,,,,,,,,,,,,,,,,,,,,,,,,,,,,,,,,
PRESET,,"Panel
0Mesh-Window-Panel-Sliding-01.Window-Panel-Sliding-01'
1Material --> Metal --> Aluminum-0RawMaterial-Aluminum-0Color --> Metal --> Aluminum-FFFFFF-PureWhite",,Panel,,"Sliding Panel 1, Aluminum, Pure White",,,0Mesh-Window-Panel-Sliding-01.Window-Panel-Sliding-01',1Material --> Metal --> Aluminum-0RawMaterial-Aluminum-0Color --> Metal --> Aluminum-FFFFFF-PureWhite,,Finish1,,,,,,,,,,,,,,,,,,,,,,,,,,,,,,,,,,,,,,,,X,,,,,X,,
PRESET,,,,,,,,,,1Material --> Glass and Transparent --> Glass-0RawMaterial-Glass-0Color --> Glass and Transparent --> Glass-E1DDDA-Limestone,,Finish2,,,,,,,,,,,,,,,,,,,,,,,,,,,,,,,,,,,,,,,,,,,,,,,
PRESET,,"Panel
0Mesh-Window-Panel-Sliding-01.Window-Panel-Sliding-01'
1Material --> Metal --> Aluminum-0RawMaterial-Aluminum-0Color --> Metal --> Aluminum-331F20-PatricianBronze",,Panel,,"Sliding Panel 1, Aluminum, Patrician Bronze",,,0Mesh-Window-Panel-Sliding-01.Window-Panel-Sliding-01',1Material --> Metal --> Aluminum-0RawMaterial-Aluminum-0Color --> Metal --> Aluminum-331F20-PatricianBronze,,Finish1,,,,,,,,,,,,,,,,,,,,,,,,,,,,,,,,,,,,,,,,X,,,,,X,,
PRESET,,,,,,,,,,1Material --> Glass and Transparent --> Glass-0RawMaterial-Glass-0Color --> Glass and Transparent --> Glass-E1DDDA-Limestone,,Finish2,,,,,,,,,,,,,,,,,,,,,,,,,,,,,,,,,,,,,,,,,,,,,,,
PRESET,,"Panel
0Mesh-Window-Panel-Sliding-02.Window-Panel-Sliding-02'
1Material --> Metal --> Aluminum-0RawMaterial-Aluminum-0Color --> Metal --> Aluminum-FFFFFF-PureWhite",,Panel,,"Sliding Panel 2, Aluminum, Pure White",,,0Mesh-Window-Panel-Sliding-02.Window-Panel-Sliding-02',1Material --> Metal --> Aluminum-0RawMaterial-Aluminum-0Color --> Metal --> Aluminum-FFFFFF-PureWhite,,Finish1,,,,,,,,,,,,,,,,,,,,,,,,,,,,,,,,,,,,,,,,X,,,,,X,,
PRESET,,,,,,,,,,1Material --> Glass and Transparent --> Glass-0RawMaterial-Glass-0Color --> Glass and Transparent --> Glass-E1DDDA-Limestone,,Finish2,,,,,,,,,,,,,,,,,,,,,,,,,,,,,,,,,,,,,,,,,,,,,,,
PRESET,,"Panel
0Mesh-Window-Panel-Sliding-02.Window-Panel-Sliding-02'
1Material --> Metal --> Aluminum-0RawMaterial-Aluminum-0Color --> Metal --> Aluminum-331F20-PatricianBronze",,Panel,,"Sliding Panel 2, Aluminum, Patrician Bronze",,,0Mesh-Window-Panel-Sliding-02.Window-Panel-Sliding-02',1Material --> Metal --> Aluminum-0RawMaterial-Aluminum-0Color --> Metal --> Aluminum-331F20-PatricianBronze,,Finish1,,,,,,,,,,,,,,,,,,,,,,,,,,,,,,,,,,,,,,,,X,,,,,X,,
PRESET,,,,,,,,,,1Material --> Glass and Transparent --> Glass-0RawMaterial-Glass-0Color --> Glass and Transparent --> Glass-E1DDDA-Limestone,,Finish2,,,,,,,,,,,,,,,,,,,,,,,,,,,,,,,,,,,,,,,,,,,,,,,
PRESET,,"Table
0Mesh-remade/FFE-Table-Dining-4/FFE-Table-Dining-4-Merged.FFE-Table-Dining-4-Merged'
1Material --> Stone --> Marble-0RawMaterial-Marble (Calacatta)-0Color --> Abstract-FFFFFF-White",,Table,,"Square Table, Marble (Calacatta), White",X,,0Mesh-remade/FFE-Table-Dining-4/FFE-Table-Dining-4-Merged.FFE-Table-Dining-4-Merged',1Material --> Stone --> Marble-0RawMaterial-Marble (Calacatta)-0Color --> Abstract-FFFFFF-White,,FinishTop,,,,,,,,,,,,,,,,,,,,,,,,,,,,,,,,X,,,,,,,,,,,,,,,
PRESET,,,,,,,,,,,,FinishBase,,,,,,,,,,,,,,,,,,,,,,,,,,,,,,,,,,,,,,,,,,,,,,,
PRESET,,"Table
0Mesh-remade/FFE-Table-Dining-1/FFE-Table-Dining-1.FFE-Table-Dining-1'
1Material --> Stone --> Granite-0RawMaterial-Granite (Brown 1)-0Color --> Abstract-FFFFFF-White",,Table,,"Rectangular Table, Granite (Brown 1), White",X,,0Mesh-remade/FFE-Table-Dining-1/FFE-Table-Dining-1.FFE-Table-Dining-1',1Material --> Stone --> Granite-0RawMaterial-Granite (Brown 1)-0Color --> Abstract-FFFFFF-White,,Material1,,,,,,,,,,,,,,,,,,,,,,,,,,,,,,,,X,,,,,,,,,,,,,,,
PRESET,,,,,,,,,,,,Material2,,,,,,,,,,,,,,,,,,,,,,,,,,,,,,,,,,,,,,,,,,,,,,,
PRESET,,"Chair
0Mesh-remade/FFE-Chair-Dining-01/FFE-Chair-Dining-01-Merged.FFE-Chair-Dining-01-Merged'
1Material --> Metal --> Steel-0RawMaterial-Steel-0Color --> Metal --> Steel-FFFFFF-Untinted",,Chair,,"Dining Chair 1, Steel, Untinted",X,,0Mesh-remade/FFE-Chair-Dining-01/FFE-Chair-Dining-01-Merged.FFE-Chair-Dining-01-Merged',1Material --> Metal --> Steel-0RawMaterial-Steel-0Color --> Metal --> Steel-FFFFFF-Untinted,,Finish1,,,,,,,,,,,,,,,,,,,,,,,,,,,,,,,,X,,,,,,,,,,,,,,,
PRESET,,"Chair
0Mesh-remade/FFE-Chair-Dining-02/FFE-Chair-Dining-02.FFE-Chair-Dining-02'
1Material --> Metal --> Steel-0RawMaterial-Steel-0Color --> Metal --> Steel-FFFFFF-Untinted",,Chair,,"Dining Chair 2 , Steel, Untinted",X,,0Mesh-remade/FFE-Chair-Dining-02/FFE-Chair-Dining-02.FFE-Chair-Dining-02',1Material --> Metal --> Steel-0RawMaterial-Steel-0Color --> Metal --> Steel-FFFFFF-Untinted,,Finish1,,,,,,,,,,,,,,,,,,,,,,,,,,,,,,,,X,,,,,,,,,,,,,,,
