TYPENAME,,PartNonMesh,,Module,,,,,,,,,,,,,,,,,,,,,
,,Definition,,,,,,,,,,,,,,,,,,,,,,,
,,PropertyType,,PropertyName,,PropertyScope.Value,,,,,,,,,,,,,,,,,,,
PROPERTY,,DisplayText,,Name,,Module.Name,,,,,,,,,,,,,,,,,,,
,,Presets,,,,,,,,,,,,,,,,,,,,,,,
TAGPATHS,DataType=GUID,GUID,DataType=ID,ID,DataType=MyCategoryPath,TG_MyNode+CategoryPath,DataType=Properties,Module.Name,DataType=StartsInProject,,DataType=Dimensions,Dimension,Value,DataType=Profile,Module.Profile,DataType=Material,AppliesToChannel,InnerMaterial,SurfaceMaterial,ColorTintVariation,ColorTint,,DataType=ConstructionCost,MaterialCostRate,LaborCostRate
,,B6BBAA83-AFA3-6342-95FD-9A9768C610A3,,Part_3FlexDims0Fixed_Abstract-Thickness-6in-Finish1-0RawMaterial-Abstract-FFFFFF,,Part_3FlexDims0Fixed_Abstract,,"6in, Abstract",,,,Thickness,6in,,,,Finish1,0RawMaterial-Abstract,,0,FFFFFF,,,,
,,,,,,,,,,,,IconLength,64in,,,,,,,,,,,,
,,,,,,,,,,,,IconHeight,48in,,,,,,,,,,,,
,,505EE185-1647-CD44-87FD-7A6BA02B4E2E,,Part_3FlexDims0Fixed_Abstract-Thickness-20in-Finish1-0RawMaterial-Abstract-FFFFFF,,Part_3FlexDims0Fixed_Abstract,,"20in, Abstract",,,,Thickness,20in,,,,Finish1,0RawMaterial-Abstract,,0,FFFFFF,,,,
,,,,,,,,,,,,IconLength,64in,,,,,,,,,,,,
,,,,,,,,,,,,IconHeight,48in,,,,,,,,,,,,
,,F0153CB6-95D0-DD41-9ED9-72080DD58F60,,Part_3FlexDims0Fixed_Abstract-Thickness-22in-Finish1-0RawMaterial-Abstract-FFFFFF,,Part_3FlexDims0Fixed_Abstract,,"22in, Abstract",,,,Thickness,22in,,,,Finish1,0RawMaterial-Abstract,,0,FFFFFF,,,,
,,,,,,,,,,,,IconLength,64in,,,,,,,,,,,,
,,,,,,,,,,,,IconHeight,48in,,,,,,,,,,,,
,,5AB40526-A876-484C-86D7-8252827B9B38,,Part_3FlexDims0Fixed_FluidsAndAggregates_Asphalt-Thickness-0.03125in-Finish1-0RawMaterial-Asphalt-646963,,Part_3FlexDims0Fixed_FluidsAndAggregates_Asphalt,,"1/32in, Asphalt, Gray-Green Slate",,,,Thickness,0.03125in,,,,Finish1,0RawMaterial-Asphalt,,0,646963,,,,
,,,,,,,,,,,,IconLength,64in,,,,,,,,,,,,
,,,,,,,,,,,,IconHeight,48in,,,,,,,,,,,,
,,D824E0CA-7525-AE4B-97AB-34D8CA7BC329,,Part_3FlexDims0Fixed_FluidsAndAggregates_Cement-Thickness-0.5in-Finish1-0RawMaterial-Cement-8F9AA0,,Part_3FlexDims0Fixed_FluidsAndAggregates_Cement,,"1/2in, Cement, Ocean",,,,Thickness,0.5in,,,,Finish1,0RawMaterial-Cement,,0,8F9AA0,,,,
,,,,,,,,,,,,IconLength,64in,,,,,,,,,,,,
,,,,,,,,,,,,IconHeight,48in,,,,,,,,,,,,
,,E7328634-D1CD-6049-A8B5-ECA9F0C3B8BD,,Part_3FlexDims0Fixed_FluidsAndAggregates_Asphalt-Thickness-0.5in-Finish1-0RawMaterial-Metal Wire Fence-FFFFFF,,Part_3FlexDims0Fixed_FluidsAndAggregates_Asphalt,,"1/2in, Metal Wire Fence",,,,Thickness,0.5in,,,,Finish1,0RawMaterial-Metal Wire Fence,,0,FFFFFF,,,,
,,,,,,,,,,,,IconLength,64in,,,,,,,,,,,,
,,,,,,,,,,,,IconHeight,48in,,,,,,,,,,,,
,,C53D74E0-7735-B548-BBA4-5DF8BCEFD8F5,,Part_3FlexDims0Fixed_FluidsAndAggregates_Concrete-Thickness-3in-Finish1-0RawMaterial-Concrete (Normal Aggregate)-D6D7D8,,Part_3FlexDims0Fixed_FluidsAndAggregates_Concrete,,"3in, Concrete (Normal Aggregate)",,,,Thickness,3in,,,,Finish1,0RawMaterial-Concrete (Normal Aggregate),,0,D6D7D8,,,,
,,,,,,,,,,,,IconLength,64in,,,,,,,,,,,,
,,,,,,,,,,,,IconHeight,48in,,,,,,,,,,,,
,,FBCF3DE6-6739-4146-B04E-9A143CC7404D,,Part_3FlexDims0Fixed_FluidsAndAggregates_Concrete-Thickness-6in-Finish1-0RawMaterial-Concrete (Normal Aggregate)-D6D7D8,,Part_3FlexDims0Fixed_FluidsAndAggregates_Concrete,,6in Cast-In-Place Concrete,,,,Thickness,6in,,,,Finish1,0RawMaterial-Concrete (Normal Aggregate),,0,D6D7D8,,,4,2
,,,,,,,,,,,,IconLength,64in,,,,,,,,,,,,
,,,,,,,,,,,,IconHeight,48in,,,,,,,,,,,,
,,2C2E8223-113A-FF45-A7EB-0E6C27CDBC3E,,Part_3FlexDims0Fixed_FluidsAndAggregates_Concrete-Thickness-6in-Finish1-0RawMaterial-Concrete (Normal Aggregate)-D6D7D8,,Part_3FlexDims0Fixed_FluidsAndAggregates_Concrete,,6in Precast Concrete,,,,Thickness,6in,,,,Finish1,0RawMaterial-Concrete (Normal Aggregate),,0,D6D7D8,,,,
,,,,,,,,,,,,IconLength,64in,,,,,,,,,,,,
,,,,,,,,,,,,IconHeight,48in,,,,,,,,,,,,
,,1CAD629E-25BB-FE4B-BB86-C3D4FCF42EFF,,Part_3FlexDims0Fixed_FluidsAndAggregates_Concrete-Thickness-8in-Finish1-0RawMaterial-Concrete (Normal Aggregate)-D6D7D8,,Part_3FlexDims0Fixed_FluidsAndAggregates_Concrete,,8in Cast-In-Place Concrete,,,,Thickness,8in,,,,Finish1,0RawMaterial-Concrete (Normal Aggregate),,0,D6D7D8,,,,
,,,,,,,,,,,,IconLength,64in,,,,,,,,,,,,
,,,,,,,,,,,,IconHeight,48in,,,,,,,,,,,,
,,9C4620C3-F53E-BC4D-AA85-61493A9FC4DD,,Part_3FlexDims0Fixed_FluidsAndAggregates_Concrete-Thickness-8in-Finish1-0RawMaterial-Concrete (Normal Aggregate)-D6D7D8,,Part_3FlexDims0Fixed_FluidsAndAggregates_Concrete,,8in Precast Concrete,,,,Thickness,8in,,,,Finish1,0RawMaterial-Concrete (Normal Aggregate),,0,D6D7D8,,,,
,,,,,,,,,,,,IconLength,64in,,,,,,,,,,,,
,,,,,,,,,,,,IconHeight,48in,,,,,,,,,,,,
,,B0604FF1-6E7C-0B42-AA18-42E8668CC974,,Part_3FlexDims0Fixed_FluidsAndAggregates_Concrete-Thickness-10in-Finish1-0RawMaterial-Concrete (Normal Aggregate)-D6D7D8,,Part_3FlexDims0Fixed_FluidsAndAggregates_Concrete,,"10in, Concrete (Normal Aggregate)",,,,Thickness,10in,,,,Finish1,0RawMaterial-Concrete (Normal Aggregate),,0,D6D7D8,,,,
,,,,,,,,,,,,IconLength,64in,,,,,,,,,,,,
,,,,,,,,,,,,IconHeight,48in,,,,,,,,,,,,
,,EC3F6096-24C7-BB46-9D72-57433117A6FB,,Part_3FlexDims0Fixed_FluidsAndAggregates_Concrete-Thickness-12in-Finish1-0RawMaterial-Concrete (Normal Aggregate)-D6D7D8,,Part_3FlexDims0Fixed_FluidsAndAggregates_Concrete,,"12in, Concrete (Normal Aggregate)",,,,Thickness,12in,,,,Finish1,0RawMaterial-Concrete (Normal Aggregate),,0,D6D7D8,,,,
,,,,,,,,,,,,IconLength,64in,,,,,,,,,,,,
,,,,,,,,,,,,IconHeight,48in,,,,,,,,,,,,
,,75BB6242-366F-E74C-BA62-6115F4205280,,Part_3FlexDims0Fixed_FluidsAndAggregates_Concrete-Thickness-16in-Finish1-0RawMaterial-Concrete (Normal Aggregate)-D6D7D8,,Part_3FlexDims0Fixed_FluidsAndAggregates_Concrete,,"16in, Concrete (Normal Aggregate)",,,,Thickness,16in,,,,Finish1,0RawMaterial-Concrete (Normal Aggregate),,0,D6D7D8,,,,
,,,,,,,,,,,,IconLength,64in,,,,,,,,,,,,
,,,,,,,,,,,,IconHeight,48in,,,,,,,,,,,,
,,16222FEA-BDEC-FE4E-8EE7-2A567304D38A,,Part_3FlexDims0Fixed_FluidsAndAggregates_Concrete-Thickness-20in-Finish1-0RawMaterial-Concrete (Normal Aggregate)-D6D7D8,,Part_3FlexDims0Fixed_FluidsAndAggregates_Concrete,,"20in, Concrete (Normal Aggregate)",,,,Thickness,20in,,,,Finish1,0RawMaterial-Concrete (Normal Aggregate),,0,D6D7D8,,,,
,,,,,,,,,,,,IconLength,64in,,,,,,,,,,,,
,,,,,,,,,,,,IconHeight,48in,,,,,,,,,,,,
,,43EDABAD-F328-9E4E-9769-5C96C4D03AB6,,Part_3FlexDims0Fixed_FluidsAndAggregates_Concrete-Thickness-6in-Finish1-0RawMaterial-Concrete (Normal Aggregate)-D6D7D8,,Part_3FlexDims0Fixed_FluidsAndAggregates_Concrete,,"6in, Concrete (Normal Aggregate)",,,,Thickness,6in,,,,Finish1,0RawMaterial-Concrete (Normal Aggregate),,0,D6D7D8,,,,
,,,,,,,,,,,,IconLength,64in,,,,,,,,,,,,
,,,,,,,,,,,,IconHeight,48in,,,,,,,,,,,,
,,8269F091-2A3D-3545-8333-4C8282C53E5A,,Assembly_2FlexDims1Fixed_PlanarPattern-Thickness-4.125in-Finish1-0RawMaterial-Spruce-Pine-Fir-FFFFFF,,Assembly_2FlexDims1Fixed_PlanarPattern,,"4-1/8in, Spruce-Pine-Fir",,,,Thickness,4.125in,,,,Finish1,0RawMaterial-Spruce-Pine-Fir,,0,FFFFFF,,,,
,,,,,,,,,,,,IconLength,64in,,,,,,,,,,,,
,,,,,,,,,,,,IconHeight,48in,,,,,,,,,,,,
,,806D92AB-4841-7C4A-832E-A83BFC01F1F8,,Part_3FlexDims0Fixed_FluidsAndAggregates_Rammed Earth-Thickness-30cm-Finish1-0RawMaterial-Rammed Earth-FFFFFF,,Part_3FlexDims0Fixed_FluidsAndAggregates_Rammed Earth,,"30cm, Rammed Earth",,,,Thickness,30cm,,,,Finish1,0RawMaterial-Rammed Earth,,0,FFFFFF,,,,
,,,,,,,,,,,,IconLength,64in,,,,,,,,,,,,
,,,,,,,,,,,,IconHeight,48in,,,,,,,,,,,,
,,CBDDDA01-5754-F245-859D-6A4A8A94A8AF,,Part_3FlexDims0Fixed_FluidsAndAggregates_Stone-Thickness-1in-Finish1-0RawMaterial-Terrazzo (Beige)-FFFFFF,,Part_3FlexDims0Fixed_FluidsAndAggregates_Stone,,"1in, Terrazzo (Beige)",,,,Thickness,1in,,,,Finish1,0RawMaterial-Terrazzo (Beige),,0,FFFFFF,,,,
,,,,,,,,,,,,IconLength,64in,,,,,,,,,,,,
,,,,,,,,,,,,IconHeight,48in,,,,,,,,,,,,
,,96392B55-2C3C-8C48-B507-260B42F4356F,,Part_3FlexDims0Fixed_FluidsAndAggregates_Stone-Thickness-1.25in-Finish1-0RawMaterial-Granite (Black 1)-FFFFFF,,Part_3FlexDims0Fixed_FluidsAndAggregates_Stone,,"1-1/4in, Granite (Black 1)",,,,Thickness,1.25in,,,,Finish1,0RawMaterial-Granite (Black 1),,0,FFFFFF,,,,
,,,,,,,,,,,,IconLength,64in,,,,,,,,,,,,
,,,,,,,,,,,,IconHeight,48in,,,,,,,,,,,,
,,47B3F256-3F04-BA4B-9104-BF5E2FBD5146,,Part_3FlexDims0Fixed_FluidsAndAggregates_Stone-Thickness-2in-Finish1-0RawMaterial-Granite (Black 2)-FFFFFF,,Part_3FlexDims0Fixed_FluidsAndAggregates_Stone,,"2in, Granite (Black 2)",,,,Thickness,2in,,,,Finish1,0RawMaterial-Granite (Black 2),,0,FFFFFF,,,,
,,,,,,,,,,,,IconLength,64in,,,,,,,,,,,,
,,,,,,,,,,,,IconHeight,48in,,,,,,,,,,,,
,,B21F095D-179B-734F-9815-EE9D4CCC7F31,,Part_3FlexDims0Fixed_FluidsAndAggregates_Stone-Thickness-2in-Finish1-0RawMaterial-Marble (Black 1)-FFFFFF,,Part_3FlexDims0Fixed_FluidsAndAggregates_Stone,,"2in, Marble (Black 1)",,,,Thickness,2in,,,,Finish1,0RawMaterial-Marble (Black 1),,0,FFFFFF,,,,
,,,,,,,,,,,,IconLength,64in,,,,,,,,,,,,
,,,,,,,,,,,,IconHeight,48in,,,,,,,,,,,,
,,665CB20C-B6A3-EF49-A0EF-E3D6F87B6682,,Part_3FlexDims0Fixed_FluidsAndAggregates_Asphalt-Thickness-0.0625in-Finish1-0RawMaterial-Asphalt-594D41,,Part_3FlexDims0Fixed_FluidsAndAggregates_Asphalt,,"1/16in, Asphalt, Barkwood",,,,Thickness,0.0625in,,,,Finish1,0RawMaterial-Asphalt,,0,594D41,,,,
,,,,,,,,,,,,IconLength,64in,,,,,,,,,,,,
,,,,,,,,,,,,IconHeight,48in,,,,,,,,,,,,
,,0727F617-BE1B-4946-B2CC-CA7265C8BD7E,,Part_3FlexDims0Fixed_Membrane_PolyethyleneVaporBarrier-Thickness-0.0625in-Finish1-0RawMaterial-Plastic-6B6B6B,,Part_3FlexDims0Fixed_Membrane_PolyethyleneVaporBarrier,,"1/16in, Plastic, Gray 6",,,,Thickness,0.0625in,,,,Finish1,0RawMaterial-Plastic,,0,6B6B6B,,,,
,,,,,,,,,,,,IconLength,64in,,,,,,,,,,,,
,,,,,,,,,,,,IconHeight,48in,,,,,,,,,,,,
,,810DAA2C-B55D-984C-9F2B-F72F4AF1E098,,Part_3FlexDims0Fixed_RollAndSheet_Carpet-Thickness-0.5in-Finish1-0RawMaterial-Carpet (Medium Profile)-E9EAE6,,Part_3FlexDims0Fixed_RollAndSheet_Carpet,,"1/2in, Carpet (Medium Profile)",,,,Thickness,0.5in,,,,Finish1,0RawMaterial-Carpet (Medium Profile),,0,E9EAE6,,,,
,,,,,,,,,,,,IconLength,64in,,,,,,,,,,,,
,,,,,,,,,,,,IconHeight,48in,,,,,,,,,,,,
,,3DA70E08-8921-4B4C-8F15-5A2C613CD4AD,,Part_3FlexDims0Fixed_RollAndSheet_Cork-Thickness-0.125in-Finish1-0RawMaterial-Cork-FFFFFF,,Part_3FlexDims0Fixed_RollAndSheet_Cork,,"1/8in, Cork",,,,Thickness,0.125in,,,,Finish1,0RawMaterial-Cork,,0,FFFFFF,,,,
,,,,,,,,,,,,IconLength,64in,,,,,,,,,,,,
,,,,,,,,,,,,IconHeight,48in,,,,,,,,,,,,
,,9FB4D8B3-3EC1-264E-92E2-3D1F276B8E3B,,Part_3FlexDims0Fixed_RollAndSheet_Felt-Thickness-5mm-Finish1-0RawMaterial-Felt-44443C,,Part_3FlexDims0Fixed_RollAndSheet_Felt,,"5mm, Felt, Weathered Brown",,,,Thickness,5mm,,,,Finish1,0RawMaterial-Felt,,0,44443C,,,,
,,,,,,,,,,,,IconLength,64in,,,,,,,,,,,,
,,,,,,,,,,,,IconHeight,48in,,,,,,,,,,,,
,,BBBCF11A-9AD0-E945-B6B0-A281D0C27D30,,Assembly_2FlexDims1Fixed_PlanarPattern-Thickness-0.125in-Finish1-0RawMaterial-Steel-CCCCCC,,Assembly_2FlexDims1Fixed_PlanarPattern,,"1/8in, Aluminum, Birch",,,,Thickness,0.125in,,,,Finish1,0RawMaterial-Steel,,0,CCCCCC,,,,
,,,,,,,,,,,,IconLength,64in,,,,,,,,,,,,
,,,,,,,,,,,,IconHeight,48in,,,,,,,,,,,,
,,AD9342EA-4BFA-404D-821C-ED19312DD734,,Assembly_2FlexDims1Fixed_PlanarPattern-Thickness-0.09375in-Finish1-0RawMaterial-Plastic-6B6B6B,,Assembly_2FlexDims1Fixed_PlanarPattern,,"3/32in, Plastic, Gray 6",,,,Thickness,0.09375in,,,,Finish1,0RawMaterial-Plastic,,0,6B6B6B,,,,
,,,,,,,,,,,,IconLength,64in,,,,,,,,,,,,
,,,,,,,,,,,,IconHeight,48in,,,,,,,,,,,,
,,144AD1E7-9499-5C4E-A182-12FEF480D25D,,Assembly_2FlexDims1Fixed_PlanarPattern-Thickness-0.0625in-Finish1-0RawMaterial-Plastic-6B6B6B,,Assembly_2FlexDims1Fixed_PlanarPattern,,"1/16in, Plastic, Gray 6",,,,Thickness,0.0625in,,,,Finish1,0RawMaterial-Plastic,,0,6B6B6B,,,,
,,,,,,,,,,,,IconLength,64in,,,,,,,,,,,,
,,,,,,,,,,,,IconHeight,48in,,,,,,,,,,,,
,,1873B1A2-888F-3048-B91D-F68C63A3B08B,,Assembly_2FlexDims1Fixed_PlanarPattern-Thickness-0.03125in-Finish1-0RawMaterial-Gypsum-D6D7D1,,Assembly_2FlexDims1Fixed_PlanarPattern,,"1/32in, Gypsum",,,,Thickness,0.03125in,,,,Finish1,0RawMaterial-Gypsum,,0,D6D7D1,,,,
,,,,,,,,,,,,IconLength,64in,,,,,,,,,,,,
,,,,,,,,,,,,IconHeight,48in,,,,,,,,,,,,
,,EF9CA6E0-9FB8-334C-96A5-F72CDD49F7EC,,Assembly_2FlexDims1Fixed_PlanarPattern-Thickness-2in-Finish1-0RawMaterial-Gravel-FFFFFF,,Assembly_2FlexDims1Fixed_PlanarPattern,,"2in, Gravel",,,,Thickness,2in,,,,Finish1,0RawMaterial-Gravel,,0,FFFFFF,,,,
,,,,,,,,,,,,IconLength,64in,,,,,,,,,,,,
,,,,,,,,,,,,IconHeight,48in,,,,,,,,,,,,
,,B53225D8-D27D-114E-BCCD-BB60E64EB4B1,,Assembly_2FlexDims1Fixed_PlanarPattern-Thickness-3in-Finish1-0RawMaterial-Gravel-FFFFFF,,Assembly_2FlexDims1Fixed_PlanarPattern,,"3in, Gravel",,,,Thickness,3in,,,,Finish1,0RawMaterial-Gravel,,0,FFFFFF,,,,
,,,,,,,,,,,,IconLength,64in,,,,,,,,,,,,
,,,,,,,,,,,,IconHeight,48in,,,,,,,,,,,,
,,481459BD-6198-1141-9F79-9494F248EC3C,,Assembly_2FlexDims1Fixed_PlanarPattern-Thickness-3in-Finish1-0RawMaterial-Grass-FFFFFF,,Assembly_2FlexDims1Fixed_PlanarPattern,,"3in, Grass",,,,Thickness,3in,,,,Finish1,0RawMaterial-Grass,,0,FFFFFF,,,,
,,,,,,,,,,,,IconLength,64in,,,,,,,,,,,,
,,,,,,,,,,,,IconHeight,48in,,,,,,,,,,,,
,,1F5D841C-64F3-6D40-A2A1-9926486A8AA4,,Part_3FlexDims0Fixed_FluidsAndAggregates_Decomposed Granite-Thickness-2in-Finish1-0RawMaterial-Decomposed Granite-CCCCCC,,Part_3FlexDims0Fixed_FluidsAndAggregates_Decomposed Granite,,"2in, Decomposed Granite, Light Gray",,,,Thickness,2in,,,,Finish1,0RawMaterial-Decomposed Granite,,0,CCCCCC,,,,
,,,,,,,,,,,,IconLength,64in,,,,,,,,,,,,
,,,,,,,,,,,,IconHeight,48in,,,,,,,,,,,,
,,B6C0EDAC-09B2-5B4C-8244-BB8C462A5AC4,,Part_3FlexDims0Fixed_FluidsAndAggregates_Sand-Thickness-3in-Finish1-0RawMaterial-Sand-FFFFFF,,Part_3FlexDims0Fixed_FluidsAndAggregates_Sand,,"3in, Sand",,,,Thickness,3in,,,,Finish1,0RawMaterial-Sand,,0,FFFFFF,,,,
,,,,,,,,,,,,IconLength,64in,,,,,,,,,,,,
,,,,,,,,,,,,IconHeight,48in,,,,,,,,,,,,
,,5FAFFB40-7A40-2744-B7EE-137C388D9DD8,,Part_3FlexDims0Fixed_FluidsAndAggregates_Soil-Thickness-6in-Finish1-0RawMaterial-Soil-FFFFFF,,Part_3FlexDims0Fixed_FluidsAndAggregates_Soil,,"6in, Soil",,,,Thickness,6in,,,,Finish1,0RawMaterial-Soil,,0,FFFFFF,,,,
,,,,,,,,,,,,IconLength,64in,,,,,,,,,,,,
,,,,,,,,,,,,IconHeight,48in,,,,,,,,,,,,
,,3962A939-3086-494E-8A2B-CE28D7B24D27,,Part_3FlexDims0Fixed_FluidsAndAggregates_Asphalt-Thickness-12in-Finish1-0RawMaterial-Asphalt-6B6758,,Part_3FlexDims0Fixed_FluidsAndAggregates_Asphalt,,"12in, Asphalt, Olive",,,,Thickness,12in,,,,Finish1,0RawMaterial-Asphalt,,0,6B6758,,,,
,,,,,,,,,,,,IconLength,64in,,,,,,,,,,,,
,,,,,,,,,,,,IconHeight,48in,,,,,,,,,,,,
,,7161B4A1-E7D7-054B-933B-2AA706942091,,Part_3FlexDims0Fixed_FluidsAndAggregates_Plaster-Thickness-0.375in-Finish1-0RawMaterial-Plaster-F7EBDB,,Part_3FlexDims0Fixed_FluidsAndAggregates_Plaster,,"3/8in, Plaster, Shell",,,,Thickness,0.375in,,,,Finish1,0RawMaterial-Plaster,,0,F7EBDB,,,,
,,,,,,,,,,,,IconLength,64in,,,,,,,,,,,,
,,,,,,,,,,,,IconHeight,48in,,,,,,,,,,,,
,,E64B76B8-D133-0841-9642-B2581175546A,,Part_3FlexDims0Fixed_FluidsAndAggregates_Joint Compound-Thickness-0.03125in-Finish1-0RawMaterial-Joint Compound-D6D7D1,,Part_3FlexDims0Fixed_FluidsAndAggregates_Joint Compound,,"1/32in, Joint Compound",,,,Thickness,0.03125in,,,,Finish1,0RawMaterial-Joint Compound,,0,D6D7D1,,,,
,,,,,,,,,,,,IconLength,64in,,,,,,,,,,,,
,,,,,,,,,,,,IconHeight,48in,,,,,,,,,,,,
,,B2B760ED-D569-2A4E-AD2F-8C3699ABBFF9,,Part_3FlexDims0Fixed_FluidsAndAggregates_Paint-Thickness-0.02in-Finish1-0RawMaterial-Paint-F3F1ED,,Part_3FlexDims0Fixed_FluidsAndAggregates_Paint,,"Typical Coat (1/50in), Paint, Gentle White",,,,Thickness,0.02in,,,,Finish1,0RawMaterial-Paint,,0,F3F1ED,,,,
,,,,,,,,,,,,IconLength,64in,,,,,,,,,,,,
,,,,,,,,,,,,IconHeight,48in,,,,,,,,,,,,
,,90EA7B22-D274-C748-9DBB-51F785B01B2B,,Part_3FlexDims0Fixed_FluidsAndAggregates_Paint-Thickness-0.02in-Finish1-0RawMaterial-Paint-C4C4C4,,Part_3FlexDims0Fixed_FluidsAndAggregates_Paint,,"Typical Coat (1/50in), Paint, Grey",,,,Thickness,0.02in,,,,Finish1,0RawMaterial-Paint,,0,C4C4C4,,,,
,,,,,,,,,,,,IconLength,64in,,,,,,,,,,,,
,,,,,,,,,,,,IconHeight,48in,,,,,,,,,,,,
,,8228A35E-B951-394B-9091-F0AD82CFE35D,,Part_3FlexDims0Fixed_FluidsAndAggregates_Paint-Thickness-0.02in-Finish1-0RawMaterial-Paint-262527,,Part_3FlexDims0Fixed_FluidsAndAggregates_Paint,,"Typical Coat (1/50in), Paint, Midnight",,,,Thickness,0.02in,,,,Finish1,0RawMaterial-Paint,,0,262527,,,,
,,,,,,,,,,,,IconLength,64in,,,,,,,,,,,,
,,,,,,,,,,,,IconHeight,48in,,,,,,,,,,,,
,,3A11B8A6-1355-CE40-8364-91B87DEE3EA6,,Part_3FlexDims0Fixed_FluidsAndAggregates_Concrete-Thickness-0.5in-Finish1-0RawMaterial-Concrete (Fine Aggregate)-AC998D,,Part_3FlexDims0Fixed_FluidsAndAggregates_Concrete,,"1/2in, Concrete (Fine Aggregate), Maple",,,,Thickness,0.5in,,,,Finish1,0RawMaterial-Concrete (Fine Aggregate),,0,AC998D,,,,
,,,,,,,,,,,,IconLength,64in,,,,,,,,,,,,
,,,,,,,,,,,,IconHeight,48in,,,,,,,,,,,,
,,3D5ACD32-2DF6-F649-A958-E142B3AFD896,,Part_3FlexDims0Fixed_FluidsAndAggregates_Concrete-Thickness-0.75in-Finish1-0RawMaterial-Concrete (Fine Aggregate)-ABA283,,Part_3FlexDims0Fixed_FluidsAndAggregates_Concrete,,"3/4in, Concrete (Fine Aggregate), Olive",,,,Thickness,0.75in,,,,Finish1,0RawMaterial-Concrete (Fine Aggregate),,0,ABA283,,,,
,,,,,,,,,,,,IconLength,64in,,,,,,,,,,,,
,,,,,,,,,,,,IconHeight,48in,,,,,,,,,,,,
,,1C47D657-1DC6-2648-8B9D-7D20B1437D4A,,Part_3FlexDims0Fixed_FluidsAndAggregates_Mortar-Thickness-0.25in-Finish1-0RawMaterial-Mortar-C6C6C6,,Part_3FlexDims0Fixed_FluidsAndAggregates_Mortar,,"1/4in, Mortar",,,,Thickness,0.25in,,,,Finish1,0RawMaterial-Mortar,,0,C6C6C6,,,,
,,,,,,,,,,,,IconLength,64in,,,,,,,,,,,,
,,,,,,,,,,,,IconHeight,48in,,,,,,,,,,,,
,,9FF312A3-8905-7F44-95DF-A151BE1C0B5D,,Part_3FlexDims0Fixed_FluidsAndAggregates_Glass-Thickness-0.09375in-Finish1-0RawMaterial-Glass-F2F2F2,,Part_3FlexDims0Fixed_FluidsAndAggregates_Glass,,"3/32in, Glass",,,,Thickness,0.09375in,,,,Finish1,0RawMaterial-Glass,,0,F2F2F2,,,,
,,,,,,,,,,,,IconLength,64in,,,,,,,,,,,,
,,,,,,,,,,,,IconHeight,48in,,,,,,,,,,,,
,,F8ED2C7E-0A30-A943-A3D0-8AF230CEF990,,Part_3FlexDims0Fixed_FluidsAndAggregates_Glass-Thickness-0.125in-Finish1-0RawMaterial-Glass-F2F2F2,,Part_3FlexDims0Fixed_FluidsAndAggregates_Glass,,"1/8in, Glass",,,,Thickness,0.125in,,,,Finish1,0RawMaterial-Glass,,0,F2F2F2,,,,
,,,,,,,,,,,,IconLength,64in,,,,,,,,,,,,
,,,,,,,,,,,,IconHeight,48in,,,,,,,,,,,,
,,A1DD967C-AEE8-4A4A-A3C5-EB12F229DE86,,Part_3FlexDims0Fixed_FluidsAndAggregates_Glass-Thickness-0.125in-Finish1-0RawMaterial-Glass-D6DAD8,,Part_3FlexDims0Fixed_FluidsAndAggregates_Glass,,"1/8in, Glass, Slate",,,,Thickness,0.125in,,,,Finish1,0RawMaterial-Glass,,0,D6DAD8,,,,
,,,,,,,,,,,,IconLength,64in,,,,,,,,,,,,
,,,,,,,,,,,,IconHeight,48in,,,,,,,,,,,,
,,19B95F54-17BC-EC40-B498-F6C921E32517,,Part_3FlexDims0Fixed_FluidsAndAggregates_Glass-Thickness-0.25in-Finish1-0RawMaterial-Glass-D6DAD8,,Part_3FlexDims0Fixed_FluidsAndAggregates_Glass,,"1/4in, Glass, Slate",,,,Thickness,0.25in,,,,Finish1,0RawMaterial-Glass,,0,D6DAD8,,,,
,,,,,,,,,,,,IconLength,64in,,,,,,,,,,,,
,,,,,,,,,,,,IconHeight,48in,,,,,,,,,,,,
,,982C5050-DAB8-7842-8A64-87665E995498,,Part_3FlexDims0Fixed_FluidsAndAggregates_Glass-Thickness-1in-Finish1-0RawMaterial-Glass-D6DAD8,,Part_3FlexDims0Fixed_FluidsAndAggregates_Glass,,"1in, Glass, Slate",,,,Thickness,1in,,,,Finish1,0RawMaterial-Glass,,0,D6DAD8,,,,
,,,,,,,,,,,,IconLength,64in,,,,,,,,,,,,
,,,,,,,,,,,,IconHeight,48in,,,,,,,,,,,,
,,3A192F32-959C-674D-8F2F-E3E0E6978E25,,Part_3FlexDims0Fixed_Air-Thickness-0.5in-Finish1-0RawMaterial-Air-FFFFFF,,Part_3FlexDims0Fixed_Air,,"1/2in, Air",,,,Thickness,0.5in,,,,Finish1,0RawMaterial-Air,,0,FFFFFF,,,,
,,,,,,,,,,,,IconLength,64in,,,,,,,,,,,,
,,,,,,,,,,,,IconHeight,48in,,,,,,,,,,,,
,,E93EE6E9-45B9-2C4C-8539-BE9F4D625DE2,,Part_3FlexDims0Fixed_Air-Thickness-0.625in-Finish1-0RawMaterial-Air-FFFFFF,,Part_3FlexDims0Fixed_Air,,"5/8in, Air",,,,Thickness,0.625in,,,,Finish1,0RawMaterial-Air,,0,FFFFFF,,,,
,,,,,,,,,,,,IconLength,64in,,,,,,,,,,,,
,,,,,,,,,,,,IconHeight,48in,,,,,,,,,,,,
,,473E58F0-6730-8744-BE1A-755F19C060F2,,Part_3FlexDims0Fixed_Air-Thickness-0.75in-Finish1-0RawMaterial-Air-FFFFFF,,Part_3FlexDims0Fixed_Air,,"3/4in, Air",,,,Thickness,0.75in,,,,Finish1,0RawMaterial-Air,,0,FFFFFF,,,,
,,,,,,,,,,,,IconLength,64in,,,,,,,,,,,,
,,,,,,,,,,,,IconHeight,48in,,,,,,,,,,,,
,,97710EDC-C02D-0C4A-9256-0785AD461D01,,Part_3FlexDims0Fixed_Air-Thickness-1in-Finish1-0RawMaterial-Air-FFFFFF,,Part_3FlexDims0Fixed_Air,,"1in, Air",,,,Thickness,1in,,,,Finish1,0RawMaterial-Air,,0,FFFFFF,,,,
,,,,,,,,,,,,IconLength,64in,,,,,,,,,,,,
,,,,,,,,,,,,IconHeight,48in,,,,,,,,,,,,
,,243C3642-0DE4-6447-85F1-DD66815B1967,,Part_3FlexDims0Fixed_Air-Thickness-3in-Finish1-0RawMaterial-Air-FFFFFF,,Part_3FlexDims0Fixed_Air,,"3in, Air",,,,Thickness,3in,,,,Finish1,0RawMaterial-Air,,0,FFFFFF,,,,
,,,,,,,,,,,,IconLength,64in,,,,,,,,,,,,
,,,,,,,,,,,,IconHeight,48in,,,,,,,,,,,,
,,09AC71ED-6DE2-334E-9E4F-76CCAA26724E,,Part_3FlexDims0Fixed_Air-Thickness-6in-Finish1-0RawMaterial-Air-FFFFFF,,Part_3FlexDims0Fixed_Air,,"6in, Air",,,,Thickness,6in,,,,Finish1,0RawMaterial-Air,,0,FFFFFF,,,,
,,,,,,,,,,,,IconLength,64in,,,,,,,,,,,,
,,,,,,,,,,,,IconHeight,48in,,,,,,,,,,,,
,,D1728805-E6CA-1244-89A4-4121BFC0A63F,,Part_3FlexDims0Fixed_Air-Thickness-12in-Finish1-0RawMaterial-Air-FFFFFF,,Part_3FlexDims0Fixed_Air,,"12in, Air",,,,Thickness,12in,,,,Finish1,0RawMaterial-Air,,0,FFFFFF,,,,
,,,,,,,,,,,,IconLength,64in,,,,,,,,,,,,
,,,,,,,,,,,,IconHeight,48in,,,,,,,,,,,,
PRESET,,81D6E88E-B4C0-4C42-9DC2-C1AE2FBE26EC,,Part_1FlexDim2Fixed_ModuleLinear_Corrugated Plastic Sheet-Width-0.5in-Depth-0.5in-0Profile-Corrugated Plastic-Finish1-0RawMaterial-Plastic-EAEAEA,,Part_1FlexDim2Fixed_ModuleLinear_Corrugated Plastic Sheet,,Plastic Sheet Corrugation,,,,Width,0.5in,,0Profile-Corrugated Plastic,,Finish1,0RawMaterial-Plastic,,0,EAEAEA,,,,
PRESET,,,,,,,,,,,,Depth,0.5in,,,,,,,,,,,,
PRESET,,A922AC43-59AC-6549-87C7-F93096A7765D,,Part_1FlexDim2Fixed_ModuleLinear_Corrugated Steel Deck-Width-6in-Depth-1.5in-0Profile-Corrugated Steel-Finish1-0RawMaterial-Steel-EAEAEA,,Part_1FlexDim2Fixed_ModuleLinear_Corrugated Steel Deck,,Steel Deck Corrugation,,,,Width,6in,,0Profile-Corrugated Steel,,Finish1,0RawMaterial-Steel,,0,EAEAEA,,,,
PRESET,,,,,,,,,,,,Depth,1.5in,,,,,,,,,,,,
PRESET,,8F359B5B-29B2-E042-9AE7-6E4521EDCAA6,,Part_1FlexDim2Fixed_ModuleLinear_Steel C-Channel-Width-1.625in-Depth-1.625in-0Profile-Steel C-Stud-Finish1-0RawMaterial-Steel-FFFFFF,,Part_1FlexDim2Fixed_ModuleLinear_Steel C-Channel,,1 5/8in Steel C-Channel,,,,Width,1.625in,,0Profile-Steel C-Stud,,Finish1,0RawMaterial-Steel,,0,FFFFFF,,,,
PRESET,,,,,,,,,,,,Depth,1.625in,,,,,,,,,,,,
PRESET,,4FA4288C-F1E8-A04C-8709-DCC4C08CE932,,Part_1FlexDim2Fixed_ModuleLinear_Steel C-Channel-Width-1.625in-Depth-2in-0Profile-Steel C-Stud-Finish1-0RawMaterial-Steel-FFFFFF,,Part_1FlexDim2Fixed_ModuleLinear_Steel C-Channel,,2in Steel C-Channel,,,,Width,1.625in,,0Profile-Steel C-Stud,,Finish1,0RawMaterial-Steel,,0,FFFFFF,,,,
PRESET,,,,,,,,,,,,Depth,2in,,,,,,,,,,,,
PRESET,,298314ED-6EDD-724B-AD7B-67AC9058D8C2,,Part_1FlexDim2Fixed_ModuleLinear_Steel C-Channel-Width-1.625in-Depth-3.625in-0Profile-Steel C-Stud-Finish1-0RawMaterial-Steel-FFFFFF,,Part_1FlexDim2Fixed_ModuleLinear_Steel C-Channel,,3 5/8in Steel C-Channel,,,,Width,1.625in,,0Profile-Steel C-Stud,,Finish1,0RawMaterial-Steel,,0,FFFFFF,,,,
PRESET,,,,,,,,,,,,Depth,3.625in,,,,,,,,,,,,
PRESET,,60BAE8C5-C8E7-6644-AE90-8F637DDCC2F7,,Part_1FlexDim2Fixed_ModuleLinear_Steel C-Channel-Width-1.625in-Depth-6in-0Profile-Steel C-Stud-Finish1-0RawMaterial-Steel-FFFFFF,,Part_1FlexDim2Fixed_ModuleLinear_Steel C-Channel,,6in Steel C-Channel,,,,Width,1.625in,,0Profile-Steel C-Stud,,Finish1,0RawMaterial-Steel,,0,FFFFFF,,,,
PRESET,,,,,,,,,,,,Depth,6in,,,,,,,,,,,,
PRESET,,B725429C-99AA-1B4B-ADB2-5287B756C8D8,,Part_1FlexDim2Fixed_ModuleLinear_Steel C-H Channel-Width-1.5in-Depth-6in-0Profile-Steel C-H Stud-Finish1-0RawMaterial-Steel-FFFFFF,,Part_1FlexDim2Fixed_ModuleLinear_Steel C-H Channel,,6in Steel C-H Channel,,,,Width,1.5in,,0Profile-Steel C-H Stud,,Finish1,0RawMaterial-Steel,,0,FFFFFF,,,,
PRESET,,,,,,,,,,,,Depth,6in,,,,,,,,,,,,
PRESET,,C3BF9140-C199-3C48-9D52-9DCEE1448B3C,,Part_1FlexDim2Fixed_ModuleLinear_Steel Hat Channel-Width-1.25in-Depth-0.875in-0Profile-Steel Hat Channel-Finish1-0RawMaterial-Steel-FFFFFF,,Part_1FlexDim2Fixed_ModuleLinear_Steel Hat Channel,,7/8in Steel Hat Channel,,,,Width,1.25in,,0Profile-Steel Hat Channel,,Finish1,0RawMaterial-Steel,,0,FFFFFF,,,,
PRESET,,,,,,,,,,,,Depth,0.875in,,,,,,,,,,,,
PRESET,,6A10F201-C958-BE43-BC43-8B261843B232,,Part_1FlexDim2Fixed_ModuleLinear_Steel Web Joist-Width-3.5in-Depth-11.875in-0Profile-Solid Rectangle-Finish1-0RawMaterial-Steel-FFFFFF,,Part_1FlexDim2Fixed_ModuleLinear_Steel Web Joist,,12in Steel Web Joist,,,,Width,3.5in,,0Profile-Solid Rectangle,,Finish1,0RawMaterial-Steel,,0,FFFFFF,,,,
PRESET,,,,,,,,,,,,Depth,11.875in,,,,,,,,,,,,
PRESET,,E4A2E3C1-F6FC-7A49-9815-B951B7031A07,,Part_1FlexDim2Fixed_ModuleLinear_Steel Z Channel-Width-1.5in-Depth-1.5in-0Profile-Steel Z Channel-Finish1-0RawMaterial-Steel-FFFFFF,,Part_1FlexDim2Fixed_ModuleLinear_Steel Z Channel,,1.5in Steel Z Channel,,,,Width,1.5in,,0Profile-Steel Z Channel,,Finish1,0RawMaterial-Steel,,0,FFFFFF,,,,
PRESET,,,,,,,,,,,,Depth,1.5in,,,,,,,,,,,,
PRESET,,26F13812-2EC2-C148-BB29-7D472530BE9A,,Part_1FlexDim2Fixed_ModuleLinear_Steel Z Channel-Width-1.5in-Depth-2in-0Profile-Steel Z Channel-Finish1-0RawMaterial-Steel-FFFFFF,,Part_1FlexDim2Fixed_ModuleLinear_Steel Z Channel,,2in Steel Z Channel,,,,Width,1.5in,,0Profile-Steel Z Channel,,Finish1,0RawMaterial-Steel,,0,FFFFFF,,,,
PRESET,,,,,,,,,,,,Depth,2in,,,,,,,,,,,,
PRESET,,CC8CBEE4-A8DA-2B49-9718-9503AA90282E,,Part_1FlexDim2Fixed_ModuleLinear_Wood Lumber-Width-0.75in-Depth-0.75in-0Profile-Solid Rectangle-Finish1-0RawMaterial-Spruce-Pine-Fir-FFFFFF,,Part_1FlexDim2Fixed_ModuleLinear_Wood Lumber,,Typical 1x1,,,,Width,0.75in,,0Profile-Solid Rectangle,,Finish1,0RawMaterial-Spruce-Pine-Fir,,0,FFFFFF,,,,
PRESET,,,,,,,,,,,,Depth,0.75in,,,,,,,,,,,,
PRESET,,A63FB8FC-4995-784F-AED6-A9555FC5D160,,Part_1FlexDim2Fixed_ModuleLinear_Wood Lumber-Width-1.5in-Depth-3.5in-0Profile-Solid Rectangle-Finish1-0RawMaterial-Spruce-Pine-Fir-FFFFFF,,Part_1FlexDim2Fixed_ModuleLinear_Wood Lumber,,Typical 2x4,,,,Width,1.5in,,0Profile-Solid Rectangle,,Finish1,0RawMaterial-Spruce-Pine-Fir,,0,FFFFFF,,,,
PRESET,,,,,,,,,,,,Depth,3.5in,,,,,,,,,,,,
PRESET,,1B7B4631-DB85-5A4A-8A2D-B7610B8FCE04,,Part_1FlexDim2Fixed_ModuleLinear_Wood Lumber-Width-1.5in-Depth-5.5in-0Profile-Solid Rectangle-Finish1-0RawMaterial-Spruce-Pine-Fir-FFFFFF,,Part_1FlexDim2Fixed_ModuleLinear_Wood Lumber,,Typical 2x6,,,,Width,1.5in,,0Profile-Solid Rectangle,,Finish1,0RawMaterial-Spruce-Pine-Fir,,0,FFFFFF,,,,
PRESET,,,,,,,,,,,,Depth,5.5in,,,,,,,,,,,,
PRESET,,EA5046D2-0BD7-3B4C-9C81-80A411751CAE,,Part_1FlexDim2Fixed_ModuleLinear_Wood Lumber-Width-1.5in-Depth-7.25in-0Profile-Solid Rectangle-Finish1-0RawMaterial-Spruce-Pine-Fir-FFFFFF,,Part_1FlexDim2Fixed_ModuleLinear_Wood Lumber,,Typical 2x8,,,,Width,1.5in,,0Profile-Solid Rectangle,,Finish1,0RawMaterial-Spruce-Pine-Fir,,0,FFFFFF,,,,
PRESET,,,,,,,,,,,,Depth,7.25in,,,,,,,,,,,,
PRESET,,5891C10C-287E-DB47-BD59-5B339A2D837B,,Part_1FlexDim2Fixed_ModuleLinear_Wood Lumber-Width-1.5in-Depth-9.25in-0Profile-Solid Rectangle-Finish1-0RawMaterial-Spruce-Pine-Fir-FFFFFF,,Part_1FlexDim2Fixed_ModuleLinear_Wood Lumber,,Typical 2x10,,,,Width,1.5in,,0Profile-Solid Rectangle,,Finish1,0RawMaterial-Spruce-Pine-Fir,,0,FFFFFF,,,,
PRESET,,,,,,,,,,,,Depth,9.25in,,,,,,,,,,,,
PRESET,,A489DF60-6EFF-4E49-99D1-4492E3C8DCC5,,Part_1FlexDim2Fixed_ModuleLinear_Wood Lumber-Width-1.5in-Depth-3.5in-0Profile-Solid Rectangle-Finish1-0RawMaterial-Wood Strands-FFFFFF,,Part_1FlexDim2Fixed_ModuleLinear_Wood Lumber,,Engineered Wood 2x4,,,,Width,1.5in,,0Profile-Solid Rectangle,,Finish1,0RawMaterial-Wood Strands,,0,FFFFFF,,,,
PRESET,,,,,,,,,,,,Depth,3.5in,,,,,,,,,,,,
PRESET,,DBAA7B05-F890-E148-BCC6-C877EDAE5D80,,Part_1FlexDim2Fixed_ModuleLinear_Wood Lumber-Width-1.5in-Depth-7.25in-0Profile-Solid Rectangle-Finish1-0RawMaterial-Wood Strands-FFFFFF,,Part_1FlexDim2Fixed_ModuleLinear_Wood Lumber,,Engineered Wood 2x8,,,,Width,1.5in,,0Profile-Solid Rectangle,,Finish1,0RawMaterial-Wood Strands,,0,FFFFFF,,,,
PRESET,,,,,,,,,,,,Depth,7.25in,,,,,,,,,,,,
PRESET,,AAE27365-3877-B74D-B7C1-B374F502C209,,Part_1FlexDim2Fixed_ModuleLinear_Wood Web Joist-Width-3.5in-Depth-11.875in-0Profile-Solid Rectangle-Finish1-0RawMaterial-Spruce-Pine-Fir-FFFFFF,,Part_1FlexDim2Fixed_ModuleLinear_Wood Web Joist,,12in Wood Web Joist,,,,Width,3.5in,,0Profile-Solid Rectangle,,Finish1,0RawMaterial-Spruce-Pine-Fir,,0,FFFFFF,,,,
PRESET,,,,,,,,,,,,Depth,11.875in,,,,,,,,,,,,
PRESET,,90F77BEF-A698-6641-90B3-A8D4BB8A3A6E,,"Part_1FlexDim2Fixed_ModuleLinear_Wood-Chord, Steel-Web Joist-Width-3.5in-Depth-11.875in-0Profile-Solid Rectangle-Finish1-0RawMaterial-Spruce-Pine-Fir-FFFFFF",,"Part_1FlexDim2Fixed_ModuleLinear_Wood-Chord, Steel-Web Joist",,12in Wood-Chord Steel-Web Joist,,,,Width,3.5in,,0Profile-Solid Rectangle,,Finish1,0RawMaterial-Spruce-Pine-Fir,,0,FFFFFF,,,,
PRESET,,,,,,,,,,,,Depth,11.875in,,,,,,,,,,,,
,,#NAME?,,Part_1FlexDim2Fixed_ExtrudedProfile_BeamColumn_Concrete Rectangular-Diameter-6in-0Profile-Plate Section-Finish1-0RawMaterial-Concrete (Normal Aggregate)-D6D7D8,,Part_1FlexDim2Fixed_ExtrudedProfile_BeamColumn_Concrete Rectangular,,"6in, Concrete (Normal Aggregate)",,,,Diameter,6in,,0Profile-Plate Section,,Finish1,0RawMaterial-Concrete (Normal Aggregate),,0,D6D7D8,,,,
,,,,,,,,,,,,IconLength,48in,,,,,,,,,,,,
,,,,Part_1FlexDim2Fixed_ExtrudedProfile_BeamColumn_Concrete Round-Diameter-12in-0Profile-Tube Steel-Finish1-0RawMaterial-Concrete (Normal Aggregate)-D6D7D8,,Part_1FlexDim2Fixed_ExtrudedProfile_BeamColumn_Concrete Round,,"12in, Concrete (Normal Aggregate)",,,,Diameter,12in,,0Profile-Tube Steel,,Finish1,0RawMaterial-Concrete (Normal Aggregate),,0,D6D7D8,,,,
,,,,,,,,,,,,IconLength,48in,,,,,,,,,,,,
,,,,"Part_1FlexDim2Fixed_ExtrudedProfile_BeamColumn_Steel C-Width-1.75in-Depth-5in-WebThickness-0.325in-FlangeThickness-0.32in-0Profile-Channel, C-Finish1-0RawMaterial-Steel-FFFFFF",,Part_1FlexDim2Fixed_ExtrudedProfile_BeamColumn_Steel C,,"C5X9, Steel",,,,Width,1.75in,,"0Profile-Channel, C",,Finish1,0RawMaterial-Steel,,0,FFFFFF,,,,
,,,,,,,,,,,,Depth,5in,,,,,,,,,,,,
,,,,,,,,,,,,WebThickness,0.325in,,,,,,,,,,,,
,,,,,,,,,,,,FlangeThickness,0.32in,,,,,,,,,,,,
,,,,,,,,,,,,IconLength,48in,,,,,,,,,,,,
,,,,"Part_1FlexDim2Fixed_ExtrudedProfile_BeamColumn_Steel HSS-Width-10in-Depth-12in-Thickness-0.233in-0Profile-Hollow Structural Section, HSS-Finish1-0RawMaterial-Steel-FFFFFF",,Part_1FlexDim2Fixed_ExtrudedProfile_BeamColumn_Steel HSS,,"HSS12X10X1/4, Steel",,,,Width,10in,,"0Profile-Hollow Structural Section, HSS",,Finish1,0RawMaterial-Steel,,0,FFFFFF,,,,
,,,,,,,,,,,,Depth,12in,,,,,,,,,,,,
,,,,,,,,,,,,Thickness,0.233in,,,,,,,,,,,,
,,,,,,,,,,,,IconLength,48in,,,,,,,,,,,,
,,,,"Part_1FlexDim2Fixed_ExtrudedProfile_BeamColumn_Steel L-Width-4in-Depth-12in-WebThickness-0.28in-FlangeThickness-0.28in-0Profile-Angle, L-Finish1-0RawMaterial-Steel-FFFFFF",,Part_1FlexDim2Fixed_ExtrudedProfile_BeamColumn_Steel L,,"HSS12X4X5/8, Steel",,,,Width,4in,,"0Profile-Angle, L",,Finish1,0RawMaterial-Steel,,0,FFFFFF,,,,
,,,,,,,,,,,,Depth,12in,,,,,,,,,,,,
,,,,,,,,,,,,WebThickness,0.28in,,,,,,,,,,,,
,,,,,,,,,,,,FlangeThickness,0.28in,,,,,,,,,,,,
,,,,,,,,,,,,IconLength,48in,,,,,,,,,,,,
,,,,Part_1FlexDim2Fixed_ExtrudedProfile_BeamColumn_Steel Tube-Diameter-4.5in-Thickness-0.337in-0Profile-Tube Steel-Finish1-0RawMaterial-Steel-FFFFFF,,Part_1FlexDim2Fixed_ExtrudedProfile_BeamColumn_Steel Tube,,"D4X0.337, Steel",,,,Diameter,4.5in,,0Profile-Tube Steel,,Finish1,0RawMaterial-Steel,,0,FFFFFF,,,,
,,,,,,,,,,,,Thickness,0.337in,,,,,,,,,,,,
,,,,,,,,,,,,IconLength,48in,,,,,,,,,,,,
,,,,"Part_1FlexDim2Fixed_ExtrudedProfile_BeamColumn_Steel W-Width-11.2in-Depth-19.5in-WebThickness-1.32in-FlangeThickness-0.73in-0Profile-Wide Flange, W-Finish1-0RawMaterial-Steel-FFFFFF",,Part_1FlexDim2Fixed_ExtrudedProfile_BeamColumn_Steel W,,"W18X143, Steel",,,,Width,11.2in,,"0Profile-Wide Flange, W",,Finish1,0RawMaterial-Steel,,0,FFFFFF,,,,
,,,,,,,,,,,,Depth,19.5in,,,,,,,,,,,,
,,,,,,,,,,,,WebThickness,1.32in,,,,,,,,,,,,
,,,,,,,,,,,,FlangeThickness,0.73in,,,,,,,,,,,,
,,,,,,,,,,,,IconLength,48in,,,,,,,,,,,,
,,,,"Part_1FlexDim2Fixed_ExtrudedProfile_BeamColumn_Steel WT-Width-12.9in-Depth-11.8in-WebThickness-0.505in-FlangeThickness-0.395in-0Profile-Tee, WT-Finish1-0RawMaterial-Steel-FFFFFF",,Part_1FlexDim2Fixed_ExtrudedProfile_BeamColumn_Steel WT,,"WT12X27.5, Steel",,,,Width,12.9in,,"0Profile-Tee, WT",,Finish1,0RawMaterial-Steel,,0,FFFFFF,,,,
,,,,,,,,,,,,Depth,11.8in,,,,,,,,,,,,
,,,,,,,,,,,,WebThickness,0.505in,,,,,,,,,,,,
,,,,,,,,,,,,FlangeThickness,0.395in,,,,,,,,,,,,
,,,,,,,,,,,,IconLength,48in,,,,,,,,,,,,
,,,,Part_1FlexDim2Fixed_ExtrudedProfile_BeamColumn_Stone Rectangular-Width-12in-Depth-12in-0Profile-Plate Section-Finish1-0RawMaterial-Basalt-FFFFFF,,Part_1FlexDim2Fixed_ExtrudedProfile_BeamColumn_Stone Rectangular,,"12in x 12in, Basalt",,,,Width,12in,,0Profile-Plate Section,,Finish1,0RawMaterial-Basalt,,0.05,FFFFFF,,,,
,,,,,,,,,,,,Depth,12in,,,,,,,,,,,,
,,,,,,,,,,,,IconLength,48in,,,,,,,,,,,,
,,,,Part_1FlexDim2Fixed_ExtrudedProfile_BeamColumn_Stone Round-Diameter-12in-0Profile-Tube Steel-Finish1-0RawMaterial-Granite (Grey 1)-FFFFFF,,Part_1FlexDim2Fixed_ExtrudedProfile_BeamColumn_Stone Round,,"12in, Granite (Black 1)",,,,Diameter,12in,,0Profile-Tube Steel,,Finish1,0RawMaterial-Granite (Grey 1),,0.05,FFFFFF,,,,
,,,,,,,,,,,,IconLength,48in,,,,,,,,,,,,
,,,,Part_1FlexDim2Fixed_ExtrudedProfile_BeamColumn_Wood Rectangular-Width-8in-Depth-8in-0Profile-Plate Section-Finish1-0RawMaterial-Oak (White)-FFFFFF,,Part_1FlexDim2Fixed_ExtrudedProfile_BeamColumn_Wood Rectangular,,"8in x 8in, Oak (White)",,,,Width,8in,,0Profile-Plate Section,,Finish1,0RawMaterial-Oak (White),,0.05,FFFFFF,,,,
,,,,,,,,,,,,Depth,8in,,,,,,,,,,,,
,,,,,,,,,,,,IconLength,48in,,,,,,,,,,,,
,,,,Part_1FlexDim2Fixed_ExtrudedProfile_BeamColumn_Wood Round-Diameter-8in-0Profile-Tube Steel-Finish1-0RawMaterial-Cedar (Western Red)-FFFFFF,,Part_1FlexDim2Fixed_ExtrudedProfile_BeamColumn_Wood Round,,"8in, Cedar (White)",,,,Diameter,8in,,0Profile-Tube Steel,,Finish1,0RawMaterial-Cedar (Western Red),,0.05,FFFFFF,,,,
,,,,,,,,,,,,IconLength,48in,,,,,,,,,,,,
,,,,Part_1FlexDim2Fixed_ExtrudedProfile_BeamColumn_Wood Round-Diameter-12in-0Profile-Tube Steel-Finish1-0RawMaterial-Oak (Red)-FFFFFF,,Part_1FlexDim2Fixed_ExtrudedProfile_BeamColumn_Wood Round,,"12in, Oak (Red)",,,,Diameter,12in,,0Profile-Tube Steel,,Finish1,0RawMaterial-Oak (Red),,0.05,FFFFFF,,,,
,,,,,,,,,,,,IconLength,48in,,,,,,,,,,,,
,,,,Part_1FlexDim2Fixed_ExtrudedProfile_Mullion-Width-2in-Depth-3in-0Profile-Rectangular Mullion-Finish1-0RawMaterial-Aluminum-FFFFFF,,Part_1FlexDim2Fixed_ExtrudedProfile_Mullion,,"2in x 3in, Aluminum, Pure White",,,,Width,2in,,0Profile-Rectangular Mullion,,Finish1,0RawMaterial-Aluminum,,0,FFFFFF,,,,
,,,,,,,,,,,,Depth,3in,,,,,,,,,,,,
,,,,,,,,,,,,IconLength,48in,,,,,,,,,,,,
,,,,Part_1FlexDim2Fixed_ExtrudedProfile_Mullion-Width-2in-Depth-4in-0Profile-Rectangular Mullion-Finish1-0RawMaterial-Aluminum-FFFFFF,,Part_1FlexDim2Fixed_ExtrudedProfile_Mullion,,"2in x 4in, Aluminum, Light Gray",,,,Width,2in,,0Profile-Rectangular Mullion,,Finish1,0RawMaterial-Aluminum,,0,FFFFFF,,,,
,,,,,,,,,,,,Depth,4in,,,,,,,,,,,,
,,,,,,,,,,,,IconLength,48in,,,,,,,,,,,,
,,,,Part_1FlexDim2Fixed_ExtrudedProfile_Mullion-Width-2in-Depth-6in-0Profile-Rectangular Mullion-Finish1-0RawMaterial-Aluminum-FFFFFF,,Part_1FlexDim2Fixed_ExtrudedProfile_Mullion,,"2in x 6in, Aluminum, Sandstone",,,,Width,2in,,0Profile-Rectangular Mullion,,Finish1,0RawMaterial-Aluminum,,0,FFFFFF,,,,
,,,,,,,,,,,,Depth,6in,,,,,,,,,,,,
,,,,,,,,,,,,IconLength,48in,,,,,,,,,,,,
,,,,"Part_1FlexDim2Fixed_ExtrudedProfile_Stringer-Width-7in-Depth-7in-Thickness-0.233-0Profile-Hollow Structural Section, HSS-Finish1-0RawMaterial-Steel-FFFFFF",,Part_1FlexDim2Fixed_ExtrudedProfile_Stringer,,"HSS7X7X1/4, Steel",,,,Width,7in,,"0Profile-Hollow Structural Section, HSS",,Finish1,0RawMaterial-Steel,,0,FFFFFF,,,,
,,,,,,,,,,,,Depth,7in,,,,,,,,,,,,
,,,,,,,,,,,,Thickness,0.233,,,,,,,,,,,,
,,,,,,,,,,,,IconLength,48in,,,,,,,,,,,,
,,,,"Part_1FlexDim2Fixed_ExtrudedProfile_Stringer-Width-3in-Depth-7in-Thickness-0.465in-0Profile-Hollow Structural Section, HSS-Finish1-0RawMaterial-Steel-FFFFFF",,Part_1FlexDim2Fixed_ExtrudedProfile_Stringer,,"HSS7X3X1/2, Tin, Pure White",,,,Width,3in,,"0Profile-Hollow Structural Section, HSS",,Finish1,0RawMaterial-Steel,,0,FFFFFF,,,,
,,,,,,,,,,,,Depth,7in,,,,,,,,,,,,
,,,,,,,,,,,,Thickness,0.465in,,,,,,,,,,,,
,,,,,,,,,,,,IconLength,48in,,,,,,,,,,,,
,,,,"Part_1FlexDim2Fixed_ExtrudedProfile_Trim_FloorMoulding-Width-3.5in-Depth-0.625in-0Profile-Colonial Base, 3 1/2""-Finish1-0RawMaterial-Paint-F3F1ED",,Part_1FlexDim2Fixed_ExtrudedProfile_Trim_FloorMoulding,,"3.5in x .625in, Paint, Gentle White",,,,Width,3.5in,,"0Profile-Colonial Base, 3 1/2""",,Finish1,0RawMaterial-Paint,,0,F3F1ED,,,,
,,,,,,,,,,,,Depth,0.625in,,,,,,,,,,,,
,,,,,,,,,,,,IconLength,48in,,,,,,,,,,,,
,,,,"Part_1FlexDim2Fixed_ExtrudedProfile_Trim_FloorMoulding-Width-5.5in-Depth-0.625in-0Profile-Colonial Base, 5 1/4""-Finish1-0RawMaterial-Paint-C4C4C4",,Part_1FlexDim2Fixed_ExtrudedProfile_Trim_FloorMoulding,,"5.25in x .625in, Paint, Grey",,,,Width,5.5in,,"0Profile-Colonial Base, 5 1/4""",,Finish1,0RawMaterial-Paint,,0,C4C4C4,,,,
,,,,,,,,,,,,Depth,0.625in,,,,,,,,,,,,
,,,,,,,,,,,,IconLength,48in,,,,,,,,,,,,
,,,,"Part_1FlexDim2Fixed_ExtrudedProfile_Trim_FloorMoulding-Width-4in-Depth-0.625in-0Profile-Cove, 4""-Finish1-0RawMaterial-Paint-F3F1ED",,Part_1FlexDim2Fixed_ExtrudedProfile_Trim_FloorMoulding,,"4in x .625in, Paint, Gentle White",,,,Width,4in,,"0Profile-Cove, 4""",,Finish1,0RawMaterial-Paint,,0,F3F1ED,,,,
,,,,,,,,,,,,Depth,0.625in,,,,,,,,,,,,
,,,,,,,,,,,,IconLength,48in,,,,,,,,,,,,
,,,,"Part_1FlexDim2Fixed_ExtrudedProfile_Trim_FloorMoulding-Width-6in-Depth-0.625in-0Profile-Cove, 6""-Finish1-0RawMaterial-Paint-C4C4C4",,Part_1FlexDim2Fixed_ExtrudedProfile_Trim_FloorMoulding,,"6in x .625in, Paint, Grey",,,,Width,6in,,"0Profile-Cove, 6""",,Finish1,0RawMaterial-Paint,,0,C4C4C4,,,,
,,,,,,,,,,,,Depth,0.625in,,,,,,,,,,,,
,,,,,,,,,,,,IconLength,48in,,,,,,,,,,,,
,,,,"Part_1FlexDim2Fixed_ExtrudedProfile_Trim_FloorMoulding-Width-5.25in-Depth-0.5625in-0Profile-Victorian, 5 1/4""-Finish1-0RawMaterial-Paint-F3F1ED",,Part_1FlexDim2Fixed_ExtrudedProfile_Trim_FloorMoulding,,"5.25in x .5625in, Paint, Gentle White",,,,Width,5.25in,,"0Profile-Victorian, 5 1/4""",,Finish1,0RawMaterial-Paint,,0,F3F1ED,,,,
,,,,,,,,,,,,Depth,0.5625in,,,,,,,,,,,,
,,,,,,,,,,,,IconLength,48in,,,,,,,,,,,,
,,,,"Part_1FlexDim2Fixed_ExtrudedProfile_Trim_FloorMoulding-Width-6.375in-Depth-0.75in-0Profile-Victorian, 6 1/2""-Finish1-0RawMaterial-Paint-C4C4C4",,Part_1FlexDim2Fixed_ExtrudedProfile_Trim_FloorMoulding,,"6.375in x .75in, Paint, Grey",,,,Width,6.375in,,"0Profile-Victorian, 6 1/2""",,Finish1,0RawMaterial-Paint,,0,C4C4C4,,,,
,,,,,,,,,,,,Depth,0.75in,,,,,,,,,,,,
,,,,,,,,,,,,IconLength,48in,,,,,,,,,,,,
,,,,"Part_1FlexDim2Fixed_ExtrudedProfile_Trim_FloorMoulding-Width-3.5in-Depth-1in-0Profile-Rectangle, 3 1/2"" x 1""-Finish1-0RawMaterial-Paint-F3F1ED",,Part_1FlexDim2Fixed_ExtrudedProfile_Trim_FloorMoulding,,"3.5in x 1in, Paint, Gentle White",,,,Width,3.5in,,"0Profile-Rectangle, 3 1/2"" x 1""",,Finish1,0RawMaterial-Paint,,0,F3F1ED,,,,
,,,,,,,,,,,,Depth,1in,,,,,,,,,,,,
,,,,,,,,,,,,IconLength,48in,,,,,,,,,,,,
,,,,"Part_1FlexDim2Fixed_ExtrudedProfile_Trim_FloorMoulding-Width-1in-Depth-1in-0Profile-Rectangle, 1"" x 1""-Finish1-0RawMaterial-Paint-C4C4C4",,Part_1FlexDim2Fixed_ExtrudedProfile_Trim_FloorMoulding,,"1in x 1in, Paint, Grey",,,,Width,1in,,"0Profile-Rectangle, 1"" x 1""",,Finish1,0RawMaterial-Paint,,0,C4C4C4,,,,
,,,,,,,,,,,,Depth,1in,,,,,,,,,,,,
,,,,,,,,,,,,IconLength,48in,,,,,,,,,,,,
,,,,"Part_1FlexDim2Fixed_ExtrudedProfile_Trim_FloorMoulding-Width-1.5in-Depth-1.5in-0Profile-Rectangle, 1 1/2"" x 1 1/2""-Finish1-0RawMaterial-Paint-F3F1ED",,Part_1FlexDim2Fixed_ExtrudedProfile_Trim_FloorMoulding,,"1.5in x 1.5in, Paint, Gentle White",,,,Width,1.5in,,"0Profile-Rectangle, 1 1/2"" x 1 1/2""",,Finish1,0RawMaterial-Paint,,0,F3F1ED,,,,
,,,,,,,,,,,,Depth,1.5in,,,,,,,,,,,,
,,,,,,,,,,,,IconLength,48in,,,,,,,,,,,,
,,,,"Part_1FlexDim2Fixed_ExtrudedProfile_Trim_FloorMoulding-Width-3in-Depth-1in-0Profile-Windsor, 3""-Finish1-0RawMaterial-Paint-C4C4C4",,Part_1FlexDim2Fixed_ExtrudedProfile_Trim_FloorMoulding,,"3in x 1in, Paint, Grey",,,,Width,3in,,"0Profile-Windsor, 3""",,Finish1,0RawMaterial-Paint,,0,C4C4C4,,,,
,,,,,,,,,,,,Depth,1in,,,,,,,,,,,,
,,,,,,,,,,,,IconLength,48in,,,,,,,,,,,,
,,,,Part_1FlexDim2Fixed_ExtrudedProfile_Trim_FloorMoulding-Width-3.3125in-Depth-3.25in-0Profile-Crown 1-Finish1-0RawMaterial-Paint-F3F1ED,,Part_1FlexDim2Fixed_ExtrudedProfile_Trim_FloorMoulding,,"3.3125in x 3.25in, Paint, Gentle White",,,,Width,3.3125in,,0Profile-Crown 1,,Finish1,0RawMaterial-Paint,,0,F3F1ED,,,,
,,,,,,,,,,,,Depth,3.25in,,,,,,,,,,,,
,,,,,,,,,,,,IconLength,48in,,,,,,,,,,,,
PRESET,,C51177E1-5840-2C47-8A4F-1019893512CB,,Part_0FlexDims3Fixed_ModulePlanar_Board/Panel_Cement-Length-60in-Width-36in-Thickness-0.375in-BevelWidth-0.125in-Finish1-0RawMaterial-Cement-D6D7D8,,Part_0FlexDims3Fixed_ModulePlanar_Board/Panel_Cement,,Cement Board,,,,Length,60in,,,,Finish1,0RawMaterial-Cement,,0.02,D6D7D8,,,,
PRESET,,,,,,,,,,,,Width,36in,,,,,,,,,,,,
PRESET,,,,,,,,,,,,Thickness,0.375in,,,,,,,,,,,,
PRESET,,,,,,,,,,,,BevelWidth,0.125in,,,,,,,,,,,,
PRESET,,50A53205-7237-A547-A742-5D39DE7BD930,,Part_0FlexDims3Fixed_ModulePlanar_Board/Panel_Cementitious Wood Fiber-Length-24in-Width-24in-Thickness-0.375in-BevelWidth-0.125in-Finish1-0RawMaterial-Cementitious Wood Fiber-FFFFFF,,Part_0FlexDims3Fixed_ModulePlanar_Board/Panel_Cementitious Wood Fiber,,Cementitious Wood Fiber Board,,,,Length,24in,,,,Finish1,0RawMaterial-Cementitious Wood Fiber,,0.02,FFFFFF,,,,
PRESET,,,,,,,,,,,,Width,24in,,,,,,,,,,,,
PRESET,,,,,,,,,,,,Thickness,0.375in,,,,,,,,,,,,
PRESET,,,,,,,,,,,,BevelWidth,0.125in,,,,,,,,,,,,
PRESET,,DB80DBA9-23E5-1541-9BEA-01C3292E88FE,,Part_0FlexDims3Fixed_ModulePlanar_Board/Panel_Foam-Length-96in-Width-48in-Thickness-1in-BevelWidth-0.125in-Finish1-0RawMaterial-Foam (Extruded Polystyrene)-ECB9BE,,Part_0FlexDims3Fixed_ModulePlanar_Board/Panel_Foam,,Foam Board,,,,Length,96in,,,,Finish1,0RawMaterial-Foam (Extruded Polystyrene),,0.02,ECB9BE,,,,
PRESET,,,,,,,,,,,,Width,48in,,,,,,,,,,,,
PRESET,,,,,,,,,,,,Thickness,1in,,,,,,,,,,,,
PRESET,,,,,,,,,,,,BevelWidth,0.125in,,,,,,,,,,,,
PRESET,,C90E78D0-9F2F-CB43-A54D-AE4985EED15F,,Part_0FlexDims3Fixed_ModulePlanar_Board/Panel_Foam-Length-96in-Width-48in-Thickness-1in-BevelWidth-0.125in-Finish1-0RawMaterial-Foam (Polyethylene)-FAFAFA,,Part_0FlexDims3Fixed_ModulePlanar_Board/Panel_Foam,,Foam Board,,,,Length,96in,,,,Finish1,0RawMaterial-Foam (Polyethylene),,0.02,FAFAFA,,,,
PRESET,,,,,,,,,,,,Width,48in,,,,,,,,,,,,
PRESET,,,,,,,,,,,,Thickness,1in,,,,,,,,,,,,
PRESET,,,,,,,,,,,,BevelWidth,0.125in,,,,,,,,,,,,
PRESET,,4D2FB10B-C73B-884E-A721-FADA22117D5A,,Part_0FlexDims3Fixed_ModulePlanar_Board/Panel_Foam-Length-96in-Width-48in-Thickness-2in-BevelWidth-0.125in-Finish1-0RawMaterial-Foam (Polyisocyanurate)-FAF1D0,,Part_0FlexDims3Fixed_ModulePlanar_Board/Panel_Foam,,Foam Board,,,,Length,96in,,,,Finish1,0RawMaterial-Foam (Polyisocyanurate),,0.02,FAF1D0,,,,
PRESET,,,,,,,,,,,,Width,48in,,,,,,,,,,,,
PRESET,,,,,,,,,,,,Thickness,2in,,,,,,,,,,,,
PRESET,,,,,,,,,,,,BevelWidth,0.125in,,,,,,,,,,,,
PRESET,,460F6C66-9EFC-BC43-8064-6145784EC704,,Part_0FlexDims3Fixed_ModulePlanar_Board/Panel_Fiber Cement-Length-120in-Width-6in-Thickness-0.75in-BevelWidth-0.5in-Finish1-0RawMaterial-Fibre Cement-DFE2E7,,Part_0FlexDims3Fixed_ModulePlanar_Board/Panel_Fiber Cement,,Fiber Cement Board,,,,Length,120in,,,,Finish1,0RawMaterial-Fibre Cement,,0.02,DFE2E7,,,,
PRESET,,,,,,,,,,,,Width,6in,,,,,,,,,,,,
PRESET,,,,,,,,,,,,Thickness,0.75in,,,,,,,,,,,,
PRESET,,,,,,,,,,,,BevelWidth,0.5in,,,,,,,,,,,,
PRESET,,A788F6A4-EB23-AE4F-A51A-952BAB652F69,,Part_0FlexDims3Fixed_ModulePlanar_Board/Panel_Gypsum-Length-96in-Width-48in-Thickness-0.5in-BevelWidth-0in-Finish1-0RawMaterial-Gypsum (Type X)-D6D7D1,,Part_0FlexDims3Fixed_ModulePlanar_Board/Panel_Gypsum,,Gypsum Board,,,,Length,96in,,,,Finish1,0RawMaterial-Gypsum (Type X),,0,D6D7D1,,,,
PRESET,,,,,,,,,,,,Width,48in,,,,,,,,,,,,
PRESET,,,,,,,,,,,,Thickness,0.5in,,,,,,,,,,,,
PRESET,,,,,,,,,,,,BevelWidth,0in,,,,,,,,,,,,
PRESET,,C2E99AF4-20F8-0449-B2FE-5E2FC286DD3C,,Part_0FlexDims3Fixed_ModulePlanar_Board/Panel_Gypsum-Length-96in-Width-48in-Thickness-0.625in-BevelWidth-oin-Finish1-0RawMaterial-Gypsum (Type X)-D6D7D1,,Part_0FlexDims3Fixed_ModulePlanar_Board/Panel_Gypsum,,Gypsum Board,,,,Length,96in,,,,Finish1,0RawMaterial-Gypsum (Type X),,0,D6D7D1,,,,
PRESET,,,,,,,,,,,,Width,48in,,,,,,,,,,,,
PRESET,,,,,,,,,,,,Thickness,0.625in,,,,,,,,,,,,
PRESET,,,,,,,,,,,,BevelWidth,oin,,,,,,,,,,,,
PRESET,,7D0A4694-AB5F-DD40-ABA5-2CDF0C516842,,Part_0FlexDims3Fixed_ModulePlanar_Board/Panel_MDF (Medium-Density Fiberboard)-Length-96in-Width-48in-Thickness-0.5in-BevelWidth-0.125in-Finish1-0RawMaterial-Wood Particles-FFFFFF,,Part_0FlexDims3Fixed_ModulePlanar_Board/Panel_MDF (Medium-Density Fiberboard),,MDF Board,,,,Length,96in,,,,Finish1,0RawMaterial-Wood Particles,,0.02,FFFFFF,,,,
PRESET,,,,,,,,,,,,Width,48in,,,,,,,,,,,,
PRESET,,,,,,,,,,,,Thickness,0.5in,,,,,,,,,,,,
PRESET,,,,,,,,,,,,BevelWidth,0.125in,,,,,,,,,,,,
PRESET,,EA757722-3E5F-5C4D-A827-57383DE0A772,,Part_0FlexDims3Fixed_ModulePlanar_Board/Panel_Metal-Length-12in-Width-12in-Thickness-0.25in-BevelWidth-0.125in-Finish1-0RawMaterial-Aluminum-FFFFFF,,Part_0FlexDims3Fixed_ModulePlanar_Board/Panel_Metal,,Metal Panel,,,,Length,12in,,,,Finish1,0RawMaterial-Aluminum,,0.05,FFFFFF,,,,
PRESET,,,,,,,,,,,,Width,12in,,,,,,,,,,,,
PRESET,,,,,,,,,,,,Thickness,0.25in,,,,,,,,,,,,
PRESET,,,,,,,,,,,,BevelWidth,0.125in,,,,,,,,,,,,
PRESET,,2B0A2641-F937-9A45-A3F9-C78EF114387C,,Part_0FlexDims3Fixed_ModulePlanar_Board/Panel_Metal-Length-16in-Width-12in-Thickness-0.5in-BevelWidth-0.125in-Finish1-0RawMaterial-Aluminum-D0C0A9,,Part_0FlexDims3Fixed_ModulePlanar_Board/Panel_Metal,,16in x 12in Metal Panel,,,,Length,16in,,,,Finish1,0RawMaterial-Aluminum,,0.05,D0C0A9,,,,
PRESET,,,,,,,,,,,,Width,12in,,,,,,,,,,,,
PRESET,,,,,,,,,,,,Thickness,0.5in,,,,,,,,,,,,
PRESET,,,,,,,,,,,,BevelWidth,0.125in,,,,,,,,,,,,
PRESET,,6EB99BF8-FED9-1040-AFDF-DF40FB00F7C0,,Part_0FlexDims3Fixed_ModulePlanar_Board/Panel_Metal-Length-180in-Width-36in-Thickness-1in-BevelWidth-0.125in-Finish1-0RawMaterial-Zinc-8F9092,,Part_0FlexDims3Fixed_ModulePlanar_Board/Panel_Metal,,180in x 36in Metal Panel,,,,Length,180in,,,,Finish1,0RawMaterial-Zinc,,0.05,8F9092,,,,
PRESET,,,,,,,,,,,,Width,36in,,,,,,,,,,,,
PRESET,,,,,,,,,,,,Thickness,1in,,,,,,,,,,,,
PRESET,,,,,,,,,,,,BevelWidth,0.125in,,,,,,,,,,,,
PRESET,,AE3CBC31-099E-F44C-89AD-24D19126F253,,Part_0FlexDims3Fixed_ModulePlanar_Board/Panel_OSB (Oriented Strand Board)-Length-96in-Width-48in-Thickness-0.375in-BevelWidth-0.125in-Finish1-0RawMaterial-Wood Strands-FFFFFF,,Part_0FlexDims3Fixed_ModulePlanar_Board/Panel_OSB (Oriented Strand Board),,"3/8"" OSB",,,,Length,96in,,,,Finish1,0RawMaterial-Wood Strands,,0.02,FFFFFF,,,,
PRESET,,,,,,,,,,,,Width,48in,,,,,,,,,,,,
PRESET,,,,,,,,,,,,Thickness,0.375in,,,,,,,,,,,,
PRESET,,,,,,,,,,,,BevelWidth,0.125in,,,,,,,,,,,,
PRESET,,2AEE25E6-286C-8E4B-8B18-1461FAFE1183,,Part_0FlexDims3Fixed_ModulePlanar_Board/Panel_Particle Board-Length-96in-Width-48in-Thickness-0.375in-BevelWidth-0.125in-Finish1-0RawMaterial-Wood Particles-FFFFFF,,Part_0FlexDims3Fixed_ModulePlanar_Board/Panel_Particle Board,,"3/8"" Particle Board",,,,Length,96in,,,,Finish1,0RawMaterial-Wood Particles,,0.02,FFFFFF,,,,
PRESET,,,,,,,,,,,,Width,48in,,,,,,,,,,,,
PRESET,,,,,,,,,,,,Thickness,0.375in,,,,,,,,,,,,
PRESET,,,,,,,,,,,,BevelWidth,0.125in,,,,,,,,,,,,
PRESET,,4C9AA476-B1B1-784F-95F4-58260CADD589,,Part_0FlexDims3Fixed_ModulePlanar_Board/Panel_Plywood-Length-96in-Width-48in-Thickness-0.34375in-BevelWidth-0.125in-Finish1-0RawMaterial-Plywood-FFFFFF,,Part_0FlexDims3Fixed_ModulePlanar_Board/Panel_Plywood,,"11/32"" Plywood",,,,Length,96in,,,,Finish1,0RawMaterial-Plywood,,0.02,FFFFFF,,,,
PRESET,,,,,,,,,,,,Width,48in,,,,,,,,,,,,
PRESET,,,,,,,,,,,,Thickness,0.34375in,,,,,,,,,,,,
PRESET,,,,,,,,,,,,BevelWidth,0.125in,,,,,,,,,,,,
PRESET,,7FBC0F2D-444B-0D4E-9054-B25CAA947393,,Part_0FlexDims3Fixed_ModulePlanar_Board/Panel_Plywood-Length-96in-Width-48in-Thickness-0.46875in-BevelWidth-0.125in-Finish1-0RawMaterial-Plywood-FFFFFF,,Part_0FlexDims3Fixed_ModulePlanar_Board/Panel_Plywood,,"15/32"" Plywood",,,,Length,96in,,,,Finish1,0RawMaterial-Plywood,,0.02,FFFFFF,,,,
PRESET,,,,,,,,,,,,Width,48in,,,,,,,,,,,,
PRESET,,,,,,,,,,,,Thickness,0.46875in,,,,,,,,,,,,
PRESET,,,,,,,,,,,,BevelWidth,0.125in,,,,,,,,,,,,
PRESET,,DF704286-30E9-3742-BAFB-36399110EF2B,,Part_0FlexDims3Fixed_ModulePlanar_Board/Panel_Plywood-Length-96in-Width-48in-Thickness-0.71875in-BevelWidth-0in-Finish1-0RawMaterial-Plywood-FFFFFF,,Part_0FlexDims3Fixed_ModulePlanar_Board/Panel_Plywood,,"23/32"" Plywood",,,,Length,96in,,,,Finish1,0RawMaterial-Plywood,,0.02,FFFFFF,,,,
PRESET,,,,,,,,,,,,Width,48in,,,,,,,,,,,,
PRESET,,,,,,,,,,,,Thickness,0.71875in,,,,,,,,,,,,
PRESET,,,,,,,,,,,,BevelWidth,0in,,,,,,,,,,,,
PRESET,,BB238F8C-D096-5D44-8FDE-61A72D0E3B6B,,Part_0FlexDims3Fixed_ModulePlanar_Board/Panel_Plywood-Length-96in-Width-48in-Thickness-1.125in-BevelWidth-0in-Finish1-0RawMaterial-Plywood-FFFFFF,,Part_0FlexDims3Fixed_ModulePlanar_Board/Panel_Plywood,,"1-1/8"" Plywood",,,,Length,96in,,,,Finish1,0RawMaterial-Plywood,,0.02,FFFFFF,,,,
PRESET,,,,,,,,,,,,Width,48in,,,,,,,,,,,,
PRESET,,,,,,,,,,,,Thickness,1.125in,,,,,,,,,,,,
PRESET,,,,,,,,,,,,BevelWidth,0in,,,,,,,,,,,,
PRESET,,91464BDB-EA20-6644-88D7-7A401391D0B5,,Part_0FlexDims3Fixed_ModulePlanar_Plank_Engineered Wood-Length-32in-Width-5in-Thickness-0.375in-BevelWidth-0.125in-Finish1-0RawMaterial-Plywood-0RawMaterial-Teak-FFFFFF,,Part_0FlexDims3Fixed_ModulePlanar_Plank_Engineered Wood,,Engineered Teak Wood Plank,,,,Length,32in,,,,Finish1,0RawMaterial-Plywood,0RawMaterial-Teak,,FFFFFF,,,,
PRESET,,,,,,,,,,,,Width,5in,,,,,,,,,,,,
PRESET,,,,,,,,,,,,Thickness,0.375in,,,,,,,,,,,,
PRESET,,,,,,,,,,,,BevelWidth,0.125in,,,,,,,,,,,,
PRESET,,3FE5005C-22FF-6A47-861C-C2618B3B5509,,Part_0FlexDims3Fixed_ModulePlanar_Plank_Engineered Wood-Length-32in-Width-5in-Thickness-0.375in-BevelWidth-0.125in-Finish1-0RawMaterial-Plywood-0RawMaterial-Bamboo-FFFFFF,,Part_0FlexDims3Fixed_ModulePlanar_Plank_Engineered Wood,,Engineered Bamboo Wood Plank,,,,Length,32in,,,,Finish1,0RawMaterial-Plywood,0RawMaterial-Bamboo,,FFFFFF,,,,
PRESET,,,,,,,,,,,,Width,5in,,,,,,,,,,,,
PRESET,,,,,,,,,,,,Thickness,0.375in,,,,,,,,,,,,
PRESET,,,,,,,,,,,,BevelWidth,0.125in,,,,,,,,,,,,
PRESET,,6B0AAEF6-F52B-2D40-ADBA-3E9760A728F7,,Part_0FlexDims3Fixed_ModulePlanar_Plank_Wood-Length-32in-Width-5in-Thickness-0.375in-BevelWidth-0.125in-Finish1-0RawMaterial-Birch (Yellow)-FFFFFF,,Part_0FlexDims3Fixed_ModulePlanar_Plank_Wood,,Birch Wood Plank,,,,Length,32in,,,,Finish1,0RawMaterial-Birch (Yellow),,,FFFFFF,,,,
PRESET,,,,,,,,,,,,Width,5in,,,,,,,,,,,,
PRESET,,,,,,,,,,,,Thickness,0.375in,,,,,,,,,,,,
PRESET,,,,,,,,,,,,BevelWidth,0.125in,,,,,,,,,,,,
PRESET,,81C66633-8A21-6140-ACD4-272EA44DA714,,Part_0FlexDims3Fixed_ModulePlanar_Plank_Wood-Length-48in-Width-5in-Thickness-0.375in-BevelWidth-0.125in-Finish1-0RawMaterial-Cedar (White)-FFFFFF,,Part_0FlexDims3Fixed_ModulePlanar_Plank_Wood,,White Cedar Wood Plank,,,,Length,48in,,,,Finish1,0RawMaterial-Cedar (White),,,FFFFFF,,,,
PRESET,,,,,,,,,,,,Width,5in,,,,,,,,,,,,
PRESET,,,,,,,,,,,,Thickness,0.375in,,,,,,,,,,,,
PRESET,,,,,,,,,,,,BevelWidth,0.125in,,,,,,,,,,,,
PRESET,,40F0A8EB-D57D-494E-86B2-D648E3ED9359,,Part_0FlexDims3Fixed_ModulePlanar_Plank_Wood-Length-48in-Width-7in-Thickness-0.375in-BevelWidth-0.125in-Finish1-0RawMaterial-Cherry-FFFFFF,,Part_0FlexDims3Fixed_ModulePlanar_Plank_Wood,,Cherry Wood Plank,,,,Length,48in,,,,Finish1,0RawMaterial-Cherry,,,FFFFFF,,,,
PRESET,,,,,,,,,,,,Width,7in,,,,,,,,,,,,
PRESET,,,,,,,,,,,,Thickness,0.375in,,,,,,,,,,,,
PRESET,,,,,,,,,,,,BevelWidth,0.125in,,,,,,,,,,,,
PRESET,,ED89AA66-89E3-1B43-AC84-544DD4F11EC0,,Part_0FlexDims3Fixed_ModulePlanar_Plank_Wood-Length-72in-Width-7in-Thickness-0.375in-BevelWidth-0.125in-Finish1-0RawMaterial-Ash-FFFFFF,,Part_0FlexDims3Fixed_ModulePlanar_Plank_Wood,,Ash Wood Plank,,,,Length,72in,,,,Finish1,0RawMaterial-Ash,,,FFFFFF,,,,
PRESET,,,,,,,,,,,,Width,7in,,,,,,,,,,,,
PRESET,,,,,,,,,,,,Thickness,0.375in,,,,,,,,,,,,
PRESET,,,,,,,,,,,,BevelWidth,0.125in,,,,,,,,,,,,
PRESET,,8A8E6D35-5462-BA42-A443-1B0B350D7555,,Part_0FlexDims3Fixed_ModulePlanar_Plank_Wood-Length-48in-Width-7in-Thickness-0.5in-BevelWidth-0.125in-Finish1-0RawMaterial-Cedar (Western Red)-FFFFFF,,Part_0FlexDims3Fixed_ModulePlanar_Plank_Wood,,Cedar Wood Plank,,,,Length,48in,,,,Finish1,0RawMaterial-Cedar (Western Red),,,FFFFFF,,,,
PRESET,,,,,,,,,,,,Width,7in,,,,,,,,,,,,
PRESET,,,,,,,,,,,,Thickness,0.5in,,,,,,,,,,,,
PRESET,,,,,,,,,,,,BevelWidth,0.125in,,,,,,,,,,,,
PRESET,,CBEC8EEA-BCAE-F94E-B466-B98CA545D5DB,,Part_0FlexDims3Fixed_ModulePlanar_Plank_Wood-Length-48in-Width-3in-Thickness-0.75in-BevelWidth-0.125in-Finish1-0RawMaterial-Oak (Red)-FFFFFF,,Part_0FlexDims3Fixed_ModulePlanar_Plank_Wood,,Red Oak Wood Plank,,,,Length,48in,,,,Finish1,0RawMaterial-Oak (Red),,,FFFFFF,,,,
PRESET,,,,,,,,,,,,Width,3in,,,,,,,,,,,,
PRESET,,,,,,,,,,,,Thickness,0.75in,,,,,,,,,,,,
PRESET,,,,,,,,,,,,BevelWidth,0.125in,,,,,,,,,,,,
PRESET,,7A3490D5-2948-6341-BEA9-E07BAE75C099,,Part_0FlexDims3Fixed_ModulePlanar_Plank_Wood-Length-72in-Width-7in-Thickness-0.75in-BevelWidth-0.125in-Finish1-0RawMaterial-Oak (White)-FFFFFF,,Part_0FlexDims3Fixed_ModulePlanar_Plank_Wood,,White Oak Wood Plank,,,,Length,72in,,,,Finish1,0RawMaterial-Oak (White),,,FFFFFF,,,,
PRESET,,,,,,,,,,,,Width,7in,,,,,,,,,,,,
PRESET,,,,,,,,,,,,Thickness,0.75in,,,,,,,,,,,,
PRESET,,,,,,,,,,,,BevelWidth,0.125in,,,,,,,,,,,,
PRESET,,1254405B-B7E7-7C4D-A0CA-FFC96326530F,,Part_0FlexDims3Fixed_ModulePlanar_Plank_Wood-Length-72in-Width-7in-Thickness-0.75in-BevelWidth-0.125in-Finish1-0RawMaterial-Walnut-FFFFFF,,Part_0FlexDims3Fixed_ModulePlanar_Plank_Wood,,Walnut Wood Plank,,,,Length,72in,,,,Finish1,0RawMaterial-Walnut,,,FFFFFF,,,,
PRESET,,,,,,,,,,,,Width,7in,,,,,,,,,,,,
PRESET,,,,,,,,,,,,Thickness,0.75in,,,,,,,,,,,,
PRESET,,,,,,,,,,,,BevelWidth,0.125in,,,,,,,,,,,,
PRESET,,211E0AF4-CC23-B64C-BD4A-528373613208,,Part_0FlexDims3Fixed_ModulePlanar_Tile_Acoustic Ceiling Tile-Length-24in-Width-24in-Thickness-1in-BevelWidth-0.125in-Finish1-0RawMaterial-Mineral Fiber-FFFFFF,,Part_0FlexDims3Fixed_ModulePlanar_Tile_Acoustic Ceiling Tile,,Acoustic Ceiling Tile,,,,Length,24in,,,,Finish1,0RawMaterial-Mineral Fiber,,,FFFFFF,,,,
PRESET,,,,,,,,,,,,Width,24in,,,,,,,,,,,,
PRESET,,,,,,,,,,,,Thickness,1in,,,,,,,,,,,,
PRESET,,,,,,,,,,,,BevelWidth,0.125in,,,,,,,,,,,,
PRESET,,EEC943A5-06EC-504F-85EA-6D7F0A4AD0A5,,Part_0FlexDims3Fixed_ModulePlanar_Tile_Brick Veneer-Length-7.625in-Width-2.29167in-Thickness-0.5in-BevelWidth-0.125in-Finish1-0RawMaterial-Clay-A05633,,Part_0FlexDims3Fixed_ModulePlanar_Tile_Brick Veneer,,Brick Veneer,,,,Length,7.625in,,,,Finish1,0RawMaterial-Clay,,,A05633,,,,
PRESET,,,,,,,,,,,,Width,2.29167in,,,,,,,,,,,,
PRESET,,,,,,,,,,,,Thickness,0.5in,,,,,,,,,,,,
PRESET,,,,,,,,,,,,BevelWidth,0.125in,,,,,,,,,,,,
PRESET,,3D462E99-8367-1242-9DE2-BE5885688739,,Part_0FlexDims3Fixed_ModulePlanar_Tile_Brick Veneer-Length-11.625in-Width-2.75in-Thickness-0.5in-BevelWidth-0.125in-Finish1-0RawMaterial-Clay-5A4E47,,Part_0FlexDims3Fixed_ModulePlanar_Tile_Brick Veneer,,Brick Veneer,,,,Length,11.625in,,,,Finish1,0RawMaterial-Clay,,,5A4E47,,,,
PRESET,,,,,,,,,,,,Width,2.75in,,,,,,,,,,,,
PRESET,,,,,,,,,,,,Thickness,0.5in,,,,,,,,,,,,
PRESET,,,,,,,,,,,,BevelWidth,0.125in,,,,,,,,,,,,
PRESET,,72C561A3-708C-D64E-BE9D-A273B413DDBA,,Part_0FlexDims3Fixed_ModulePlanar_Tile_Carpet-Length-32in-Width-16in-Thickness-0.5in-BevelWidth-0in-Finish1-0RawMaterial-Carpet (Low Profile)-E9EAE6,,Part_0FlexDims3Fixed_ModulePlanar_Tile_Carpet,,Carpet Tile,,,,Length,32in,,,,Finish1,0RawMaterial-Carpet (Low Profile),,,E9EAE6,,,,
PRESET,,,,,,,,,,,,Width,16in,,,,,,,,,,,,
PRESET,,,,,,,,,,,,Thickness,0.5in,,,,,,,,,,,,
PRESET,,,,,,,,,,,,BevelWidth,0in,,,,,,,,,,,,
PRESET,,B600F775-2A03-A640-AA87-1297289D743D,,Part_0FlexDims3Fixed_ModulePlanar_Tile_Clay-Length-4in-Width-2in-Thickness-0.5in-BevelWidth-0.125in-Finish1-0RawMaterial-Clay-9C7164,,Part_0FlexDims3Fixed_ModulePlanar_Tile_Clay,,Clay Tile,,,,Length,4in,,,,Finish1,0RawMaterial-Clay,,,9C7164,,,,
PRESET,,,,,,,,,,,,Width,2in,,,,,,,,,,,,
PRESET,,,,,,,,,,,,Thickness,0.5in,,,,,,,,,,,,
PRESET,,,,,,,,,,,,BevelWidth,0.125in,,,,,,,,,,,,
PRESET,,4A022876-2DCC-BC4B-8BFB-B49666828E1A,,Part_0FlexDims3Fixed_ModulePlanar_Tile_Cork-Length-12in-Width-12in-Thickness-0.25in-BevelWidth-0.0625in-Finish1-0RawMaterial-Cork-BF945F,,Part_0FlexDims3Fixed_ModulePlanar_Tile_Cork,,Cork Tile,,,,Length,12in,,,,Finish1,0RawMaterial-Cork,,,BF945F,,,,
PRESET,,,,,,,,,,,,Width,12in,,,,,,,,,,,,
PRESET,,,,,,,,,,,,Thickness,0.25in,,,,,,,,,,,,
PRESET,,,,,,,,,,,,BevelWidth,0.0625in,,,,,,,,,,,,
PRESET,,5E62A841-CE0B-2D48-AC51-92AD8E606EE4,,Part_0FlexDims3Fixed_ModulePlanar_Tile_Glass-Length-2in-Width-2in-Thickness-0.25in-BevelWidth-0.0625in-Finish1-0RawMaterial-Glass-F2F2F2,,Part_0FlexDims3Fixed_ModulePlanar_Tile_Glass,,Glass Tile,,,,Length,2in,,,,Finish1,0RawMaterial-Glass,,,F2F2F2,,,,
PRESET,,,,,,,,,,,,Width,2in,,,,,,,,,,,,
PRESET,,,,,,,,,,,,Thickness,0.25in,,,,,,,,,,,,
PRESET,,,,,,,,,,,,BevelWidth,0.0625in,,,,,,,,,,,,
PRESET,,37134714-CB42-AB4B-AE9C-172516216E4B,,Part_0FlexDims3Fixed_ModulePlanar_Tile_Laminate-Length-24in-Width-12in-Thickness-0.25in-BevelWidth-0.125in-Finish1-0RawMaterial-Wood Particles-0RawMaterial-Sycamore-FFFFFF,,Part_0FlexDims3Fixed_ModulePlanar_Tile_Laminate,,Laminate Tile,,,,Length,24in,,,,Finish1,0RawMaterial-Wood Particles,0RawMaterial-Sycamore,,FFFFFF,,,,
PRESET,,,,,,,,,,,,Width,12in,,,,,,,,,,,,
PRESET,,,,,,,,,,,,Thickness,0.25in,,,,,,,,,,,,
PRESET,,,,,,,,,,,,BevelWidth,0.125in,,,,,,,,,,,,
PRESET,,2080BC0C-B281-C44A-973D-D16AB9C4B202,,Part_0FlexDims3Fixed_ModulePlanar_Tile_Luxury Vinyl-Length-24in-Width-8in-Thickness-0.25in-BevelWidth-0.125in-Finish1-0RawMaterial-Vinyl Composite-0RawMaterial-Walnut-FFFFFF,,Part_0FlexDims3Fixed_ModulePlanar_Tile_Luxury Vinyl,,Luxury Vinyl Tile,,,,Length,24in,,,,Finish1,0RawMaterial-Vinyl Composite,0RawMaterial-Walnut,,FFFFFF,,,,
PRESET,,,,,,,,,,,,Width,8in,,,,,,,,,,,,
PRESET,,,,,,,,,,,,Thickness,0.25in,,,,,,,,,,,,
PRESET,,,,,,,,,,,,BevelWidth,0.125in,,,,,,,,,,,,
PRESET,,53C6C69E-372D-8547-A7D7-A605E0A21DF7,,Part_0FlexDims3Fixed_ModulePlanar_Tile_Porcelain-Length-4in-Width-4in-Thickness-0.25in-BevelWidth-0.0625in-Finish1-0RawMaterial-Porcelain-E6E3DE,,Part_0FlexDims3Fixed_ModulePlanar_Tile_Porcelain,,Porcelain Tile,,,,Length,4in,,,,Finish1,0RawMaterial-Porcelain,,,E6E3DE,,,,
PRESET,,,,,,,,,,,,Width,4in,,,,,,,,,,,,
PRESET,,,,,,,,,,,,Thickness,0.25in,,,,,,,,,,,,
PRESET,,,,,,,,,,,,BevelWidth,0.0625in,,,,,,,,,,,,
PRESET,,6E2FA46B-1639-F046-A528-F0C68749103F,,Part_0FlexDims3Fixed_ModulePlanar_Tile_Stone-Length-4in-Width-3in-Thickness-0.5in-BevelWidth-0.125in-Finish1-0RawMaterial-Marble (Calacatta 1)-FFFFFF,,Part_0FlexDims3Fixed_ModulePlanar_Tile_Stone,,Calcatta Marble Tile,,,,Length,4in,,,,Finish1,0RawMaterial-Marble (Calacatta 1),,,FFFFFF,,,,
PRESET,,,,,,,,,,,,Width,3in,,,,,,,,,,,,
PRESET,,,,,,,,,,,,Thickness,0.5in,,,,,,,,,,,,
PRESET,,,,,,,,,,,,BevelWidth,0.125in,,,,,,,,,,,,
PRESET,,C7981332-6E39-6B48-87BC-C6A92EB5E328,,Part_0FlexDims3Fixed_ModulePlanar_Tile_Stone-Length-6in-Width-3in-Thickness-0.5in-BevelWidth-0.125in-Finish1-0RawMaterial-Marble (Grey 1)-FFFFFF,,Part_0FlexDims3Fixed_ModulePlanar_Tile_Stone,,Grey Marble Tile,,,,Length,6in,,,,Finish1,0RawMaterial-Marble (Grey 1),,,FFFFFF,,,,
PRESET,,,,,,,,,,,,Width,3in,,,,,,,,,,,,
PRESET,,,,,,,,,,,,Thickness,0.5in,,,,,,,,,,,,
PRESET,,,,,,,,,,,,BevelWidth,0.125in,,,,,,,,,,,,
PRESET,,80C0D042-9501-CB4A-934E-F558F1C577F7,,Part_0FlexDims3Fixed_ModulePlanar_Tile_Stone-Length-12in-Width-24in-Thickness-0.5in-BevelWidth-0in-Finish1-0RawMaterial-Limestone (White)-FFFFFF,,Part_0FlexDims3Fixed_ModulePlanar_Tile_Stone,,Limestone Tile,,,,Length,12in,,,,Finish1,0RawMaterial-Limestone (White),,,FFFFFF,,,,
PRESET,,,,,,,,,,,,Width,24in,,,,,,,,,,,,
PRESET,,,,,,,,,,,,Thickness,0.5in,,,,,,,,,,,,
PRESET,,,,,,,,,,,,BevelWidth,0in,,,,,,,,,,,,
PRESET,,27CB121D-197F-DF41-91D3-E1664EB13DF3,,Part_0FlexDims3Fixed_ModulePlanar_Tile_Vinyl Composite-Length-12in-Width-12in-Thickness-0.25in-BevelWidth-0.125in-Finish1-0RawMaterial-Vinyl Composite-9C7164,,Part_0FlexDims3Fixed_ModulePlanar_Tile_Vinyl Composite,,Vinyl Composite Tile,,,,Length,12in,,,,Finish1,0RawMaterial-Vinyl Composite,,,9C7164,,,,
PRESET,,,,,,,,,,,,Width,12in,,,,,,,,,,,,
PRESET,,,,,,,,,,,,Thickness,0.25in,,,,,,,,,,,,
PRESET,,,,,,,,,,,,BevelWidth,0.125in,,,,,,,,,,,,
PRESET,,AF4223EB-BC25-FD4E-A924-9C5C2DC21157,,Part_0FlexDims3Fixed_ModulePlanar_Shingle_Asphalt-Length-12in-Width-7in-Thickness-0.375in-BevelWidth-0.125in-Finish1-0RawMaterial-Asphalt-594D41,,Part_0FlexDims3Fixed_ModulePlanar_Shingle_Asphalt,,Asphalt Shingle,,,,Length,12in,,,,Finish1,0RawMaterial-Asphalt,,,594D41,,,,
PRESET,,,,,,,,,,,,Width,7in,,,,,,,,,,,,
PRESET,,,,,,,,,,,,Thickness,0.375in,,,,,,,,,,,,
PRESET,,,,,,,,,,,,BevelWidth,0.125in,,,,,,,,,,,,
PRESET,,E7CE5B83-458A-1B4D-9759-22DA82951672,,Part_0FlexDims3Fixed_ModulePlanar_Shingle_Clay-Length-12in-Width-7in-Thickness-0.75in-BevelWidth-0.125in-Finish1-0RawMaterial-Clay-A05633,,Part_0FlexDims3Fixed_ModulePlanar_Shingle_Clay,,Clay Shingle,,,,Length,12in,,,,Finish1,0RawMaterial-Clay,,,A05633,,,,
PRESET,,,,,,,,,,,,Width,7in,,,,,,,,,,,,
PRESET,,,,,,,,,,,,Thickness,0.75in,,,,,,,,,,,,
PRESET,,,,,,,,,,,,BevelWidth,0.125in,,,,,,,,,,,,
PRESET,,EB379B0E-685B-2642-B603-4D45E89D1CD4,,Part_0FlexDims3Fixed_ModulePlanar_Shingle_Metal-Length-12in-Width-7in-Thickness-0.375in-BevelWidth-0.125in-Finish1-0RawMaterial-Aluminum-EBECF0,,Part_0FlexDims3Fixed_ModulePlanar_Shingle_Metal,,Metal Shingle,,,,Length,12in,,,,Finish1,0RawMaterial-Aluminum,,,EBECF0,,,,
PRESET,,,,,,,,,,,,Width,7in,,,,,,,,,,,,
PRESET,,,,,,,,,,,,Thickness,0.375in,,,,,,,,,,,,
PRESET,,,,,,,,,,,,BevelWidth,0.125in,,,,,,,,,,,,
PRESET,,59609672-45A6-1545-8BAC-253976E76DAC,,Part_0FlexDims3Fixed_ModulePlanar_Shingle_Stone-Length-12in-Width-7in-Thickness-0.375in-BevelWidth-0.125in-Finish1-0RawMaterial-Slate-ABABAB,,Part_0FlexDims3Fixed_ModulePlanar_Shingle_Stone,,Stone Shingle,,,,Length,12in,,,,Finish1,0RawMaterial-Slate,,,ABABAB,,,,
PRESET,,,,,,,,,,,,Width,7in,,,,,,,,,,,,
PRESET,,,,,,,,,,,,Thickness,0.375in,,,,,,,,,,,,
PRESET,,,,,,,,,,,,BevelWidth,0.125in,,,,,,,,,,,,
PRESET,,168D8D0E-D0AD-4545-B521-557FD01E5181,,Part_0FlexDims3Fixed_ModulePlanar_Shingle_Wood-Length-12in-Width-7in-Thickness-0.375in-BevelWidth-0.125in-Finish1-0RawMaterial-Redwood-FFFFFF,,Part_0FlexDims3Fixed_ModulePlanar_Shingle_Wood,,Wood Shingle,,,,Length,12in,,,,Finish1,0RawMaterial-Redwood,,,FFFFFF,,,,
PRESET,,,,,,,,,,,,Width,7in,,,,,,,,,,,,
PRESET,,,,,,,,,,,,Thickness,0.375in,,,,,,,,,,,,
PRESET,,,,,,,,,,,,BevelWidth,0.125in,,,,,,,,,,,,
PRESET,,7907B947-E5EF-EC46-8A6B-8A554693357B,,Part_0FlexDims3Fixed_ModuleVolumetric_Clay Brick-Length-7.625in-Width-3.625in-Height-2.29167in-BevelWidth-0.1875in-Finish1-0RawMaterial-Clay-A05633,,Part_0FlexDims3Fixed_ModuleVolumetric_Clay Brick,,"8in Modular, Clay Brick, Clay",,,,Length,7.625in,,,,Finish1,0RawMaterial-Clay,,,A05633,,,,
PRESET,,,,,,,,,,,,Width,3.625in,,,,,,,,,,,,
PRESET,,,,,,,,,,,,Height,2.29167in,,,,,,,,,,,,
PRESET,,,,,,,,,,,,BevelWidth,0.1875in,,,,,,,,,,,,
PRESET,,2FC4FA6F-04FF-2847-8B2A-6948CF6DE1F9,,Part_0FlexDims3Fixed_ModuleVolumetric_Concrete Masonry Unit-Length-15.625in-Width-7.625in-Height-7.625in-BevelWidth-0.1875in-Finish1-0RawMaterial-Concrete (Normal Aggregate)-D6D7D8,,Part_0FlexDims3Fixed_ModuleVolumetric_Concrete Masonry Unit,,"8in Full Block, 8in x 16in x 8in, Concrete Masonry Unit, Concrete (Normal Aggregate)",,,,Length,15.625in,,,,Finish1,0RawMaterial-Concrete (Normal Aggregate),,,D6D7D8,,,,
PRESET,,,,,,,,,,,,Width,7.625in,,,,,,,,,,,,
PRESET,,,,,,,,,,,,Height,7.625in,,,,,,,,,,,,
PRESET,,,,,,,,,,,,BevelWidth,0.1875in,,,,,,,,,,,,
PRESET,,FECBBFF4-B93D-1848-AD55-B17C2D19E66D,,Part_0FlexDims3Fixed_ModuleVolumetric_Earth Brick-Length-7.625in-Width-3.625in-Height-2.29167in-BevelWidth-0.1875in-Finish1-0RawMaterial-Rammed Earth-FFFFFF,,Part_0FlexDims3Fixed_ModuleVolumetric_Earth Brick,,"Full Block, 29.5cm x 14cm x 9cm, Earth Brick, Rammed Earth",,,,Length,7.625in,,,,Finish1,0RawMaterial-Rammed Earth,,,FFFFFF,,,,
PRESET,,,,,,,,,,,,Width,3.625in,,,,,,,,,,,,
PRESET,,,,,,,,,,,,Height,2.29167in,,,,,,,,,,,,
PRESET,,,,,,,,,,,,BevelWidth,0.1875in,,,,,,,,,,,,
PRESET,,95EF436E-B8B3-0B4E-AFA1-E526ACF16420,,Part_0FlexDims3Fixed_ModuleVolumetric_Glass Block-Length-7.75in-Width-3.875in-Height-3.75in-BevelWidth-0.1875in-Finish1-0RawMaterial-Glass Block-F2F2F2,,Part_0FlexDims3Fixed_ModuleVolumetric_Glass Block,,"4in x 8in x 4in, Glass Block, Glass Block",,,,Length,7.75in,,,,Finish1,0RawMaterial-Glass Block,,,F2F2F2,,,,
PRESET,,,,,,,,,,,,Width,3.875in,,,,,,,,,,,,
PRESET,,,,,,,,,,,,Height,3.75in,,,,,,,,,,,,
PRESET,,,,,,,,,,,,BevelWidth,0.1875in,,,,,,,,,,,,
PRESET,,D7EABBC7-B5DA-384B-99F7-6F4820F805F9,,Part_1FlexDim2Fixed_Gap1D-Finish1-0RawMaterial-Air-FFFFFF,,Part_1FlexDim2Fixed_Gap1D,,Air,,X,,,,,,,Finish1,0RawMaterial-Air,,,FFFFFF,,,,
PRESET,,EFEC24F2-362D-7B45-9FF1-CAAA40A6051B,,Part_1FlexDim2Fixed_Gap1D-Finish1-0RawMaterial-Fiberglass Wool-EDE79C,,Part_1FlexDim2Fixed_Gap1D,,Fiberglass Batt,,X,,,,,,,Finish1,0RawMaterial-Fiberglass Wool,,,EDE79C,,,,
PRESET,,08F68A8E-F208-6444-9183-CB9CA132FE2A,,Part_1FlexDim2Fixed_Gap1D-Finish1-0RawMaterial-Foam (Extruded Polystyrene)-ECB9BE,,Part_1FlexDim2Fixed_Gap1D,,"Foam, Extruded Polystyrene",,X,,,,,,,Finish1,0RawMaterial-Foam (Extruded Polystyrene),,,ECB9BE,,,,
PRESET,,8A16116D-6C91-3F49-B146-0E895742B6FA,,Part_1FlexDim2Fixed_Gap1D-Finish1-0RawMaterial-Foam (Polyethylene)-ECB9BE,,Part_1FlexDim2Fixed_Gap1D,,"Foam, Polyethylene",,X,,,,,,,Finish1,0RawMaterial-Foam (Polyethylene),,,ECB9BE,,,,
PRESET,,D9D7BC72-351C-CD47-A16A-E4EB64B58B6D,,Part_1FlexDim2Fixed_Gap1D-Finish1-0RawMaterial-Foam (Polyisocyanurate)-FAF1D0,,Part_1FlexDim2Fixed_Gap1D,,"Foam, Polyisocyanurate",,X,,,,,,,Finish1,0RawMaterial-Foam (Polyisocyanurate),,,FAF1D0,,,,
PRESET,,B4F79D4F-0123-ED4B-B421-D6CD9131CCCF,,Part_1FlexDim2Fixed_Gap1D-Finish1-0RawMaterial-Foam (Polyurethane)-FAF1D0,,Part_1FlexDim2Fixed_Gap1D,,"Foam, Spray Polyurethane, Open Cell",,X,,,,,,,Finish1,0RawMaterial-Foam (Polyurethane),,,FAF1D0,,,,
PRESET,,BC0F149D-E713-414A-BB13-8C4CEFFBB5A8,,Part_1FlexDim2Fixed_Gap1D-Finish1-0RawMaterial-Foam (Polyurethane)-FFFFFF,,Part_1FlexDim2Fixed_Gap1D,,"Foam, Spray Polyurethane, Closed Cell",,X,,,,,,,Finish1,0RawMaterial-Foam (Polyurethane),,,FFFFFF,,,,
PRESET,,EC8F02E9-9BA0-8E41-8D61-BBF6D8F74745,,Part_3FlexDims0Fixed_Terrain-Finish1-0RawMaterial-Asphalt-594D41,,Part_3FlexDims0Fixed_Terrain,,Asphalt,,X,,,,,,,Finish1,0RawMaterial-Asphalt,,,594D41,,,,
PRESET,,D9845A3E-8506-F242-B353-F3CA05117201,,Part_3FlexDims0Fixed_Terrain-Finish1-0RawMaterial-Concrete (Coarse Aggregate)-D6D7D8,,Part_3FlexDims0Fixed_Terrain,,Concrete (Coarse Aggregate),,X,,,,,,,Finish1,0RawMaterial-Concrete (Coarse Aggregate),,,D6D7D8,,,,
PRESET,,593F2F11-B045-D84B-A2FC-C59382809876,,Part_3FlexDims0Fixed_Terrain-Finish1-0RawMaterial-Concrete (Fine Aggregate)-D6D7D9,,Part_3FlexDims0Fixed_Terrain,,Concrete (Fine Aggregate),,X,,,,,,,Finish1,0RawMaterial-Concrete (Fine Aggregate),,,D6D7D9,,,,
PRESET,,9811B5DF-3826-5B4C-83E6-1D7FE6D08173,,Part_3FlexDims0Fixed_Terrain-Finish1-0RawMaterial-Concrete (Normal Aggregate)-D6D7D10,,Part_3FlexDims0Fixed_Terrain,,Concrete (Normal Aggregate),,X,,,,,,,Finish1,0RawMaterial-Concrete (Normal Aggregate),,,D6D7D10,,,,
PRESET,,A6E63417-DAF7-5D4D-9555-1A04A616D1D5,,Part_3FlexDims0Fixed_Terrain-Finish1-0RawMaterial-Decomposed Granite-CCCCCC,,Part_3FlexDims0Fixed_Terrain,,Decomposed Granite,,X,,,,,,,Finish1,0RawMaterial-Decomposed Granite,,,CCCCCC,,,,
PRESET,,F70D18DB-F2C6-B44E-A111-DA1725187182,,Part_3FlexDims0Fixed_Terrain-Finish1-0RawMaterial-Gravel-CCCCCC,,Part_3FlexDims0Fixed_Terrain,,Gravel,,X,,,,,,,Finish1,0RawMaterial-Gravel,,,CCCCCC,,,,
PRESET,,95DC7FAD-781A-EC43-85A2-BA223EC00DA7,,Part_3FlexDims0Fixed_Terrain-Finish1-0RawMaterial-Sand-FFFFFF,,Part_3FlexDims0Fixed_Terrain,,Sand,,X,,,,,,,Finish1,0RawMaterial-Sand,,,FFFFFF,,,,
PRESET,,3627E647-1DCD-3E42-B132-D6464807251B,,Part_3FlexDims0Fixed_Terrain-Finish1-0RawMaterial-Grass-FFFFFF,,Part_3FlexDims0Fixed_Terrain,,Grass,,X,,,,,,,Finish1,0RawMaterial-Grass,,,FFFFFF,,,,
PRESET,,6969D4DB-FA1A-3041-855F-38300C1ED48B,,Part_3FlexDims0Fixed_Terrain-Finish1-0RawMaterial-Moss-FFFFFF,,Part_3FlexDims0Fixed_Terrain,,Moss,,X,,,,,,,Finish1,0RawMaterial-Moss,,,FFFFFF,,,,
PRESET,,0E58D632-22AE-AF45-A983-E641DB15F55B,,Part_3FlexDims0Fixed_Terrain-Finish1-0RawMaterial-Soil-FFFFFF,,Part_3FlexDims0Fixed_Terrain,,Soil,,X,,,,,,,Finish1,0RawMaterial-Soil,,,FFFFFF,,,,
PRESET,,33A2047F-AACF-794B-88D6-93A684038DCB,,Part_3FlexDims0Fixed_Terrain-Finish1-0RawMaterial-Air-FFFFFF,,Part_3FlexDims0Fixed_Terrain,,Empty (hole),,X,,,,,,,Finish1,0RawMaterial-Air,,,FFFFFF,,,,
