TYPENAME,,3Layer1D,,Layer,,,,,,,,,,,,,,,,,,
,,Definition,,,,,,,,,,,,,,,,,,,,
,,PropertyType,,PropertyName,,PropertyScope.Value,,,,,,,,,,,,,,,,
PROPERTY,,String,,Name,,Layer.Name,,,,,,,,,,,,,,,,
PROPERTY,,String,,,,Layer.NamedDimensions,,,,,,,,,,,,,,,,
,,InputExtensibility,,InputPreset,,,,,,,,,,,,,,,,,,
INPUTPIN,,1..1,,ChildLayerPattern,,,,,,,,,,,,,,,,,,
INPUTPIN,,1..,,ChildModuleArray,,,,,,,,,,,,,,,,,,
INPUTPIN,,1..1,,ChildGapMaterial,,,,,,,,,,,,,,,,,,
,,Presets,,,,,,,,,,,20,33,33,33,15,0,0,0,0,0
TAGPATHS,DataType=ID,ID,DataType=TG_MyNode+CategoryPath,TG_MyNode+CategoryPath,DataType=Properties,Layer.Name,Layer.NamedDimensions,DataType=InputPins,ChildModuleArray,ChildGapMaterial,ChildLayerPattern,DataType=TG_Parent Node+CategoryPath,4LayeredAssembly --> Wall,4LayeredAssembly --> Floor,4LayeredAssembly --> Roof,4LayeredAssembly --> Ceiling,4LayeredAssembly --> Finish,4LayeredAssembly --> System Panel,4LayeredAssembly --> Countertop,4LayeredAssembly --> Layered Tread,4LayeredAssembly --> Layered Riser,4LayeredAssembly --> Landscape
PRESET,,"3Layer1D --> Corrugated Deck --> Plastic
2ModuleWDProfile --> Corrugated Plastic Sheet
1Material --> Synthetic and Polymer --> Plastic-0RawMaterial-Plastic-0Color --> Abstract-6B6B6B-Gray6
0DimWD-0.5inW-0.5inD
0Profile-Corrugated Plastic
1Material --> Glass and Transparent --> Air-0RawMaterial-Air-0Color --> Glass and Transparent --> Air-FFFFFF-Clear
0LayerPattern --> 0D-Continuous",,3Layer1D --> Corrugated Deck --> Plastic,,"0.5in x 0.5in, Corrugated Plastic Sheet, Plastic, Gray 6, Air, Clear","(""IconDimX"",64),(""IconDimZ"",48)",,"2ModuleWDProfile --> Corrugated Plastic Sheet
1Material --> Synthetic and Polymer --> Plastic-0RawMaterial-Plastic-0Color --> Abstract-6B6B6B-Gray6
0DimWD-0.5inW-0.5inD
0Profile-Corrugated Plastic",1Material --> Glass and Transparent --> Air-0RawMaterial-Air-0Color --> Glass and Transparent --> Air-FFFFFF-Clear,0LayerPattern --> 0D-Continuous,,X,X,X,X,X,,,,,
PRESET,,"3Layer1D --> Corrugated Deck --> Plastic
2ModuleWDProfile --> Corrugated Plastic Sheet
1Material --> Synthetic and Polymer --> Plastic-0RawMaterial-Plastic-0Color --> Abstract-6B6B6B-Gray6
0DimWD-0.5625inW-0.25inD
0Profile-Corrugated Plastic
1Material --> Glass and Transparent --> Air-0RawMaterial-Air-0Color --> Glass and Transparent --> Air-FFFFFF-Clear
0LayerPattern --> 0D-Continuous",,3Layer1D --> Corrugated Deck --> Plastic,,"0.5625in x 0.25in, Corrugated Plastic Sheet, Plastic, Gray 6, Air, Clear","(""IconDimX"",64),(""IconDimZ"",48)",,"2ModuleWDProfile --> Corrugated Plastic Sheet
1Material --> Synthetic and Polymer --> Plastic-0RawMaterial-Plastic-0Color --> Abstract-6B6B6B-Gray6
0DimWD-0.5625inW-0.25inD
0Profile-Corrugated Plastic",1Material --> Glass and Transparent --> Air-0RawMaterial-Air-0Color --> Glass and Transparent --> Air-FFFFFF-Clear,0LayerPattern --> 0D-Continuous,,X,X,X,X,X,,,,,
PRESET,,"3Layer1D --> Corrugated Deck --> Plastic
2ModuleWDProfile --> Corrugated Plastic Sheet
1Material --> Synthetic and Polymer --> Plastic-0RawMaterial-Plastic-0Color --> Abstract-6B6B6B-Gray6
0DimWD-0.75inW-0.75inD
0Profile-Corrugated Plastic
1Material --> Glass and Transparent --> Air-0RawMaterial-Air-0Color --> Glass and Transparent --> Air-FFFFFF-Clear
0LayerPattern --> 0D-Continuous",,3Layer1D --> Corrugated Deck --> Plastic,,"0.75in x 0.75in, Corrugated Plastic Sheet, Plastic, Gray 6, Air, Clear","(""IconDimX"",64),(""IconDimZ"",48)",,"2ModuleWDProfile --> Corrugated Plastic Sheet
1Material --> Synthetic and Polymer --> Plastic-0RawMaterial-Plastic-0Color --> Abstract-6B6B6B-Gray6
0DimWD-0.75inW-0.75inD
0Profile-Corrugated Plastic",1Material --> Glass and Transparent --> Air-0RawMaterial-Air-0Color --> Glass and Transparent --> Air-FFFFFF-Clear,0LayerPattern --> 0D-Continuous,,X,X,X,X,X,,,,,
PRESET,,"3Layer1D --> Corrugated Deck --> Plastic
2ModuleWDProfile --> Corrugated Plastic Sheet
1Material --> Synthetic and Polymer --> Plastic-0RawMaterial-Plastic-0Color --> Abstract-6B6B6B-Gray6
0DimWD-1.5inW-1.5inD
0Profile-Corrugated Plastic
1Material --> Glass and Transparent --> Air-0RawMaterial-Air-0Color --> Glass and Transparent --> Air-FFFFFF-Clear
0LayerPattern --> 0D-Continuous",,3Layer1D --> Corrugated Deck --> Plastic,,"1.5in x 1.5in, Corrugated Plastic Sheet, Plastic, Gray 6, Air, Clear","(""IconDimX"",64),(""IconDimZ"",48)",,"2ModuleWDProfile --> Corrugated Plastic Sheet
1Material --> Synthetic and Polymer --> Plastic-0RawMaterial-Plastic-0Color --> Abstract-6B6B6B-Gray6
0DimWD-1.5inW-1.5inD
0Profile-Corrugated Plastic",1Material --> Glass and Transparent --> Air-0RawMaterial-Air-0Color --> Glass and Transparent --> Air-FFFFFF-Clear,0LayerPattern --> 0D-Continuous,,X,X,X,X,X,,,,,
PRESET,,"3Layer1D --> Corrugated Deck --> Plastic
2ModuleWDProfile --> Corrugated Plastic Sheet
1Material --> Synthetic and Polymer --> Plastic-0RawMaterial-Plastic-0Color --> Abstract-6B6B6B-Gray6
0DimWD-1inW-1inD
0Profile-Corrugated Plastic
1Material --> Glass and Transparent --> Air-0RawMaterial-Air-0Color --> Glass and Transparent --> Air-FFFFFF-Clear
0LayerPattern --> 0D-Continuous",,3Layer1D --> Corrugated Deck --> Plastic,,"1in x 1in, Corrugated Plastic Sheet, Plastic, Gray 6, Air, Clear","(""IconDimX"",64),(""IconDimZ"",48)",,"2ModuleWDProfile --> Corrugated Plastic Sheet
1Material --> Synthetic and Polymer --> Plastic-0RawMaterial-Plastic-0Color --> Abstract-6B6B6B-Gray6
0DimWD-1inW-1inD
0Profile-Corrugated Plastic",1Material --> Glass and Transparent --> Air-0RawMaterial-Air-0Color --> Glass and Transparent --> Air-FFFFFF-Clear,0LayerPattern --> 0D-Continuous,,X,X,X,X,X,,,,,
PRESET,,"3Layer1D --> Corrugated Deck --> Plastic
2ModuleWDProfile --> Corrugated Steel Deck
1Material --> Metal --> Steel-0RawMaterial-Steel-0Color --> Metal --> Steel-FFFFFF-Untinted
0DimWD-6inW-1.5inD
0Profile-Corrugated Steel
1Material --> Glass and Transparent --> Air-0RawMaterial-Air-0Color --> Glass and Transparent --> Air-FFFFFF-Clear
0LayerPattern --> 0D-Continuous",,3Layer1D --> Corrugated Deck --> Plastic,,"6in x 1.5in, Corrugated Steel Deck, Steel, Untinted, Air, Clear","(""IconDimX"",64),(""IconDimZ"",48)",,"2ModuleWDProfile --> Corrugated Steel Deck
1Material --> Metal --> Steel-0RawMaterial-Steel-0Color --> Metal --> Steel-FFFFFF-Untinted
0DimWD-6inW-1.5inD
0Profile-Corrugated Steel",1Material --> Glass and Transparent --> Air-0RawMaterial-Air-0Color --> Glass and Transparent --> Air-FFFFFF-Clear,0LayerPattern --> 0D-Continuous,,X,X,X,X,X,,,,,
PRESET,,"3Layer1D --> Corrugated Deck --> Plastic
2ModuleWDProfile --> Corrugated Steel Deck
1Material --> Metal --> Steel-0RawMaterial-Steel-0Color --> Metal --> Steel-FFFFFF-Untinted
0DimWD-6inW-1.5inD
0Profile-Corrugated Steel
1Material --> Glass and Transparent --> Air-0RawMaterial-Air-0Color --> Glass and Transparent --> Air-FFFFFF-Clear
0LayerPattern --> 0D-Continuous",,3Layer1D --> Corrugated Deck --> Plastic,,"6in x 1.5in, Corrugated Steel Deck, Steel, Untinted, Air, Clear","(""IconDimX"",64),(""IconDimZ"",48)",,"2ModuleWDProfile --> Corrugated Steel Deck
1Material --> Metal --> Steel-0RawMaterial-Steel-0Color --> Metal --> Steel-FFFFFF-Untinted
0DimWD-6inW-1.5inD
0Profile-Corrugated Steel",1Material --> Glass and Transparent --> Air-0RawMaterial-Air-0Color --> Glass and Transparent --> Air-FFFFFF-Clear,0LayerPattern --> 0D-Continuous,,X,X,X,X,X,,,,,
PRESET,,"3Layer1D --> Corrugated Deck --> Plastic
2ModuleWDProfile --> Corrugated Steel Deck
1Material --> Metal --> Steel-0RawMaterial-Steel-0Color --> Metal --> Steel-EAEAEA-Gray1
0DimWD-6inW-2inD
0Profile-Corrugated Steel
1Material --> Glass and Transparent --> Air-0RawMaterial-Air-0Color --> Glass and Transparent --> Air-FFFFFF-Clear
0LayerPattern --> 0D-Continuous",,3Layer1D --> Corrugated Deck --> Plastic,,"6in x 2in, Corrugated Steel Deck, Steel, Gray 1, Air, Clear","(""IconDimX"",64),(""IconDimZ"",48)",,"2ModuleWDProfile --> Corrugated Steel Deck
1Material --> Metal --> Steel-0RawMaterial-Steel-0Color --> Metal --> Steel-EAEAEA-Gray1
0DimWD-6inW-2inD
0Profile-Corrugated Steel",1Material --> Glass and Transparent --> Air-0RawMaterial-Air-0Color --> Glass and Transparent --> Air-FFFFFF-Clear,0LayerPattern --> 0D-Continuous,,X,X,X,X,X,,,,,
PRESET,,"3Layer1D --> Corrugated Deck --> Plastic
2ModuleWDProfile --> Corrugated Steel Deck
1Material --> Metal --> Steel-0RawMaterial-Steel-0Color --> Metal --> Steel-D5D5D5-Gray2
0DimWD-6inW-3inD
0Profile-Corrugated Steel
1Material --> Glass and Transparent --> Air-0RawMaterial-Air-0Color --> Glass and Transparent --> Air-FFFFFF-Clear
0LayerPattern --> 0D-Continuous",,3Layer1D --> Corrugated Deck --> Plastic,,"6in x 3in, Corrugated Steel Deck, Steel, Gray 2, Air, Clear","(""IconDimX"",64),(""IconDimZ"",48)",,"2ModuleWDProfile --> Corrugated Steel Deck
1Material --> Metal --> Steel-0RawMaterial-Steel-0Color --> Metal --> Steel-D5D5D5-Gray2
0DimWD-6inW-3inD
0Profile-Corrugated Steel",1Material --> Glass and Transparent --> Air-0RawMaterial-Air-0Color --> Glass and Transparent --> Air-FFFFFF-Clear,0LayerPattern --> 0D-Continuous,,X,X,X,X,X,,,,,
PRESET,,"3Layer1D --> Corrugated Deck --> Plastic
2ModuleWDProfile --> Corrugated Steel Deck
1Material --> Metal --> Steel-0RawMaterial-Steel-0Color --> Metal --> Steel-C0C0C0-Gray3
0DimWD-6inW-4.5inD
0Profile-Corrugated Steel
1Material --> Glass and Transparent --> Air-0RawMaterial-Air-0Color --> Glass and Transparent --> Air-FFFFFF-Clear
0LayerPattern --> 0D-Continuous",,3Layer1D --> Corrugated Deck --> Plastic,,"6in x 4.5in, Corrugated Steel Deck, Steel, Gray 3, Air, Clear","(""IconDimX"",64),(""IconDimZ"",48)",,"2ModuleWDProfile --> Corrugated Steel Deck
1Material --> Metal --> Steel-0RawMaterial-Steel-0Color --> Metal --> Steel-C0C0C0-Gray3
0DimWD-6inW-4.5inD
0Profile-Corrugated Steel",1Material --> Glass and Transparent --> Air-0RawMaterial-Air-0Color --> Glass and Transparent --> Air-FFFFFF-Clear,0LayerPattern --> 0D-Continuous,,X,X,X,X,X,,,,,
PRESET,,"3Layer1D --> Corrugated Deck --> Plastic
2ModuleWDProfile --> Steel C-Channel
1Material --> Metal --> Steel-0RawMaterial-Steel-0Color --> Metal --> Steel-FFFFFF-Untinted
0DimWD-1.625inW-1.625inD
0Profile-Steel C-Stud
1Material --> Glass and Transparent --> Air-0RawMaterial-Air-0Color --> Glass and Transparent --> Air-FFFFFF-Clear
0LayerPattern --> 0D-Continuous",,3Layer1D --> Corrugated Deck --> Plastic,,"1.625in x 1.625in, Steel C-Channel, Steel, Untinted, Air, Clear","(""IconDimX"",64),(""IconDimZ"",48)",,"2ModuleWDProfile --> Steel C-Channel
1Material --> Metal --> Steel-0RawMaterial-Steel-0Color --> Metal --> Steel-FFFFFF-Untinted
0DimWD-1.625inW-1.625inD
0Profile-Steel C-Stud",1Material --> Glass and Transparent --> Air-0RawMaterial-Air-0Color --> Glass and Transparent --> Air-FFFFFF-Clear,0LayerPattern --> 0D-Continuous,,X,X,X,X,X,,,,,
PRESET,,"3Layer1D --> Corrugated Deck --> Plastic
2ModuleWDProfile --> Steel C-Channel
1Material --> Metal --> Steel-0RawMaterial-Steel-0Color --> Metal --> Steel-FFFFFF-Untinted
0DimWD-1.625inW-2inD
0Profile-Steel C-Stud
1Material --> Glass and Transparent --> Air-0RawMaterial-Air-0Color --> Glass and Transparent --> Air-FFFFFF-Clear
0LayerPattern --> 0D-Continuous",,3Layer1D --> Corrugated Deck --> Plastic,,"1.625in x 2in, Steel C-Channel, Steel, Untinted, Air, Clear","(""IconDimX"",64),(""IconDimZ"",48)",,"2ModuleWDProfile --> Steel C-Channel
1Material --> Metal --> Steel-0RawMaterial-Steel-0Color --> Metal --> Steel-FFFFFF-Untinted
0DimWD-1.625inW-2inD
0Profile-Steel C-Stud",1Material --> Glass and Transparent --> Air-0RawMaterial-Air-0Color --> Glass and Transparent --> Air-FFFFFF-Clear,0LayerPattern --> 0D-Continuous,,X,X,X,X,X,,,,,
PRESET,,"3Layer1D --> Corrugated Deck --> Plastic
2ModuleWDProfile --> Steel C-Channel
1Material --> Metal --> Steel-0RawMaterial-Steel-0Color --> Metal --> Steel-FFFFFF-Untinted
0DimWD-1.625inW-2.5inD
0Profile-Steel C-Stud
1Material --> Glass and Transparent --> Air-0RawMaterial-Air-0Color --> Glass and Transparent --> Air-FFFFFF-Clear
0LayerPattern --> 0D-Continuous",,3Layer1D --> Corrugated Deck --> Plastic,,"1.625in x 2.5in, Steel C-Channel, Steel, Untinted, Air, Clear","(""IconDimX"",64),(""IconDimZ"",48)",,"2ModuleWDProfile --> Steel C-Channel
1Material --> Metal --> Steel-0RawMaterial-Steel-0Color --> Metal --> Steel-FFFFFF-Untinted
0DimWD-1.625inW-2.5inD
0Profile-Steel C-Stud",1Material --> Glass and Transparent --> Air-0RawMaterial-Air-0Color --> Glass and Transparent --> Air-FFFFFF-Clear,0LayerPattern --> 0D-Continuous,,X,X,X,X,X,,,,,
PRESET,,"3Layer1D --> Corrugated Deck --> Steel
2ModuleWDProfile --> Corrugated Steel Deck
1Material --> Metal --> Steel-0RawMaterial-Steel-0Color --> Metal --> Steel-FFFFFF-Untinted
0DimWD-6inW-1.5inD
0Profile-Corrugated Steel
1Material --> Glass and Transparent --> Air-0RawMaterial-Air-0Color --> Glass and Transparent --> Air-FFFFFF-Clear
0LayerPattern --> 0D-Continuous",,3Layer1D --> Corrugated Deck --> Steel,,"6in x 1.5in, Corrugated Steel Deck, Steel, Untinted, Air, Clear","(""IconDimX"",64),(""IconDimZ"",48)",,"2ModuleWDProfile --> Corrugated Steel Deck
1Material --> Metal --> Steel-0RawMaterial-Steel-0Color --> Metal --> Steel-FFFFFF-Untinted
0DimWD-6inW-1.5inD
0Profile-Corrugated Steel",1Material --> Glass and Transparent --> Air-0RawMaterial-Air-0Color --> Glass and Transparent --> Air-FFFFFF-Clear,0LayerPattern --> 0D-Continuous,,X,X,X,X,X,,,,,
PRESET,,"3Layer1D --> Corrugated Deck --> Steel
2ModuleWDProfile --> Corrugated Steel Deck
1Material --> Metal --> Steel-0RawMaterial-Steel-0Color --> Metal --> Steel-EAEAEA-Gray1
0DimWD-6inW-2inD
0Profile-Corrugated Steel
1Material --> Glass and Transparent --> Air-0RawMaterial-Air-0Color --> Glass and Transparent --> Air-FFFFFF-Clear
0LayerPattern --> 0D-Continuous",,3Layer1D --> Corrugated Deck --> Steel,,"6in x 2in, Corrugated Steel Deck, Steel, Gray 1, Air, Clear","(""IconDimX"",64),(""IconDimZ"",48)",,"2ModuleWDProfile --> Corrugated Steel Deck
1Material --> Metal --> Steel-0RawMaterial-Steel-0Color --> Metal --> Steel-EAEAEA-Gray1
0DimWD-6inW-2inD
0Profile-Corrugated Steel",1Material --> Glass and Transparent --> Air-0RawMaterial-Air-0Color --> Glass and Transparent --> Air-FFFFFF-Clear,0LayerPattern --> 0D-Continuous,,X,X,X,X,X,,,,,
PRESET,,"3Layer1D --> Corrugated Deck --> Steel
2ModuleWDProfile --> Corrugated Steel Deck
1Material --> Metal --> Steel-0RawMaterial-Steel-0Color --> Metal --> Steel-D5D5D5-Gray2
0DimWD-6inW-3inD
0Profile-Corrugated Steel
1Material --> Glass and Transparent --> Air-0RawMaterial-Air-0Color --> Glass and Transparent --> Air-FFFFFF-Clear
0LayerPattern --> 0D-Continuous",,3Layer1D --> Corrugated Deck --> Steel,,"6in x 3in, Corrugated Steel Deck, Steel, Gray 2, Air, Clear","(""IconDimX"",64),(""IconDimZ"",48)",,"2ModuleWDProfile --> Corrugated Steel Deck
1Material --> Metal --> Steel-0RawMaterial-Steel-0Color --> Metal --> Steel-D5D5D5-Gray2
0DimWD-6inW-3inD
0Profile-Corrugated Steel",1Material --> Glass and Transparent --> Air-0RawMaterial-Air-0Color --> Glass and Transparent --> Air-FFFFFF-Clear,0LayerPattern --> 0D-Continuous,,X,X,X,X,X,,,,,
PRESET,,"3Layer1D --> Corrugated Deck --> Steel
2ModuleWDProfile --> Corrugated Steel Deck
1Material --> Metal --> Steel-0RawMaterial-Steel-0Color --> Metal --> Steel-C0C0C0-Gray3
0DimWD-6inW-4.5inD
0Profile-Corrugated Steel
1Material --> Glass and Transparent --> Air-0RawMaterial-Air-0Color --> Glass and Transparent --> Air-FFFFFF-Clear
0LayerPattern --> 0D-Continuous",,3Layer1D --> Corrugated Deck --> Steel,,"6in x 4.5in, Corrugated Steel Deck, Steel, Gray 3, Air, Clear","(""IconDimX"",64),(""IconDimZ"",48)",,"2ModuleWDProfile --> Corrugated Steel Deck
1Material --> Metal --> Steel-0RawMaterial-Steel-0Color --> Metal --> Steel-C0C0C0-Gray3
0DimWD-6inW-4.5inD
0Profile-Corrugated Steel",1Material --> Glass and Transparent --> Air-0RawMaterial-Air-0Color --> Glass and Transparent --> Air-FFFFFF-Clear,0LayerPattern --> 0D-Continuous,,X,X,X,X,X,,,,,
PRESET,,"3Layer1D --> Furring --> Steel Hat Channel
2ModuleWDProfile --> Steel Hat Channel
1Material --> Metal --> Steel-0RawMaterial-Steel-0Color --> Metal --> Steel-FFFFFF-Untinted
0DimWD-1.25inW-0.5inD
0Profile-Steel Hat Channel
1Material --> Glass and Transparent --> Air-0RawMaterial-Air-0Color --> Glass and Transparent --> Air-FFFFFF-Clear
0LayerPattern --> 1D-16-Inch O.C.",,3Layer1D --> Furring --> Steel Hat Channel,,"1.25in x 0.5in, Steel Hat Channel, Steel, Untinted, Air, Clear, 16-Inch O.C.","(""IconDimX"",64),(""IconDimZ"",48)",,"2ModuleWDProfile --> Steel Hat Channel
1Material --> Metal --> Steel-0RawMaterial-Steel-0Color --> Metal --> Steel-FFFFFF-Untinted
0DimWD-1.25inW-0.5inD
0Profile-Steel Hat Channel",1Material --> Glass and Transparent --> Air-0RawMaterial-Air-0Color --> Glass and Transparent --> Air-FFFFFF-Clear,0LayerPattern --> 1D-16-Inch O.C.,,X,X,X,X,X,,,,,
PRESET,,"3Layer1D --> Furring --> Steel Hat Channel
2ModuleWDProfile --> Steel Hat Channel
1Material --> Metal --> Steel-0RawMaterial-Steel-0Color --> Metal --> Steel-FFFFFF-Untinted
0DimWD-1.25inW-0.875inD
0Profile-Steel Hat Channel
1Material --> Glass and Transparent --> Air-0RawMaterial-Air-0Color --> Glass and Transparent --> Air-FFFFFF-Clear
0LayerPattern --> 1D-24-Inch O.C.",,3Layer1D --> Furring --> Steel Hat Channel,,"1.25in x 0.875in, Steel Hat Channel, Steel, Untinted, Air, Clear, 24-Inch O.C.","(""IconDimX"",64),(""IconDimZ"",48)",,"2ModuleWDProfile --> Steel Hat Channel
1Material --> Metal --> Steel-0RawMaterial-Steel-0Color --> Metal --> Steel-FFFFFF-Untinted
0DimWD-1.25inW-0.875inD
0Profile-Steel Hat Channel",1Material --> Glass and Transparent --> Air-0RawMaterial-Air-0Color --> Glass and Transparent --> Air-FFFFFF-Clear,0LayerPattern --> 1D-24-Inch O.C.,,X,X,X,X,X,,,,,
PRESET,,"3Layer1D --> Furring --> Steel Hat Channel
2ModuleWDProfile --> Steel Hat Channel
1Material --> Metal --> Steel-0RawMaterial-Steel-0Color --> Metal --> Steel-FFFFFF-Untinted
0DimWD-1.25inW-0.875inD
0Profile-Steel Hat Channel
1Material --> Glass and Transparent --> Air-0RawMaterial-Air-0Color --> Glass and Transparent --> Air-FFFFFF-Clear
0LayerPattern --> 1D-16-Inch O.C.",,3Layer1D --> Furring --> Steel Hat Channel,,"1.25in x 0.875in, Steel Hat Channel, Steel, Untinted, Air, Clear, 16-Inch O.C.","(""IconDimX"",64),(""IconDimZ"",48)",,"2ModuleWDProfile --> Steel Hat Channel
1Material --> Metal --> Steel-0RawMaterial-Steel-0Color --> Metal --> Steel-FFFFFF-Untinted
0DimWD-1.25inW-0.875inD
0Profile-Steel Hat Channel",1Material --> Glass and Transparent --> Air-0RawMaterial-Air-0Color --> Glass and Transparent --> Air-FFFFFF-Clear,0LayerPattern --> 1D-16-Inch O.C.,,X,X,X,X,X,,,,,
PRESET,,"3Layer1D --> Furring --> Steel Hat Channel
2ModuleWDProfile --> Steel Hat Channel
1Material --> Metal --> Steel-0RawMaterial-Steel-0Color --> Metal --> Steel-FFFFFF-Untinted
0DimWD-1.25inW-1.5inD
0Profile-Steel Hat Channel
1Material --> Glass and Transparent --> Air-0RawMaterial-Air-0Color --> Glass and Transparent --> Air-FFFFFF-Clear
0LayerPattern --> 1D-24-Inch O.C.",,3Layer1D --> Furring --> Steel Hat Channel,,"1.25in x 1.5in, Steel Hat Channel, Steel, Untinted, Air, Clear, 24-Inch O.C.","(""IconDimX"",64),(""IconDimZ"",48)",,"2ModuleWDProfile --> Steel Hat Channel
1Material --> Metal --> Steel-0RawMaterial-Steel-0Color --> Metal --> Steel-FFFFFF-Untinted
0DimWD-1.25inW-1.5inD
0Profile-Steel Hat Channel",1Material --> Glass and Transparent --> Air-0RawMaterial-Air-0Color --> Glass and Transparent --> Air-FFFFFF-Clear,0LayerPattern --> 1D-24-Inch O.C.,,X,X,X,X,X,,,,,
PRESET,,"3Layer1D --> Furring --> Steel Hat Channel
2ModuleWDProfile --> Steel Hat Channel
1Material --> Metal --> Steel-0RawMaterial-Steel-0Color --> Metal --> Steel-FFFFFF-Untinted
0DimWD-1.25inW-1.5inD
0Profile-Steel Hat Channel
1Material --> Glass and Transparent --> Air-0RawMaterial-Air-0Color --> Glass and Transparent --> Air-FFFFFF-Clear
0LayerPattern --> 1D-16-Inch O.C.",,3Layer1D --> Furring --> Steel Hat Channel,,"1.25in x 1.5in, Steel Hat Channel, Steel, Untinted, Air, Clear, 16-Inch O.C.","(""IconDimX"",64),(""IconDimZ"",48)",,"2ModuleWDProfile --> Steel Hat Channel
1Material --> Metal --> Steel-0RawMaterial-Steel-0Color --> Metal --> Steel-FFFFFF-Untinted
0DimWD-1.25inW-1.5inD
0Profile-Steel Hat Channel",1Material --> Glass and Transparent --> Air-0RawMaterial-Air-0Color --> Glass and Transparent --> Air-FFFFFF-Clear,0LayerPattern --> 1D-16-Inch O.C.,,X,X,X,X,X,,,,,
PRESET,,"3Layer1D --> Furring --> Steel Hat Channel
2ModuleWDProfile --> Steel Web Joist
1Material --> Metal --> Steel-0RawMaterial-Steel-0Color --> Metal --> Steel-FFFFFF-Untinted
0DimWD-3.5inW-9.5inD
0Profile-Steel Web Joist
1Material --> Glass and Transparent --> Air-0RawMaterial-Air-0Color --> Glass and Transparent --> Air-FFFFFF-Clear
0LayerPattern --> 1D-24-Inch O.C.",,3Layer1D --> Furring --> Steel Hat Channel,,"3.5in x 9.5in, Steel Web Joist, Steel, Untinted, Air, Clear, 24-Inch O.C.","(""IconDimX"",64),(""IconDimZ"",48)",,"2ModuleWDProfile --> Steel Web Joist
1Material --> Metal --> Steel-0RawMaterial-Steel-0Color --> Metal --> Steel-FFFFFF-Untinted
0DimWD-3.5inW-9.5inD
0Profile-Steel Web Joist",1Material --> Glass and Transparent --> Air-0RawMaterial-Air-0Color --> Glass and Transparent --> Air-FFFFFF-Clear,0LayerPattern --> 1D-24-Inch O.C.,,X,X,X,X,X,,,,,
PRESET,,"3Layer1D --> Furring --> Steel Z Channel
2ModuleWDProfile --> Steel Z Channel
1Material --> Metal --> Steel-0RawMaterial-Steel-0Color --> Metal --> Steel-FFFFFF-Untinted
0DimWD-2inW-1inD
0Profile-Steel Z Channel
1Material --> Glass and Transparent --> Air-0RawMaterial-Air-0Color --> Glass and Transparent --> Air-FFFFFF-Clear
0LayerPattern --> 1D-16-Inch O.C.",,3Layer1D --> Furring --> Steel Z Channel,,"2in x 1in, Steel Z Channel, Steel, Untinted, Air, Clear, 16-Inch O.C.","(""IconDimX"",64),(""IconDimZ"",48)",,"2ModuleWDProfile --> Steel Z Channel
1Material --> Metal --> Steel-0RawMaterial-Steel-0Color --> Metal --> Steel-FFFFFF-Untinted
0DimWD-2inW-1inD
0Profile-Steel Z Channel",1Material --> Glass and Transparent --> Air-0RawMaterial-Air-0Color --> Glass and Transparent --> Air-FFFFFF-Clear,0LayerPattern --> 1D-16-Inch O.C.,,X,X,X,X,X,,,,,
PRESET,,"3Layer1D --> Furring --> Steel Z Channel
2ModuleWDProfile --> Steel Z Channel
1Material --> Metal --> Steel-0RawMaterial-Steel-0Color --> Metal --> Steel-FFFFFF-Untinted
0DimWD-2inW-1inD
0Profile-Steel Z Channel
1Material --> Synthetic and Polymer --> Foam - Extruded Polystyrene-0RawMaterial-Foam (Extruded Polystyrene)-0Color --> Synthetic and Polymer --> Foam - Extruded Polystyrene-ECB9BE-Pink
0LayerPattern --> 1D-24-Inch O.C.",,3Layer1D --> Furring --> Steel Z Channel,,"2in x 1in, Steel Z Channel, Steel, Untinted, Foam (Extruded Polystyrene), Pink, 24-Inch O.C.","(""IconDimX"",64),(""IconDimZ"",48)",,"2ModuleWDProfile --> Steel Z Channel
1Material --> Metal --> Steel-0RawMaterial-Steel-0Color --> Metal --> Steel-FFFFFF-Untinted
0DimWD-2inW-1inD
0Profile-Steel Z Channel",1Material --> Synthetic and Polymer --> Foam - Extruded Polystyrene-0RawMaterial-Foam (Extruded Polystyrene)-0Color --> Synthetic and Polymer --> Foam - Extruded Polystyrene-ECB9BE-Pink,0LayerPattern --> 1D-24-Inch O.C.,,X,X,X,X,X,,,,,
PRESET,,"3Layer1D --> Furring --> Steel Z Channel
2ModuleWDProfile --> Steel Z Channel
1Material --> Metal --> Steel-0RawMaterial-Steel-0Color --> Metal --> Steel-FFFFFF-Untinted
0DimWD-2inW-1.5inD
0Profile-Steel Z Channel
1Material --> Glass and Transparent --> Air-0RawMaterial-Air-0Color --> Glass and Transparent --> Air-FFFFFF-Clear
0LayerPattern --> 1D-24-Inch O.C.",,3Layer1D --> Furring --> Steel Z Channel,,"2in x 1.5in, Steel Z Channel, Steel, Untinted, Air, Clear, 24-Inch O.C.","(""IconDimX"",64),(""IconDimZ"",48)",,"2ModuleWDProfile --> Steel Z Channel
1Material --> Metal --> Steel-0RawMaterial-Steel-0Color --> Metal --> Steel-FFFFFF-Untinted
0DimWD-2inW-1.5inD
0Profile-Steel Z Channel",1Material --> Glass and Transparent --> Air-0RawMaterial-Air-0Color --> Glass and Transparent --> Air-FFFFFF-Clear,0LayerPattern --> 1D-24-Inch O.C.,,X,X,X,X,X,,,,,
PRESET,,"3Layer1D --> Furring --> Steel Z Channel
2ModuleWDProfile --> Steel Z Channel
1Material --> Metal --> Steel-0RawMaterial-Steel-0Color --> Metal --> Steel-FFFFFF-Untinted
0DimWD-2inW-1.5inD
0Profile-Steel Z Channel
1Material --> Synthetic and Polymer --> Foam - Extruded Polystyrene-0RawMaterial-Foam (Extruded Polystyrene)-0Color --> Synthetic and Polymer --> Foam - Extruded Polystyrene-ECB9BE-Pink
0LayerPattern --> 1D-24-Inch O.C.",,3Layer1D --> Furring --> Steel Z Channel,,"2in x 1.5in, Steel Z Channel, Steel, Untinted, Foam (Extruded Polystyrene), Pink, 24-Inch O.C.","(""IconDimX"",64),(""IconDimZ"",48)",,"2ModuleWDProfile --> Steel Z Channel
1Material --> Metal --> Steel-0RawMaterial-Steel-0Color --> Metal --> Steel-FFFFFF-Untinted
0DimWD-2inW-1.5inD
0Profile-Steel Z Channel",1Material --> Synthetic and Polymer --> Foam - Extruded Polystyrene-0RawMaterial-Foam (Extruded Polystyrene)-0Color --> Synthetic and Polymer --> Foam - Extruded Polystyrene-ECB9BE-Pink,0LayerPattern --> 1D-24-Inch O.C.,,X,X,X,X,X,,,,,
PRESET,,"3Layer1D --> Furring --> Steel Z Channel
2ModuleWDProfile --> Steel Z Channel
1Material --> Metal --> Steel-0RawMaterial-Steel-0Color --> Metal --> Steel-FFFFFF-Untinted
0DimWD-2inW-2inD
0Profile-Steel Z Channel
1Material --> Glass and Transparent --> Air-0RawMaterial-Air-0Color --> Glass and Transparent --> Air-FFFFFF-Clear
0LayerPattern --> 1D-24-Inch O.C.",,3Layer1D --> Furring --> Steel Z Channel,,"2in x 2in, Steel Z Channel, Steel, Untinted, Air, Clear, 24-Inch O.C.","(""IconDimX"",64),(""IconDimZ"",48)",,"2ModuleWDProfile --> Steel Z Channel
1Material --> Metal --> Steel-0RawMaterial-Steel-0Color --> Metal --> Steel-FFFFFF-Untinted
0DimWD-2inW-2inD
0Profile-Steel Z Channel",1Material --> Glass and Transparent --> Air-0RawMaterial-Air-0Color --> Glass and Transparent --> Air-FFFFFF-Clear,0LayerPattern --> 1D-24-Inch O.C.,,X,X,X,X,X,,,,,
PRESET,,"3Layer1D --> Furring --> Steel Z Channel
2ModuleWDProfile --> Steel Z Channel
1Material --> Metal --> Steel-0RawMaterial-Steel-0Color --> Metal --> Steel-FFFFFF-Untinted
0DimWD-2inW-2inD
0Profile-Steel Z Channel
1Material --> Synthetic and Polymer --> Foam - Extruded Polystyrene-0RawMaterial-Foam (Extruded Polystyrene)-0Color --> Synthetic and Polymer --> Foam - Extruded Polystyrene-ECB9BE-Pink
0LayerPattern --> 1D-24-Inch O.C.",,3Layer1D --> Furring --> Steel Z Channel,,"2in x 2in, Steel Z Channel, Steel, Untinted, Foam (Extruded Polystyrene), Pink, 24-Inch O.C.","(""IconDimX"",64),(""IconDimZ"",48)",,"2ModuleWDProfile --> Steel Z Channel
1Material --> Metal --> Steel-0RawMaterial-Steel-0Color --> Metal --> Steel-FFFFFF-Untinted
0DimWD-2inW-2inD
0Profile-Steel Z Channel",1Material --> Synthetic and Polymer --> Foam - Extruded Polystyrene-0RawMaterial-Foam (Extruded Polystyrene)-0Color --> Synthetic and Polymer --> Foam - Extruded Polystyrene-ECB9BE-Pink,0LayerPattern --> 1D-24-Inch O.C.,,X,X,X,X,X,,,,,
PRESET,,"3Layer1D --> Furring --> Steel Z Channel
2ModuleWDProfile --> Steel Z Channel
1Material --> Metal --> Steel-0RawMaterial-Steel-0Color --> Metal --> Steel-FFFFFF-Untinted
0DimWD-2inW-2.5inD
0Profile-Steel Z Channel
1Material --> Glass and Transparent --> Air-0RawMaterial-Air-0Color --> Glass and Transparent --> Air-FFFFFF-Clear
0LayerPattern --> 1D-24-Inch O.C.",,3Layer1D --> Furring --> Steel Z Channel,,"2in x 2.5in, Steel Z Channel, Steel, Untinted, Air, Clear, 24-Inch O.C.","(""IconDimX"",64),(""IconDimZ"",48)",,"2ModuleWDProfile --> Steel Z Channel
1Material --> Metal --> Steel-0RawMaterial-Steel-0Color --> Metal --> Steel-FFFFFF-Untinted
0DimWD-2inW-2.5inD
0Profile-Steel Z Channel",1Material --> Glass and Transparent --> Air-0RawMaterial-Air-0Color --> Glass and Transparent --> Air-FFFFFF-Clear,0LayerPattern --> 1D-24-Inch O.C.,,X,X,X,X,X,,,,,
PRESET,,"3Layer1D --> Furring --> Steel Z Channel
2ModuleWDProfile --> Steel Z Channel
1Material --> Metal --> Steel-0RawMaterial-Steel-0Color --> Metal --> Steel-FFFFFF-Untinted
0DimWD-2inW-2.5inD
0Profile-Steel Z Channel
1Material --> Synthetic and Polymer --> Foam - Extruded Polystyrene-0RawMaterial-Foam (Extruded Polystyrene)-0Color --> Synthetic and Polymer --> Foam - Extruded Polystyrene-ECB9BE-Pink
0LayerPattern --> 1D-24-Inch O.C.",,3Layer1D --> Furring --> Steel Z Channel,,"2in x 2.5in, Steel Z Channel, Steel, Untinted, Foam (Extruded Polystyrene), Pink, 24-Inch O.C.","(""IconDimX"",64),(""IconDimZ"",48)",,"2ModuleWDProfile --> Steel Z Channel
1Material --> Metal --> Steel-0RawMaterial-Steel-0Color --> Metal --> Steel-FFFFFF-Untinted
0DimWD-2inW-2.5inD
0Profile-Steel Z Channel",1Material --> Synthetic and Polymer --> Foam - Extruded Polystyrene-0RawMaterial-Foam (Extruded Polystyrene)-0Color --> Synthetic and Polymer --> Foam - Extruded Polystyrene-ECB9BE-Pink,0LayerPattern --> 1D-24-Inch O.C.,,X,X,X,X,X,,,,,
PRESET,,"3Layer1D --> Furring --> Wood Strips
2ModuleWDProfile --> Wood Lumber
1Material --> Wood --> Spruce-Pine-Fir-0RawMaterial-Spruce-Pine-Fir-0Color --> Wood --> Spruce-Pine-Fir-FFFFFF-Natural
0DimWD-0.75inW-1.5inD
0Profile-Solid Rectangle
1Material --> Glass and Transparent --> Air-0RawMaterial-Air-0Color --> Glass and Transparent --> Air-FFFFFF-Clear
0LayerPattern --> 1D-16-Inch O.C.",,3Layer1D --> Furring --> Wood Strips,,"1x2, Wood Lumber, Spruce-Pine-Fir, Natural, Air, Clear, 16-Inch O.C.","(""IconDimX"",64),(""IconDimZ"",48)",,"2ModuleWDProfile --> Wood Lumber
1Material --> Wood --> Spruce-Pine-Fir-0RawMaterial-Spruce-Pine-Fir-0Color --> Wood --> Spruce-Pine-Fir-FFFFFF-Natural
0DimWD-0.75inW-1.5inD
0Profile-Solid Rectangle",1Material --> Glass and Transparent --> Air-0RawMaterial-Air-0Color --> Glass and Transparent --> Air-FFFFFF-Clear,0LayerPattern --> 1D-16-Inch O.C.,,X,X,X,X,X,,,,,
PRESET,,"3Layer1D --> Furring --> Wood Strips
2ModuleWDProfile --> Wood Lumber
1Material --> Wood --> Spruce-Pine-Fir-0RawMaterial-Spruce-Pine-Fir-0Color --> Wood --> Spruce-Pine-Fir-FFFFFF-Natural
0DimWD-0.75inW-1.5inD
0Profile-Solid Rectangle
1Material --> Synthetic and Polymer --> Foam - Extruded Polystyrene-0RawMaterial-Foam (Extruded Polystyrene)-0Color --> Synthetic and Polymer --> Foam - Extruded Polystyrene-ECB9BE-Pink
0LayerPattern --> 1D-24-Inch O.C.",,3Layer1D --> Furring --> Wood Strips,,"1x2, Wood Lumber, Spruce-Pine-Fir, Natural, Foam (Extruded Polystyrene), Pink, 24-Inch O.C.","(""IconDimX"",64),(""IconDimZ"",48)",,"2ModuleWDProfile --> Wood Lumber
1Material --> Wood --> Spruce-Pine-Fir-0RawMaterial-Spruce-Pine-Fir-0Color --> Wood --> Spruce-Pine-Fir-FFFFFF-Natural
0DimWD-0.75inW-1.5inD
0Profile-Solid Rectangle",1Material --> Synthetic and Polymer --> Foam - Extruded Polystyrene-0RawMaterial-Foam (Extruded Polystyrene)-0Color --> Synthetic and Polymer --> Foam - Extruded Polystyrene-ECB9BE-Pink,0LayerPattern --> 1D-24-Inch O.C.,,X,X,X,X,,,,,,
PRESET,,"3Layer1D --> Furring --> Wood Strips
2ModuleWDProfile --> Wood Lumber
1Material --> Wood --> Spruce-Pine-Fir-0RawMaterial-Spruce-Pine-Fir-0Color --> Wood --> Spruce-Pine-Fir-FFFFFF-Natural
0DimWD-0.75inW-2.5inD
0Profile-Solid Rectangle
1Material --> Synthetic and Polymer --> Foam - Extruded Polystyrene-0RawMaterial-Foam (Extruded Polystyrene)-0Color --> Synthetic and Polymer --> Foam - Extruded Polystyrene-ECB9BE-Pink
0LayerPattern --> 1D-16-Inch O.C.",,3Layer1D --> Furring --> Wood Strips,,"0.75in x 2.5in, Wood Lumber, Spruce-Pine-Fir, Natural, Foam (Extruded Polystyrene), Pink, 16-Inch O.C.","(""IconDimX"",64),(""IconDimZ"",48)",,"2ModuleWDProfile --> Wood Lumber
1Material --> Wood --> Spruce-Pine-Fir-0RawMaterial-Spruce-Pine-Fir-0Color --> Wood --> Spruce-Pine-Fir-FFFFFF-Natural
0DimWD-0.75inW-2.5inD
0Profile-Solid Rectangle",1Material --> Synthetic and Polymer --> Foam - Extruded Polystyrene-0RawMaterial-Foam (Extruded Polystyrene)-0Color --> Synthetic and Polymer --> Foam - Extruded Polystyrene-ECB9BE-Pink,0LayerPattern --> 1D-16-Inch O.C.,,X,X,X,X,,,,,,
PRESET,,"3Layer1D --> Furring --> Wood Strips
2ModuleWDProfile --> Wood Lumber
1Material --> Wood --> Spruce-Pine-Fir-0RawMaterial-Spruce-Pine-Fir-0Color --> Wood --> Spruce-Pine-Fir-FFFFFF-Natural
0DimWD-0.75inW-2.5inD
0Profile-Solid Rectangle
1Material --> Synthetic and Polymer --> Foam - Extruded Polystyrene-0RawMaterial-Foam (Extruded Polystyrene)-0Color --> Synthetic and Polymer --> Foam - Extruded Polystyrene-ECB9BE-Pink
0LayerPattern --> 1D-24-Inch O.C.",,3Layer1D --> Furring --> Wood Strips,,"0.75in x 2.5in, Wood Lumber, Spruce-Pine-Fir, Natural, Foam (Extruded Polystyrene), Pink, 24-Inch O.C.","(""IconDimX"",64),(""IconDimZ"",48)",,"2ModuleWDProfile --> Wood Lumber
1Material --> Wood --> Spruce-Pine-Fir-0RawMaterial-Spruce-Pine-Fir-0Color --> Wood --> Spruce-Pine-Fir-FFFFFF-Natural
0DimWD-0.75inW-2.5inD
0Profile-Solid Rectangle",1Material --> Synthetic and Polymer --> Foam - Extruded Polystyrene-0RawMaterial-Foam (Extruded Polystyrene)-0Color --> Synthetic and Polymer --> Foam - Extruded Polystyrene-ECB9BE-Pink,0LayerPattern --> 1D-24-Inch O.C.,,X,X,X,X,,,,,,
PRESET,,"3Layer1D --> Furring --> Wood Strips
2ModuleWDProfile --> Wood Lumber
1Material --> Wood --> Spruce-Pine-Fir-0RawMaterial-Spruce-Pine-Fir-0Color --> Wood --> Spruce-Pine-Fir-FFFFFF-Natural
0DimWD-0.75inW-3.5inD
0Profile-Solid Rectangle
1Material --> Synthetic and Polymer --> Foam - Extruded Polystyrene-0RawMaterial-Foam (Extruded Polystyrene)-0Color --> Synthetic and Polymer --> Foam - Extruded Polystyrene-ECB9BE-Pink
0LayerPattern --> 1D-16-Inch O.C.",,3Layer1D --> Furring --> Wood Strips,,"0.75in x 3.5in, Wood Lumber, Spruce-Pine-Fir, Natural, Foam (Extruded Polystyrene), Pink, 16-Inch O.C.","(""IconDimX"",64),(""IconDimZ"",48)",,"2ModuleWDProfile --> Wood Lumber
1Material --> Wood --> Spruce-Pine-Fir-0RawMaterial-Spruce-Pine-Fir-0Color --> Wood --> Spruce-Pine-Fir-FFFFFF-Natural
0DimWD-0.75inW-3.5inD
0Profile-Solid Rectangle",1Material --> Synthetic and Polymer --> Foam - Extruded Polystyrene-0RawMaterial-Foam (Extruded Polystyrene)-0Color --> Synthetic and Polymer --> Foam - Extruded Polystyrene-ECB9BE-Pink,0LayerPattern --> 1D-16-Inch O.C.,,X,X,X,X,,,,,,
PRESET,,"3Layer1D --> Furring --> Wood Strips
2ModuleWDProfile --> Wood Lumber
1Material --> Wood --> Spruce-Pine-Fir-0RawMaterial-Spruce-Pine-Fir-0Color --> Wood --> Spruce-Pine-Fir-FFFFFF-Natural
0DimWD-0.75inW-3.5inD
0Profile-Solid Rectangle
1Material --> Synthetic and Polymer --> Foam - Extruded Polystyrene-0RawMaterial-Foam (Extruded Polystyrene)-0Color --> Synthetic and Polymer --> Foam - Extruded Polystyrene-ECB9BE-Pink
0LayerPattern --> 1D-24-Inch O.C.",,3Layer1D --> Furring --> Wood Strips,,"0.75in x 3.5in, Wood Lumber, Spruce-Pine-Fir, Natural, Foam (Extruded Polystyrene), Pink, 24-Inch O.C.","(""IconDimX"",64),(""IconDimZ"",48)",,"2ModuleWDProfile --> Wood Lumber
1Material --> Wood --> Spruce-Pine-Fir-0RawMaterial-Spruce-Pine-Fir-0Color --> Wood --> Spruce-Pine-Fir-FFFFFF-Natural
0DimWD-0.75inW-3.5inD
0Profile-Solid Rectangle",1Material --> Synthetic and Polymer --> Foam - Extruded Polystyrene-0RawMaterial-Foam (Extruded Polystyrene)-0Color --> Synthetic and Polymer --> Foam - Extruded Polystyrene-ECB9BE-Pink,0LayerPattern --> 1D-24-Inch O.C.,,X,X,X,X,,,,,,
PRESET,,"3Layer1D --> Joist --> Wood
2ModuleWDProfile --> Wood Lumber
1Material --> Wood --> Spruce-Pine-Fir-0RawMaterial-Spruce-Pine-Fir-0Color --> Wood --> Spruce-Pine-Fir-FFFFFF-Natural
0DimWD-1.5inW-5.5inD
0Profile-Solid Rectangle
1Material --> Synthetic and Polymer --> Foam - Extruded Polystyrene-0RawMaterial-Foam (Extruded Polystyrene)-0Color --> Synthetic and Polymer --> Foam - Extruded Polystyrene-ECB9BE-Pink
0LayerPattern --> 1D-24-Inch O.C.",,3Layer1D --> Joist --> Wood,,"2x6, Wood Lumber, Spruce-Pine-Fir, Natural, Foam (Extruded Polystyrene), Pink, 24-Inch O.C.","(""IconDimX"",64),(""IconDimZ"",48)",,"2ModuleWDProfile --> Wood Lumber
1Material --> Wood --> Spruce-Pine-Fir-0RawMaterial-Spruce-Pine-Fir-0Color --> Wood --> Spruce-Pine-Fir-FFFFFF-Natural
0DimWD-1.5inW-5.5inD
0Profile-Solid Rectangle",1Material --> Synthetic and Polymer --> Foam - Extruded Polystyrene-0RawMaterial-Foam (Extruded Polystyrene)-0Color --> Synthetic and Polymer --> Foam - Extruded Polystyrene-ECB9BE-Pink,0LayerPattern --> 1D-24-Inch O.C.,,,X,X,X,,,,,,
PRESET,,"3Layer1D --> Joist --> Wood
2ModuleWDProfile --> Wood Lumber
1Material --> Wood --> Spruce-Pine-Fir-0RawMaterial-Spruce-Pine-Fir-0Color --> Wood --> Spruce-Pine-Fir-FFFFFF-Natural
0DimWD-1.5inW-5.5inD
0Profile-Solid Rectangle
1Material --> Glass and Transparent --> Air-0RawMaterial-Air-0Color --> Glass and Transparent --> Air-FFFFFF-Clear
0LayerPattern --> 1D-24-Inch O.C.",,3Layer1D --> Joist --> Wood,,"2x6, Wood Lumber, Spruce-Pine-Fir, Natural, Air, Clear, 24-Inch O.C.","(""IconDimX"",64),(""IconDimZ"",48)",,"2ModuleWDProfile --> Wood Lumber
1Material --> Wood --> Spruce-Pine-Fir-0RawMaterial-Spruce-Pine-Fir-0Color --> Wood --> Spruce-Pine-Fir-FFFFFF-Natural
0DimWD-1.5inW-5.5inD
0Profile-Solid Rectangle",1Material --> Glass and Transparent --> Air-0RawMaterial-Air-0Color --> Glass and Transparent --> Air-FFFFFF-Clear,0LayerPattern --> 1D-24-Inch O.C.,,,X,X,X,,,,,,
PRESET,,"3Layer1D --> Joist --> Wood
2ModuleWDProfile --> Wood Lumber
1Material --> Wood --> Spruce-Pine-Fir-0RawMaterial-Spruce-Pine-Fir-0Color --> Wood --> Spruce-Pine-Fir-FFFFFF-Natural
0DimWD-1.5inW-7.25inD
0Profile-Solid Rectangle
1Material --> Synthetic and Polymer --> Foam - Extruded Polystyrene-0RawMaterial-Foam (Extruded Polystyrene)-0Color --> Synthetic and Polymer --> Foam - Extruded Polystyrene-ECB9BE-Pink
0LayerPattern --> 1D-24-Inch O.C.",,3Layer1D --> Joist --> Wood,,"2x8, Wood Lumber, Spruce-Pine-Fir, Natural, Foam (Extruded Polystyrene), Pink, 24-Inch O.C.","(""IconDimX"",64),(""IconDimZ"",48)",,"2ModuleWDProfile --> Wood Lumber
1Material --> Wood --> Spruce-Pine-Fir-0RawMaterial-Spruce-Pine-Fir-0Color --> Wood --> Spruce-Pine-Fir-FFFFFF-Natural
0DimWD-1.5inW-7.25inD
0Profile-Solid Rectangle",1Material --> Synthetic and Polymer --> Foam - Extruded Polystyrene-0RawMaterial-Foam (Extruded Polystyrene)-0Color --> Synthetic and Polymer --> Foam - Extruded Polystyrene-ECB9BE-Pink,0LayerPattern --> 1D-24-Inch O.C.,,,X,X,X,,,,,,
PRESET,,"3Layer1D --> Joist --> Wood
2ModuleWDProfile --> Wood Lumber
1Material --> Wood --> Spruce-Pine-Fir-0RawMaterial-Spruce-Pine-Fir-0Color --> Wood --> Spruce-Pine-Fir-FFFFFF-Natural
0DimWD-1.5inW-7.25inD
0Profile-Solid Rectangle
1Material --> Glass and Transparent --> Air-0RawMaterial-Air-0Color --> Glass and Transparent --> Air-FFFFFF-Clear
0LayerPattern --> 1D-24-Inch O.C.",,3Layer1D --> Joist --> Wood,,"2x8, Wood Lumber, Spruce-Pine-Fir, Natural, Air, Clear, 24-Inch O.C.","(""IconDimX"",64),(""IconDimZ"",48)",,"2ModuleWDProfile --> Wood Lumber
1Material --> Wood --> Spruce-Pine-Fir-0RawMaterial-Spruce-Pine-Fir-0Color --> Wood --> Spruce-Pine-Fir-FFFFFF-Natural
0DimWD-1.5inW-7.25inD
0Profile-Solid Rectangle",1Material --> Glass and Transparent --> Air-0RawMaterial-Air-0Color --> Glass and Transparent --> Air-FFFFFF-Clear,0LayerPattern --> 1D-24-Inch O.C.,,,X,X,X,,,,,,
PRESET,,"3Layer1D --> Joist --> Wood
2ModuleWDProfile --> Wood Lumber
1Material --> Wood --> Spruce-Pine-Fir-0RawMaterial-Spruce-Pine-Fir-0Color --> Wood --> Spruce-Pine-Fir-FFFFFF-Natural
0DimWD-1.5inW-9.25inD
0Profile-Solid Rectangle
1Material --> Synthetic and Polymer --> Foam - Extruded Polystyrene-0RawMaterial-Foam (Extruded Polystyrene)-0Color --> Synthetic and Polymer --> Foam - Extruded Polystyrene-ECB9BE-Pink
0LayerPattern --> 1D-24-Inch O.C.",,3Layer1D --> Joist --> Wood,,"2x10, Wood Lumber, Spruce-Pine-Fir, Natural, Foam (Extruded Polystyrene), Pink, 24-Inch O.C.","(""IconDimX"",64),(""IconDimZ"",48)",,"2ModuleWDProfile --> Wood Lumber
1Material --> Wood --> Spruce-Pine-Fir-0RawMaterial-Spruce-Pine-Fir-0Color --> Wood --> Spruce-Pine-Fir-FFFFFF-Natural
0DimWD-1.5inW-9.25inD
0Profile-Solid Rectangle",1Material --> Synthetic and Polymer --> Foam - Extruded Polystyrene-0RawMaterial-Foam (Extruded Polystyrene)-0Color --> Synthetic and Polymer --> Foam - Extruded Polystyrene-ECB9BE-Pink,0LayerPattern --> 1D-24-Inch O.C.,,,X,X,X,,,,,,
PRESET,,"3Layer1D --> Joist --> Wood
2ModuleWDProfile --> Wood Lumber
1Material --> Wood --> Spruce-Pine-Fir-0RawMaterial-Spruce-Pine-Fir-0Color --> Wood --> Spruce-Pine-Fir-FFFFFF-Natural
0DimWD-1.5inW-9.25inD
0Profile-Solid Rectangle
1Material --> Glass and Transparent --> Air-0RawMaterial-Air-0Color --> Glass and Transparent --> Air-FFFFFF-Clear
0LayerPattern --> 1D-24-Inch O.C.",,3Layer1D --> Joist --> Wood,,"2x10, Wood Lumber, Spruce-Pine-Fir, Natural, Air, Clear, 24-Inch O.C.","(""IconDimX"",64),(""IconDimZ"",48)",,"2ModuleWDProfile --> Wood Lumber
1Material --> Wood --> Spruce-Pine-Fir-0RawMaterial-Spruce-Pine-Fir-0Color --> Wood --> Spruce-Pine-Fir-FFFFFF-Natural
0DimWD-1.5inW-9.25inD
0Profile-Solid Rectangle",1Material --> Glass and Transparent --> Air-0RawMaterial-Air-0Color --> Glass and Transparent --> Air-FFFFFF-Clear,0LayerPattern --> 1D-24-Inch O.C.,,,X,X,X,,,,,,
PRESET,,"3Layer1D --> Joist --> Wood
2ModuleWDProfile --> Wood Lumber
1Material --> Wood --> Spruce-Pine-Fir-0RawMaterial-Spruce-Pine-Fir-0Color --> Wood --> Spruce-Pine-Fir-FFFFFF-Natural
0DimWD-1.5inW-11.25inD
0Profile-Solid Rectangle
1Material --> Synthetic and Polymer --> Foam - Extruded Polystyrene-0RawMaterial-Foam (Extruded Polystyrene)-0Color --> Synthetic and Polymer --> Foam - Extruded Polystyrene-ECB9BE-Pink
0LayerPattern --> 1D-24-Inch O.C.",,3Layer1D --> Joist --> Wood,,"2x12, Wood Lumber, Spruce-Pine-Fir, Natural, Foam (Extruded Polystyrene), Pink, 24-Inch O.C.","(""IconDimX"",64),(""IconDimZ"",48)",,"2ModuleWDProfile --> Wood Lumber
1Material --> Wood --> Spruce-Pine-Fir-0RawMaterial-Spruce-Pine-Fir-0Color --> Wood --> Spruce-Pine-Fir-FFFFFF-Natural
0DimWD-1.5inW-11.25inD
0Profile-Solid Rectangle",1Material --> Synthetic and Polymer --> Foam - Extruded Polystyrene-0RawMaterial-Foam (Extruded Polystyrene)-0Color --> Synthetic and Polymer --> Foam - Extruded Polystyrene-ECB9BE-Pink,0LayerPattern --> 1D-24-Inch O.C.,,,X,X,X,,,,,,
PRESET,,"3Layer1D --> Joist --> Wood
2ModuleWDProfile --> Wood Lumber
1Material --> Fibrous --> Wood Strands-0RawMaterial-Wood Strands-0Color --> Abstract-FFFFFF-White
0DimWD-1.5inW-1.5inD
0Profile-Solid Rectangle
1Material --> Glass and Transparent --> Air-0RawMaterial-Air-0Color --> Glass and Transparent --> Air-FFFFFF-Clear
0LayerPattern --> 1D-24-Inch O.C.",,3Layer1D --> Joist --> Wood,,"1.5in x 1.5in, Wood Lumber, Wood Strands, White, Air, Clear, 24-Inch O.C.","(""IconDimX"",64),(""IconDimZ"",48)",,"2ModuleWDProfile --> Wood Lumber
1Material --> Fibrous --> Wood Strands-0RawMaterial-Wood Strands-0Color --> Abstract-FFFFFF-White
0DimWD-1.5inW-1.5inD
0Profile-Solid Rectangle",1Material --> Glass and Transparent --> Air-0RawMaterial-Air-0Color --> Glass and Transparent --> Air-FFFFFF-Clear,0LayerPattern --> 1D-24-Inch O.C.,,,X,X,X,,,,,,
PRESET,,"3Layer1D --> Joist --> Engineered Wood
2ModuleWDProfile --> Wood Lumber
1Material --> Fibrous --> Wood Strands-0RawMaterial-Wood Strands-0Color --> Abstract-FFFFFF-White
0DimWD-1.5inW-3.5inD
0Profile-Solid Rectangle
1Material --> Glass and Transparent --> Air-0RawMaterial-Air-0Color --> Glass and Transparent --> Air-FFFFFF-Clear
0LayerPattern --> 1D-16-Inch O.C.",,3Layer1D --> Joist --> Engineered Wood,,"2x4, Wood Lumber, Wood Strands, White, Air, Clear, 16-Inch O.C.","(""IconDimX"",64),(""IconDimZ"",48)",,"2ModuleWDProfile --> Wood Lumber
1Material --> Fibrous --> Wood Strands-0RawMaterial-Wood Strands-0Color --> Abstract-FFFFFF-White
0DimWD-1.5inW-3.5inD
0Profile-Solid Rectangle",1Material --> Glass and Transparent --> Air-0RawMaterial-Air-0Color --> Glass and Transparent --> Air-FFFFFF-Clear,0LayerPattern --> 1D-16-Inch O.C.,,,X,X,X,,,,,,
PRESET,,"3Layer1D --> Joist --> Engineered Wood
2ModuleWDProfile --> Wood Lumber
1Material --> Fibrous --> Wood Strands-0RawMaterial-Wood Strands-0Color --> Abstract-FFFFFF-White
0DimWD-1.5inW-5.5inD
0Profile-Solid Rectangle
1Material --> Synthetic and Polymer --> Foam - Extruded Polystyrene-0RawMaterial-Foam (Extruded Polystyrene)-0Color --> Synthetic and Polymer --> Foam - Extruded Polystyrene-ECB9BE-Pink
0LayerPattern --> 1D-24-Inch O.C.",,3Layer1D --> Joist --> Engineered Wood,,"2x6, Wood Lumber, Wood Strands, White, Foam (Extruded Polystyrene), Pink, 24-Inch O.C.","(""IconDimX"",64),(""IconDimZ"",48)",,"2ModuleWDProfile --> Wood Lumber
1Material --> Fibrous --> Wood Strands-0RawMaterial-Wood Strands-0Color --> Abstract-FFFFFF-White
0DimWD-1.5inW-5.5inD
0Profile-Solid Rectangle",1Material --> Synthetic and Polymer --> Foam - Extruded Polystyrene-0RawMaterial-Foam (Extruded Polystyrene)-0Color --> Synthetic and Polymer --> Foam - Extruded Polystyrene-ECB9BE-Pink,0LayerPattern --> 1D-24-Inch O.C.,,,X,X,X,,,,,,
PRESET,,"3Layer1D --> Joist --> Engineered Wood
2ModuleWDProfile --> Wood Lumber
1Material --> Fibrous --> Wood Strands-0RawMaterial-Wood Strands-0Color --> Abstract-FFFFFF-White
0DimWD-1.5inW-7.25inD
0Profile-Solid Rectangle
1Material --> Synthetic and Polymer --> Foam - Extruded Polystyrene-0RawMaterial-Foam (Extruded Polystyrene)-0Color --> Synthetic and Polymer --> Foam - Extruded Polystyrene-ECB9BE-Pink
0LayerPattern --> 1D-24-Inch O.C.",,3Layer1D --> Joist --> Engineered Wood,,"2x8, Wood Lumber, Wood Strands, White, Foam (Extruded Polystyrene), Pink, 24-Inch O.C.","(""IconDimX"",64),(""IconDimZ"",48)",,"2ModuleWDProfile --> Wood Lumber
1Material --> Fibrous --> Wood Strands-0RawMaterial-Wood Strands-0Color --> Abstract-FFFFFF-White
0DimWD-1.5inW-7.25inD
0Profile-Solid Rectangle",1Material --> Synthetic and Polymer --> Foam - Extruded Polystyrene-0RawMaterial-Foam (Extruded Polystyrene)-0Color --> Synthetic and Polymer --> Foam - Extruded Polystyrene-ECB9BE-Pink,0LayerPattern --> 1D-24-Inch O.C.,,,X,X,X,,,,,,
PRESET,,"3Layer1D --> Joist --> Engineered Wood
2ModuleWDProfile --> Wood Lumber
1Material --> Fibrous --> Wood Strands-0RawMaterial-Wood Strands-0Color --> Abstract-FFFFFF-White
0DimWD-1.5inW-9.25inD
0Profile-Solid Rectangle
1Material --> Synthetic and Polymer --> Foam - Extruded Polystyrene-0RawMaterial-Foam (Extruded Polystyrene)-0Color --> Synthetic and Polymer --> Foam - Extruded Polystyrene-ECB9BE-Pink
0LayerPattern --> 1D-24-Inch O.C.",,3Layer1D --> Joist --> Engineered Wood,,"2x10, Wood Lumber, Wood Strands, White, Foam (Extruded Polystyrene), Pink, 24-Inch O.C.","(""IconDimX"",64),(""IconDimZ"",48)",,"2ModuleWDProfile --> Wood Lumber
1Material --> Fibrous --> Wood Strands-0RawMaterial-Wood Strands-0Color --> Abstract-FFFFFF-White
0DimWD-1.5inW-9.25inD
0Profile-Solid Rectangle",1Material --> Synthetic and Polymer --> Foam - Extruded Polystyrene-0RawMaterial-Foam (Extruded Polystyrene)-0Color --> Synthetic and Polymer --> Foam - Extruded Polystyrene-ECB9BE-Pink,0LayerPattern --> 1D-24-Inch O.C.,,,X,X,X,,,,,,
PRESET,,"3Layer1D --> Joist --> Engineered Wood
2ModuleWDProfile --> Wood Lumber
1Material --> Fibrous --> Wood Strands-0RawMaterial-Wood Strands-0Color --> Abstract-FFFFFF-White
0DimWD-1.5inW-5.5inD
0Profile-Solid Rectangle
1Material --> Synthetic and Polymer --> Foam - Extruded Polystyrene-0RawMaterial-Foam (Extruded Polystyrene)-0Color --> Synthetic and Polymer --> Foam - Extruded Polystyrene-ECB9BE-Pink
0LayerPattern --> 1D-24-Inch O.C.",,3Layer1D --> Joist --> Engineered Wood,,"2x6, Wood Lumber, Wood Strands, White, Foam (Extruded Polystyrene), Pink, 24-Inch O.C.","(""IconDimX"",64),(""IconDimZ"",48)",,"2ModuleWDProfile --> Wood Lumber
1Material --> Fibrous --> Wood Strands-0RawMaterial-Wood Strands-0Color --> Abstract-FFFFFF-White
0DimWD-1.5inW-5.5inD
0Profile-Solid Rectangle",1Material --> Synthetic and Polymer --> Foam - Extruded Polystyrene-0RawMaterial-Foam (Extruded Polystyrene)-0Color --> Synthetic and Polymer --> Foam - Extruded Polystyrene-ECB9BE-Pink,0LayerPattern --> 1D-24-Inch O.C.,,,X,X,X,,,,,,
PRESET,,"3Layer1D --> Joist --> Wood Web Joist
2ModuleWDProfile --> Wood Web Joist
1Material --> Wood --> Spruce-Pine-Fir-0RawMaterial-Spruce-Pine-Fir-0Color --> Wood --> Spruce-Pine-Fir-FFFFFF-Natural
0DimWD-3.5inW-9.5inD
0Profile-Wood Web Joist
1Material --> Glass and Transparent --> Air-0RawMaterial-Air-0Color --> Glass and Transparent --> Air-FFFFFF-Clear
0LayerPattern --> 1D-16-Inch O.C.",,3Layer1D --> Joist --> Wood Web Joist,,"3.5in x 9.5in, Wood Web Joist, Spruce-Pine-Fir, Natural, Air, Clear, 16-Inch O.C.","(""IconDimX"",64),(""IconDimZ"",48)",,"2ModuleWDProfile --> Wood Web Joist
1Material --> Wood --> Spruce-Pine-Fir-0RawMaterial-Spruce-Pine-Fir-0Color --> Wood --> Spruce-Pine-Fir-FFFFFF-Natural
0DimWD-3.5inW-9.5inD
0Profile-Wood Web Joist",1Material --> Glass and Transparent --> Air-0RawMaterial-Air-0Color --> Glass and Transparent --> Air-FFFFFF-Clear,0LayerPattern --> 1D-16-Inch O.C.,,,X,X,X,,,,,,
PRESET,,"3Layer1D --> Joist --> Wood Web Joist
2ModuleWDProfile --> Wood Web Joist
1Material --> Wood --> Spruce-Pine-Fir-0RawMaterial-Spruce-Pine-Fir-0Color --> Wood --> Spruce-Pine-Fir-FFFFFF-Natural
0DimWD-3.5inW-11.875inD
0Profile-Wood Web Joist
1Material --> Synthetic and Polymer --> Foam - Extruded Polystyrene-0RawMaterial-Foam (Extruded Polystyrene)-0Color --> Synthetic and Polymer --> Foam - Extruded Polystyrene-ECB9BE-Pink
0LayerPattern --> 1D-24-Inch O.C.",,3Layer1D --> Joist --> Wood Web Joist,,"3.5in x 11.875in, Wood Web Joist, Spruce-Pine-Fir, Natural, Foam (Extruded Polystyrene), Pink, 24-Inch O.C.","(""IconDimX"",64),(""IconDimZ"",48)",,"2ModuleWDProfile --> Wood Web Joist
1Material --> Wood --> Spruce-Pine-Fir-0RawMaterial-Spruce-Pine-Fir-0Color --> Wood --> Spruce-Pine-Fir-FFFFFF-Natural
0DimWD-3.5inW-11.875inD
0Profile-Wood Web Joist",1Material --> Synthetic and Polymer --> Foam - Extruded Polystyrene-0RawMaterial-Foam (Extruded Polystyrene)-0Color --> Synthetic and Polymer --> Foam - Extruded Polystyrene-ECB9BE-Pink,0LayerPattern --> 1D-24-Inch O.C.,,,X,X,X,,,,,,
PRESET,,"3Layer1D --> Joist --> Wood-Chord, Steel-Web Joist
2ModuleWDProfile --> Wood-Chord, Steel-Web Joist
1Material --> Metal --> Steel-0RawMaterial-Steel-0Color --> Metal --> Steel-FFFFFF-Untinted
0DimWD-3.5inW-9.5inD
0Profile-Wood-Chord Steel-Web Joist
1Material --> Glass and Transparent --> Air-0RawMaterial-Air-0Color --> Glass and Transparent --> Air-FFFFFF-Clear
0LayerPattern --> 1D-24-Inch O.C.",,"3Layer1D --> Joist --> Wood-Chord, Steel-Web Joist",,"3.5in x 9.5in, Wood-Chord, Steel-Web Joist, Steel, Untinted, Air, Clear, 24-Inch O.C.","(""IconDimX"",64),(""IconDimZ"",48)",,"2ModuleWDProfile --> Wood-Chord, Steel-Web Joist
1Material --> Metal --> Steel-0RawMaterial-Steel-0Color --> Metal --> Steel-FFFFFF-Untinted
0DimWD-3.5inW-9.5inD
0Profile-Wood-Chord Steel-Web Joist",1Material --> Glass and Transparent --> Air-0RawMaterial-Air-0Color --> Glass and Transparent --> Air-FFFFFF-Clear,0LayerPattern --> 1D-24-Inch O.C.,,,X,X,X,,,,,,
PRESET,,"3Layer1D --> Joist --> Wood-Chord, Steel-Web Joist
2ModuleWDProfile --> Wood-Chord, Steel-Web Joist
1Material --> Metal --> Steel-0RawMaterial-Steel-0Color --> Metal --> Steel-FFFFFF-Untinted
0DimWD-3.5inW-11.875inD
0Profile-Wood-Chord Steel-Web Joist
1Material --> Synthetic and Polymer --> Foam - Extruded Polystyrene-0RawMaterial-Foam (Extruded Polystyrene)-0Color --> Synthetic and Polymer --> Foam - Extruded Polystyrene-ECB9BE-Pink
0LayerPattern --> 1D-24-Inch O.C.",,"3Layer1D --> Joist --> Wood-Chord, Steel-Web Joist",,"3.5in x 11.875in, Wood-Chord, Steel-Web Joist, Steel, Untinted, Foam (Extruded Polystyrene), Pink, 24-Inch O.C.","(""IconDimX"",64),(""IconDimZ"",48)",,"2ModuleWDProfile --> Wood-Chord, Steel-Web Joist
1Material --> Metal --> Steel-0RawMaterial-Steel-0Color --> Metal --> Steel-FFFFFF-Untinted
0DimWD-3.5inW-11.875inD
0Profile-Wood-Chord Steel-Web Joist",1Material --> Synthetic and Polymer --> Foam - Extruded Polystyrene-0RawMaterial-Foam (Extruded Polystyrene)-0Color --> Synthetic and Polymer --> Foam - Extruded Polystyrene-ECB9BE-Pink,0LayerPattern --> 1D-24-Inch O.C.,,,X,X,X,,,,,,
PRESET,,"3Layer1D --> Joist --> Steel C-Joist
2ModuleWDProfile --> Steel C-Channel
1Material --> Metal --> Steel-0RawMaterial-Steel-0Color --> Metal --> Steel-FFFFFF-Untinted
0DimWD-1.625inW-1.625inD
0Profile-Steel C-Stud
1Material --> Glass and Transparent --> Air-0RawMaterial-Air-0Color --> Glass and Transparent --> Air-FFFFFF-Clear
0LayerPattern --> 1D-24-Inch O.C.",,3Layer1D --> Joist --> Steel C-Joist,,"1.625in x 1.625in, Steel C-Channel, Steel, Untinted, Air, Clear, 24-Inch O.C.","(""IconDimX"",64),(""IconDimZ"",48)",,"2ModuleWDProfile --> Steel C-Channel
1Material --> Metal --> Steel-0RawMaterial-Steel-0Color --> Metal --> Steel-FFFFFF-Untinted
0DimWD-1.625inW-1.625inD
0Profile-Steel C-Stud",1Material --> Glass and Transparent --> Air-0RawMaterial-Air-0Color --> Glass and Transparent --> Air-FFFFFF-Clear,0LayerPattern --> 1D-24-Inch O.C.,,,X,X,X,,,,,,
PRESET,,"3Layer1D --> Joist --> Steel C-Joist
2ModuleWDProfile --> Steel C-Channel
1Material --> Metal --> Steel-0RawMaterial-Steel-0Color --> Metal --> Steel-FFFFFF-Untinted
0DimWD-1.625inW-2inD
0Profile-Steel C-Stud
1Material --> Synthetic and Polymer --> Foam - Extruded Polystyrene-0RawMaterial-Foam (Extruded Polystyrene)-0Color --> Synthetic and Polymer --> Foam - Extruded Polystyrene-ECB9BE-Pink
0LayerPattern --> 1D-24-Inch O.C.",,3Layer1D --> Joist --> Steel C-Joist,,"1.625in x 2in, Steel C-Channel, Steel, Untinted, Foam (Extruded Polystyrene), Pink, 24-Inch O.C.","(""IconDimX"",64),(""IconDimZ"",48)",,"2ModuleWDProfile --> Steel C-Channel
1Material --> Metal --> Steel-0RawMaterial-Steel-0Color --> Metal --> Steel-FFFFFF-Untinted
0DimWD-1.625inW-2inD
0Profile-Steel C-Stud",1Material --> Synthetic and Polymer --> Foam - Extruded Polystyrene-0RawMaterial-Foam (Extruded Polystyrene)-0Color --> Synthetic and Polymer --> Foam - Extruded Polystyrene-ECB9BE-Pink,0LayerPattern --> 1D-24-Inch O.C.,,,X,X,X,,,,,,
PRESET,,"3Layer1D --> Joist --> Steel C-Joist
2ModuleWDProfile --> Steel C-Channel
1Material --> Metal --> Steel-0RawMaterial-Steel-0Color --> Metal --> Steel-FFFFFF-Untinted
0DimWD-1.625inW-2.5inD
0Profile-Steel C-Stud
1Material --> Synthetic and Polymer --> Foam - Extruded Polystyrene-0RawMaterial-Foam (Extruded Polystyrene)-0Color --> Synthetic and Polymer --> Foam - Extruded Polystyrene-ECB9BE-Pink
0LayerPattern --> 1D-24-Inch O.C.",,3Layer1D --> Joist --> Steel C-Joist,,"1.625in x 2.5in, Steel C-Channel, Steel, Untinted, Foam (Extruded Polystyrene), Pink, 24-Inch O.C.","(""IconDimX"",64),(""IconDimZ"",48)",,"2ModuleWDProfile --> Steel C-Channel
1Material --> Metal --> Steel-0RawMaterial-Steel-0Color --> Metal --> Steel-FFFFFF-Untinted
0DimWD-1.625inW-2.5inD
0Profile-Steel C-Stud",1Material --> Synthetic and Polymer --> Foam - Extruded Polystyrene-0RawMaterial-Foam (Extruded Polystyrene)-0Color --> Synthetic and Polymer --> Foam - Extruded Polystyrene-ECB9BE-Pink,0LayerPattern --> 1D-24-Inch O.C.,,,X,X,X,,,,,,
PRESET,,"3Layer1D --> Joist --> Steel C-Joist
2ModuleWDProfile --> Steel C-Channel
1Material --> Metal --> Steel-0RawMaterial-Steel-0Color --> Metal --> Steel-FFFFFF-Untinted
0DimWD-1.625inW-3inD
0Profile-Steel C-Stud
1Material --> Synthetic and Polymer --> Foam - Extruded Polystyrene-0RawMaterial-Foam (Extruded Polystyrene)-0Color --> Synthetic and Polymer --> Foam - Extruded Polystyrene-ECB9BE-Pink
0LayerPattern --> 1D-24-Inch O.C.",,3Layer1D --> Joist --> Steel C-Joist,,"1.625in x 3in, Steel C-Channel, Steel, Untinted, Foam (Extruded Polystyrene), Pink, 24-Inch O.C.","(""IconDimX"",64),(""IconDimZ"",48)",,"2ModuleWDProfile --> Steel C-Channel
1Material --> Metal --> Steel-0RawMaterial-Steel-0Color --> Metal --> Steel-FFFFFF-Untinted
0DimWD-1.625inW-3inD
0Profile-Steel C-Stud",1Material --> Synthetic and Polymer --> Foam - Extruded Polystyrene-0RawMaterial-Foam (Extruded Polystyrene)-0Color --> Synthetic and Polymer --> Foam - Extruded Polystyrene-ECB9BE-Pink,0LayerPattern --> 1D-24-Inch O.C.,,,X,X,X,,,,,,
PRESET,,"3Layer1D --> Joist --> Steel C-Joist
2ModuleWDProfile --> Steel C-Channel
1Material --> Metal --> Steel-0RawMaterial-Steel-0Color --> Metal --> Steel-FFFFFF-Untinted
0DimWD-1.625inW-3.5inD
0Profile-Steel C-Stud
1Material --> Synthetic and Polymer --> Foam - Extruded Polystyrene-0RawMaterial-Foam (Extruded Polystyrene)-0Color --> Synthetic and Polymer --> Foam - Extruded Polystyrene-ECB9BE-Pink
0LayerPattern --> 1D-24-Inch O.C.",,3Layer1D --> Joist --> Steel C-Joist,,"1.625in x 3.5in, Steel C-Channel, Steel, Untinted, Foam (Extruded Polystyrene), Pink, 24-Inch O.C.","(""IconDimX"",64),(""IconDimZ"",48)",,"2ModuleWDProfile --> Steel C-Channel
1Material --> Metal --> Steel-0RawMaterial-Steel-0Color --> Metal --> Steel-FFFFFF-Untinted
0DimWD-1.625inW-3.5inD
0Profile-Steel C-Stud",1Material --> Synthetic and Polymer --> Foam - Extruded Polystyrene-0RawMaterial-Foam (Extruded Polystyrene)-0Color --> Synthetic and Polymer --> Foam - Extruded Polystyrene-ECB9BE-Pink,0LayerPattern --> 1D-24-Inch O.C.,,,X,X,X,,,,,,
PRESET,,"3Layer1D --> Joist --> Steel C-Joist
2ModuleWDProfile --> Steel C-Channel
1Material --> Metal --> Steel-0RawMaterial-Steel-0Color --> Metal --> Steel-FFFFFF-Untinted
0DimWD-1.625inW-3.625inD
0Profile-Steel C-Stud
1Material --> Synthetic and Polymer --> Foam - Extruded Polystyrene-0RawMaterial-Foam (Extruded Polystyrene)-0Color --> Synthetic and Polymer --> Foam - Extruded Polystyrene-ECB9BE-Pink
0LayerPattern --> 1D-24-Inch O.C.",,3Layer1D --> Joist --> Steel C-Joist,,"1.625in x 3.625in, Steel C-Channel, Steel, Untinted, Foam (Extruded Polystyrene), Pink, 24-Inch O.C.","(""IconDimX"",64),(""IconDimZ"",48)",,"2ModuleWDProfile --> Steel C-Channel
1Material --> Metal --> Steel-0RawMaterial-Steel-0Color --> Metal --> Steel-FFFFFF-Untinted
0DimWD-1.625inW-3.625inD
0Profile-Steel C-Stud",1Material --> Synthetic and Polymer --> Foam - Extruded Polystyrene-0RawMaterial-Foam (Extruded Polystyrene)-0Color --> Synthetic and Polymer --> Foam - Extruded Polystyrene-ECB9BE-Pink,0LayerPattern --> 1D-24-Inch O.C.,,,X,X,X,,,,,,
PRESET,,"3Layer1D --> Joist --> Steel C-Joist
2ModuleWDProfile --> Steel C-Channel
1Material --> Metal --> Steel-0RawMaterial-Steel-0Color --> Metal --> Steel-FFFFFF-Untinted
0DimWD-1.625inW-4inD
0Profile-Steel C-Stud
1Material --> Synthetic and Polymer --> Foam - Extruded Polystyrene-0RawMaterial-Foam (Extruded Polystyrene)-0Color --> Synthetic and Polymer --> Foam - Extruded Polystyrene-ECB9BE-Pink
0LayerPattern --> 1D-24-Inch O.C.",,3Layer1D --> Joist --> Steel C-Joist,,"1.625in x 4in, Steel C-Channel, Steel, Untinted, Foam (Extruded Polystyrene), Pink, 24-Inch O.C.","(""IconDimX"",64),(""IconDimZ"",48)",,"2ModuleWDProfile --> Steel C-Channel
1Material --> Metal --> Steel-0RawMaterial-Steel-0Color --> Metal --> Steel-FFFFFF-Untinted
0DimWD-1.625inW-4inD
0Profile-Steel C-Stud",1Material --> Synthetic and Polymer --> Foam - Extruded Polystyrene-0RawMaterial-Foam (Extruded Polystyrene)-0Color --> Synthetic and Polymer --> Foam - Extruded Polystyrene-ECB9BE-Pink,0LayerPattern --> 1D-24-Inch O.C.,,,X,X,X,,,,,,
PRESET,,"3Layer1D --> Joist --> Steel C-Joist
2ModuleWDProfile --> Steel C-Channel
1Material --> Metal --> Steel-0RawMaterial-Steel-0Color --> Metal --> Steel-FFFFFF-Untinted
0DimWD-1.625inW-5.5inD
0Profile-Steel C-Stud
1Material --> Synthetic and Polymer --> Foam - Extruded Polystyrene-0RawMaterial-Foam (Extruded Polystyrene)-0Color --> Synthetic and Polymer --> Foam - Extruded Polystyrene-ECB9BE-Pink
0LayerPattern --> 1D-24-Inch O.C.",,3Layer1D --> Joist --> Steel C-Joist,,"1.625in x 5.5in, Steel C-Channel, Steel, Untinted, Foam (Extruded Polystyrene), Pink, 24-Inch O.C.","(""IconDimX"",64),(""IconDimZ"",48)",,"2ModuleWDProfile --> Steel C-Channel
1Material --> Metal --> Steel-0RawMaterial-Steel-0Color --> Metal --> Steel-FFFFFF-Untinted
0DimWD-1.625inW-5.5inD
0Profile-Steel C-Stud",1Material --> Synthetic and Polymer --> Foam - Extruded Polystyrene-0RawMaterial-Foam (Extruded Polystyrene)-0Color --> Synthetic and Polymer --> Foam - Extruded Polystyrene-ECB9BE-Pink,0LayerPattern --> 1D-24-Inch O.C.,,,X,X,X,,,,,,
PRESET,,"3Layer1D --> Joist --> Steel C-Joist
2ModuleWDProfile --> Steel C-Channel
1Material --> Metal --> Steel-0RawMaterial-Steel-0Color --> Metal --> Steel-FFFFFF-Untinted
0DimWD-1.625inW-6inD
0Profile-Steel C-Stud
1Material --> Synthetic and Polymer --> Foam - Extruded Polystyrene-0RawMaterial-Foam (Extruded Polystyrene)-0Color --> Synthetic and Polymer --> Foam - Extruded Polystyrene-ECB9BE-Pink
0LayerPattern --> 1D-24-Inch O.C.",,3Layer1D --> Joist --> Steel C-Joist,,"1.625in x 6in, Steel C-Channel, Steel, Untinted, Foam (Extruded Polystyrene), Pink, 24-Inch O.C.","(""IconDimX"",64),(""IconDimZ"",48)",,"2ModuleWDProfile --> Steel C-Channel
1Material --> Metal --> Steel-0RawMaterial-Steel-0Color --> Metal --> Steel-FFFFFF-Untinted
0DimWD-1.625inW-6inD
0Profile-Steel C-Stud",1Material --> Synthetic and Polymer --> Foam - Extruded Polystyrene-0RawMaterial-Foam (Extruded Polystyrene)-0Color --> Synthetic and Polymer --> Foam - Extruded Polystyrene-ECB9BE-Pink,0LayerPattern --> 1D-24-Inch O.C.,,,X,X,X,,,,,,
PRESET,,"3Layer1D --> Joist --> Steel Web Joist
2ModuleWDProfile --> Steel Web Joist
1Material --> Metal --> Steel-0RawMaterial-Steel-0Color --> Metal --> Steel-FFFFFF-Untinted
0DimWD-3.5inW-9.5inD
0Profile-Steel Web Joist
1Material --> Glass and Transparent --> Air-0RawMaterial-Air-0Color --> Glass and Transparent --> Air-FFFFFF-Clear
0LayerPattern --> 1D-16-Inch O.C.",,3Layer1D --> Joist --> Steel Web Joist,,"3.5in x 9.5in, Steel Web Joist, Steel, Untinted, Air, Clear, 16-Inch O.C.","(""IconDimX"",64),(""IconDimZ"",48)",,"2ModuleWDProfile --> Steel Web Joist
1Material --> Metal --> Steel-0RawMaterial-Steel-0Color --> Metal --> Steel-FFFFFF-Untinted
0DimWD-3.5inW-9.5inD
0Profile-Steel Web Joist",1Material --> Glass and Transparent --> Air-0RawMaterial-Air-0Color --> Glass and Transparent --> Air-FFFFFF-Clear,0LayerPattern --> 1D-16-Inch O.C.,,,X,X,X,,,,,,
PRESET,,"3Layer1D --> Joist --> Steel Web Joist
2ModuleWDProfile --> Steel Web Joist
1Material --> Metal --> Steel-0RawMaterial-Steel-0Color --> Metal --> Steel-FFFFFF-Untinted
0DimWD-3.5inW-9.5inD
0Profile-Steel Web Joist
1Material --> Synthetic and Polymer --> Foam - Extruded Polystyrene-0RawMaterial-Foam (Extruded Polystyrene)-0Color --> Synthetic and Polymer --> Foam - Extruded Polystyrene-ECB9BE-Pink
0LayerPattern --> 1D-24-Inch O.C.",,3Layer1D --> Joist --> Steel Web Joist,,"3.5in x 9.5in, Steel Web Joist, Steel, Untinted, Foam (Extruded Polystyrene), Pink, 24-Inch O.C.","(""IconDimX"",64),(""IconDimZ"",48)",,"2ModuleWDProfile --> Steel Web Joist
1Material --> Metal --> Steel-0RawMaterial-Steel-0Color --> Metal --> Steel-FFFFFF-Untinted
0DimWD-3.5inW-9.5inD
0Profile-Steel Web Joist",1Material --> Synthetic and Polymer --> Foam - Extruded Polystyrene-0RawMaterial-Foam (Extruded Polystyrene)-0Color --> Synthetic and Polymer --> Foam - Extruded Polystyrene-ECB9BE-Pink,0LayerPattern --> 1D-24-Inch O.C.,,,X,X,X,,,,,,
PRESET,,"3Layer1D --> Joist --> Steel Web Joist
2ModuleWDProfile --> Steel Web Joist
1Material --> Metal --> Steel-0RawMaterial-Steel-0Color --> Metal --> Steel-FFFFFF-Untinted
0DimWD-3.5inW-11.875inD
0Profile-Steel Web Joist
1Material --> Synthetic and Polymer --> Foam - Extruded Polystyrene-0RawMaterial-Foam (Extruded Polystyrene)-0Color --> Synthetic and Polymer --> Foam - Extruded Polystyrene-ECB9BE-Pink
0LayerPattern --> 1D-24-Inch O.C.",,3Layer1D --> Joist --> Steel Web Joist,,"3.5in x 11.875in, Steel Web Joist, Steel, Untinted, Foam (Extruded Polystyrene), Pink, 24-Inch O.C.","(""IconDimX"",64),(""IconDimZ"",48)",,"2ModuleWDProfile --> Steel Web Joist
1Material --> Metal --> Steel-0RawMaterial-Steel-0Color --> Metal --> Steel-FFFFFF-Untinted
0DimWD-3.5inW-11.875inD
0Profile-Steel Web Joist",1Material --> Synthetic and Polymer --> Foam - Extruded Polystyrene-0RawMaterial-Foam (Extruded Polystyrene)-0Color --> Synthetic and Polymer --> Foam - Extruded Polystyrene-ECB9BE-Pink,0LayerPattern --> 1D-24-Inch O.C.,,,X,X,X,,,,,,
PRESET,,"3Layer1D --> Stud --> Wood
2ModuleWDProfile --> Wood Lumber
1Material --> Wood --> Spruce-Pine-Fir-0RawMaterial-Spruce-Pine-Fir-0Color --> Wood --> Spruce-Pine-Fir-FFFFFF-Natural
0DimWD-1.5inW-3.5inD
0Profile-Solid Rectangle
1Material --> Glass and Transparent --> Air-0RawMaterial-Air-0Color --> Glass and Transparent --> Air-FFFFFF-Clear
0LayerPattern --> 1D-16-Inch O.C.",,3Layer1D --> Stud --> Wood,,"2x4, Wood Lumber, Spruce-Pine-Fir, Natural, Air, Clear, 16-Inch O.C.","(""IconDimX"",64),(""IconDimZ"",48)",,"2ModuleWDProfile --> Wood Lumber
1Material --> Wood --> Spruce-Pine-Fir-0RawMaterial-Spruce-Pine-Fir-0Color --> Wood --> Spruce-Pine-Fir-FFFFFF-Natural
0DimWD-1.5inW-3.5inD
0Profile-Solid Rectangle",1Material --> Glass and Transparent --> Air-0RawMaterial-Air-0Color --> Glass and Transparent --> Air-FFFFFF-Clear,0LayerPattern --> 1D-16-Inch O.C.,,X,,,,,,,,,
PRESET,,"3Layer1D --> Stud --> Wood
2ModuleWDProfile --> Wood Lumber
1Material --> Wood --> Spruce-Pine-Fir-0RawMaterial-Spruce-Pine-Fir-0Color --> Wood --> Spruce-Pine-Fir-FFFFFF-Natural
0DimWD-1.5inW-3.5inD
0Profile-Solid Rectangle
1Material --> Synthetic and Polymer --> Foam - Extruded Polystyrene-0RawMaterial-Foam (Extruded Polystyrene)-0Color --> Synthetic and Polymer --> Foam - Extruded Polystyrene-ECB9BE-Pink
0LayerPattern --> 1D-24-Inch O.C.",,3Layer1D --> Stud --> Wood,,"2x4, Wood Lumber, Spruce-Pine-Fir, Natural, Foam (Extruded Polystyrene), Pink, 24-Inch O.C.","(""IconDimX"",64),(""IconDimZ"",48)",,"2ModuleWDProfile --> Wood Lumber
1Material --> Wood --> Spruce-Pine-Fir-0RawMaterial-Spruce-Pine-Fir-0Color --> Wood --> Spruce-Pine-Fir-FFFFFF-Natural
0DimWD-1.5inW-3.5inD
0Profile-Solid Rectangle",1Material --> Synthetic and Polymer --> Foam - Extruded Polystyrene-0RawMaterial-Foam (Extruded Polystyrene)-0Color --> Synthetic and Polymer --> Foam - Extruded Polystyrene-ECB9BE-Pink,0LayerPattern --> 1D-24-Inch O.C.,,X,,,,,,,,,
PRESET,,"3Layer1D --> Stud --> Wood
2ModuleWDProfile --> Wood Lumber
1Material --> Wood --> Spruce-Pine-Fir-0RawMaterial-Spruce-Pine-Fir-0Color --> Wood --> Spruce-Pine-Fir-FFFFFF-Natural
0DimWD-1.5inW-5.5inD
0Profile-Solid Rectangle
1Material --> Glass and Transparent --> Air-0RawMaterial-Air-0Color --> Glass and Transparent --> Air-FFFFFF-Clear
0LayerPattern --> 1D-16-Inch O.C.",,3Layer1D --> Stud --> Wood,,"2x6, Wood Lumber, Spruce-Pine-Fir, Natural, Air, Clear, 16-Inch O.C.","(""IconDimX"",64),(""IconDimZ"",48)",,"2ModuleWDProfile --> Wood Lumber
1Material --> Wood --> Spruce-Pine-Fir-0RawMaterial-Spruce-Pine-Fir-0Color --> Wood --> Spruce-Pine-Fir-FFFFFF-Natural
0DimWD-1.5inW-5.5inD
0Profile-Solid Rectangle",1Material --> Glass and Transparent --> Air-0RawMaterial-Air-0Color --> Glass and Transparent --> Air-FFFFFF-Clear,0LayerPattern --> 1D-16-Inch O.C.,,X,,,,,,,,,
PRESET,,"3Layer1D --> Stud --> Wood
2ModuleWDProfile --> Wood Lumber
1Material --> Wood --> Spruce-Pine-Fir-0RawMaterial-Spruce-Pine-Fir-0Color --> Wood --> Spruce-Pine-Fir-FFFFFF-Natural
0DimWD-1.5inW-5.5inD
0Profile-Solid Rectangle
1Material --> Synthetic and Polymer --> Foam - Extruded Polystyrene-0RawMaterial-Foam (Extruded Polystyrene)-0Color --> Synthetic and Polymer --> Foam - Extruded Polystyrene-ECB9BE-Pink
0LayerPattern --> 1D-24-Inch O.C.",,3Layer1D --> Stud --> Wood,,"2x6, Wood Lumber, Spruce-Pine-Fir, Natural, Foam (Extruded Polystyrene), Pink, 24-Inch O.C.","(""IconDimX"",64),(""IconDimZ"",48)",,"2ModuleWDProfile --> Wood Lumber
1Material --> Wood --> Spruce-Pine-Fir-0RawMaterial-Spruce-Pine-Fir-0Color --> Wood --> Spruce-Pine-Fir-FFFFFF-Natural
0DimWD-1.5inW-5.5inD
0Profile-Solid Rectangle",1Material --> Synthetic and Polymer --> Foam - Extruded Polystyrene-0RawMaterial-Foam (Extruded Polystyrene)-0Color --> Synthetic and Polymer --> Foam - Extruded Polystyrene-ECB9BE-Pink,0LayerPattern --> 1D-24-Inch O.C.,,X,,,,,,,,,
PRESET,,"3Layer1D --> Stud --> Steel C-Channel
2ModuleWDProfile --> Steel C-Channel
1Material --> Metal --> Steel-0RawMaterial-Steel-0Color --> Metal --> Steel-FFFFFF-Untinted
0DimWD-1.625inW-1.625inD
0Profile-Steel C-Stud
1Material --> Glass and Transparent --> Air-0RawMaterial-Air-0Color --> Glass and Transparent --> Air-FFFFFF-Clear
0LayerPattern --> 1D-16-Inch O.C.",,3Layer1D --> Stud --> Steel C-Channel,,"1.625in x 1.625in, Steel C-Channel, Steel, Untinted, Air, Clear, 16-Inch O.C.","(""IconDimX"",64),(""IconDimZ"",48)",,"2ModuleWDProfile --> Steel C-Channel
1Material --> Metal --> Steel-0RawMaterial-Steel-0Color --> Metal --> Steel-FFFFFF-Untinted
0DimWD-1.625inW-1.625inD
0Profile-Steel C-Stud",1Material --> Glass and Transparent --> Air-0RawMaterial-Air-0Color --> Glass and Transparent --> Air-FFFFFF-Clear,0LayerPattern --> 1D-16-Inch O.C.,,X,,,,,,,,,
PRESET,,"3Layer1D --> Stud --> Steel C-Channel
2ModuleWDProfile --> Steel C-Channel
1Material --> Metal --> Steel-0RawMaterial-Steel-0Color --> Metal --> Steel-FFFFFF-Untinted
0DimWD-1.625inW-2inD
0Profile-Steel C-Stud
1Material --> Synthetic and Polymer --> Foam - Extruded Polystyrene-0RawMaterial-Foam (Extruded Polystyrene)-0Color --> Synthetic and Polymer --> Foam - Extruded Polystyrene-ECB9BE-Pink
0LayerPattern --> 1D-24-Inch O.C.",,3Layer1D --> Stud --> Steel C-Channel,,"1.625in x 2in, Steel C-Channel, Steel, Untinted, Foam (Extruded Polystyrene), Pink, 24-Inch O.C.","(""IconDimX"",64),(""IconDimZ"",48)",,"2ModuleWDProfile --> Steel C-Channel
1Material --> Metal --> Steel-0RawMaterial-Steel-0Color --> Metal --> Steel-FFFFFF-Untinted
0DimWD-1.625inW-2inD
0Profile-Steel C-Stud",1Material --> Synthetic and Polymer --> Foam - Extruded Polystyrene-0RawMaterial-Foam (Extruded Polystyrene)-0Color --> Synthetic and Polymer --> Foam - Extruded Polystyrene-ECB9BE-Pink,0LayerPattern --> 1D-24-Inch O.C.,,X,,,,,,,,,
PRESET,,"3Layer1D --> Stud --> Steel C-Channel
2ModuleWDProfile --> Steel C-Channel
1Material --> Metal --> Steel-0RawMaterial-Steel-0Color --> Metal --> Steel-FFFFFF-Untinted
0DimWD-1.625inW-3.625inD
0Profile-Steel C-Stud
1Material --> Synthetic and Polymer --> Foam - Extruded Polystyrene-0RawMaterial-Foam (Extruded Polystyrene)-0Color --> Synthetic and Polymer --> Foam - Extruded Polystyrene-ECB9BE-Pink
0LayerPattern --> 1D-16-Inch O.C.",,3Layer1D --> Stud --> Steel C-Channel,,"1.625in x 3.625in, Steel C-Channel, Steel, Untinted, Foam (Extruded Polystyrene), Pink, 16-Inch O.C.","(""IconDimX"",64),(""IconDimZ"",48)",,"2ModuleWDProfile --> Steel C-Channel
1Material --> Metal --> Steel-0RawMaterial-Steel-0Color --> Metal --> Steel-FFFFFF-Untinted
0DimWD-1.625inW-3.625inD
0Profile-Steel C-Stud",1Material --> Synthetic and Polymer --> Foam - Extruded Polystyrene-0RawMaterial-Foam (Extruded Polystyrene)-0Color --> Synthetic and Polymer --> Foam - Extruded Polystyrene-ECB9BE-Pink,0LayerPattern --> 1D-16-Inch O.C.,,X,,,,,,,,,
PRESET,,"3Layer1D --> Stud --> Steel C-H Channel
2ModuleWDProfile --> Steel C-H Channel
1Material --> Metal --> Steel-0RawMaterial-Steel-0Color --> Metal --> Steel-FFFFFF-Untinted
0DimWD-1.5inW-2.5inD
0Profile-Steel C-H Stud
1Material --> Glass and Transparent --> Air-0RawMaterial-Air-0Color --> Glass and Transparent --> Air-FFFFFF-Clear
0LayerPattern --> 1D-16-Inch O.C.",,3Layer1D --> Stud --> Steel C-H Channel,,"1.5in x 2.5in, Steel C-H Channel, Steel, Untinted, Air, Clear, 16-Inch O.C.","(""IconDimX"",64),(""IconDimZ"",48)",,"2ModuleWDProfile --> Steel C-H Channel
1Material --> Metal --> Steel-0RawMaterial-Steel-0Color --> Metal --> Steel-FFFFFF-Untinted
0DimWD-1.5inW-2.5inD
0Profile-Steel C-H Stud",1Material --> Glass and Transparent --> Air-0RawMaterial-Air-0Color --> Glass and Transparent --> Air-FFFFFF-Clear,0LayerPattern --> 1D-16-Inch O.C.,,X,,,,,,,,,
PRESET,,"3Layer1D --> Stud --> Steel C-H Channel
2ModuleWDProfile --> Steel C-H Channel
1Material --> Metal --> Steel-0RawMaterial-Steel-0Color --> Metal --> Steel-FFFFFF-Untinted
0DimWD-1.5inW-4inD
0Profile-Steel C-H Stud
1Material --> Synthetic and Polymer --> Foam - Extruded Polystyrene-0RawMaterial-Foam (Extruded Polystyrene)-0Color --> Synthetic and Polymer --> Foam - Extruded Polystyrene-ECB9BE-Pink
0LayerPattern --> 1D-24-Inch O.C.",,3Layer1D --> Stud --> Steel C-H Channel,,"1.5in x 4in, Steel C-H Channel, Steel, Untinted, Foam (Extruded Polystyrene), Pink, 24-Inch O.C.","(""IconDimX"",64),(""IconDimZ"",48)",,"2ModuleWDProfile --> Steel C-H Channel
1Material --> Metal --> Steel-0RawMaterial-Steel-0Color --> Metal --> Steel-FFFFFF-Untinted
0DimWD-1.5inW-4inD
0Profile-Steel C-H Stud",1Material --> Synthetic and Polymer --> Foam - Extruded Polystyrene-0RawMaterial-Foam (Extruded Polystyrene)-0Color --> Synthetic and Polymer --> Foam - Extruded Polystyrene-ECB9BE-Pink,0LayerPattern --> 1D-24-Inch O.C.,,X,,,,,,,,,
